{
  "type": "FeatureCollection",
  "features": [
    {
      "type": "Feature",
      "geometry": null,
      "properties": {
        "jobName": "Midtown Manhattan",
        "creationTime": "2026-04-22T00:49:13.831001327Z",
        "userPreference": {
          "distanceUnit": "MILES",
          "includedSpeedLimits": "ALL"
        },
        "dateRanges": [
          {
            "@id": 1,
            "name": "August 7 2024",
            "from": "2024-08-07",
            "to": "2024-08-07",
            "exclusions": [],
            "excludedDaysOfWeek": []
          }
        ],
        "timeSets": [
          {
            "@id": 2,
            "name": "Wednesday morning",
            "dayToTimeRanges": [
              { "dayOfWeek": "WEDNESDAY", "timeRanges": ["10:00-12:00"] }
            ]
          }
        ],
        "networkName": "midtown_manhattan",
        "zoneId": "America/New_York",
        "probeSource": "ALL",
        "mapsVersions": [
          "CanadaAndUSANorth_nam2023.12.000-22.292-1 DSEG_NOSPLIT"
        ]
      }
    },
    {
      "type": "Feature",
      "geometry": {
        "type": "LineString",
        "coordinates": [
          [-73.98621, 40.76724],
          [-73.98479, 40.76666],
          [-73.98336, 40.76604]
        ]
      },
      "properties": {
        "segmentId": -368400000884905,
        "newSegmentId": "-0000554e-3200-0400-0000-00000040ee30",
        "speedLimit": 25,
        "frc": 7,
        "streetName": "W 56th St",
        "distance": 902.23,
        "segmentTimeResults": [
          {
            "timeSet": 2,
            "dateRange": 1,
            "harmonicAverageSpeed": 4.85,
            "medianSpeed": 5.84,
            "averageSpeed": 7.58,
            "standardDeviationSpeed": 5.28,
            "travelTimeStandardDeviation": 80.65,
            "sampleSize": 207,
            "normalizedSampleSize": 0.091,
            "averageTravelTime": 126.74,
            "medianTravelTime": 105.32,
            "travelTimeRatio": 1.0,
            "speedPercentiles": [
              2, 2, 3, 3, 3, 4, 5, 5, 6, 6, 6, 6, 7, 9, 11, 14, 14, 16, 17
            ]
          }
        ]
      }
    },
    {
      "type": "Feature",
      "geometry": {
        "type": "LineString",
        "coordinates": [
          [-73.98336, 40.76604],
          [-73.9821, 40.76552],
          [-73.98198, 40.76546]
        ]
      },
      "properties": {
        "segmentId": -368400000832909,
        "newSegmentId": "-0000554e-3200-0400-0000-00000040ee3f",
        "speedLimit": 25,
        "frc": 6,
        "streetName": "W 56th St",
        "distance": 436.42,
        "segmentTimeResults": [
          {
            "timeSet": 2,
            "dateRange": 1,
            "harmonicAverageSpeed": 3.79,
            "medianSpeed": 3.98,
            "averageSpeed": 5.41,
            "standardDeviationSpeed": 3.48,
            "travelTimeStandardDeviation": 47.28,
            "sampleSize": 234,
            "normalizedSampleSize": 0.1029,
            "averageTravelTime": 78.17,
            "medianTravelTime": 74.82,
            "travelTimeRatio": 1.0,
            "speedPercentiles": [
              2, 2, 3, 3, 3, 3, 3, 4, 4, 4, 4, 5, 5, 6, 7, 7, 9, 11, 13
            ]
          }
        ]
      }
    },
    {
      "type": "Feature",
      "geometry": {
        "type": "LineString",
        "coordinates": [
          [-73.97299, 40.76429],
          [-73.97304, 40.76422]
        ]
      },
      "properties": {
        "segmentId": -368400001268247,
        "newSegmentId": "-0000554e-3200-0400-0000-00000040ee5e",
        "speedLimit": 25,
        "frc": 5,
        "streetName": "5th Ave",
        "distance": 28.38,
        "segmentTimeResults": [
          {
            "timeSet": 2,
            "dateRange": 1,
            "harmonicAverageSpeed": 10.75,
            "medianSpeed": 14.91,
            "averageSpeed": 15.04,
            "standardDeviationSpeed": 6.84,
            "travelTimeStandardDeviation": 1.9,
            "sampleSize": 1037,
            "normalizedSampleSize": 0.456,
            "averageTravelTime": 1.8,
            "medianTravelTime": 1.3,
            "travelTimeRatio": 1.0,
            "speedPercentiles": [
              4, 6, 8, 9, 11, 11, 12, 13, 14, 15, 16, 17, 17, 19, 19, 21, 22,
              23, 26
            ]
          }
        ]
      }
    },
    {
      "type": "Feature",
      "geometry": {
        "type": "LineString",
        "coordinates": [
          [-73.98285, 40.76336],
          [-73.98322, 40.7627]
        ]
      },
      "properties": {
        "segmentId": -368400001086551,
        "newSegmentId": "-0000554e-3200-0400-0000-00000040ee8d",
        "speedLimit": 25,
        "frc": 5,
        "streetName": "Broadway",
        "distance": 261.52,
        "segmentTimeResults": [
          {
            "timeSet": 2,
            "dateRange": 1,
            "harmonicAverageSpeed": 6.52,
            "medianSpeed": 8.7,
            "averageSpeed": 11.25,
            "standardDeviationSpeed": 7.46,
            "travelTimeStandardDeviation": 25.67,
            "sampleSize": 522,
            "normalizedSampleSize": 0.2296,
            "averageTravelTime": 27.43,
            "medianTravelTime": 20.5,
            "travelTimeRatio": 1.0,
            "speedPercentiles": [
              2, 3, 4, 5, 6, 6, 7, 7, 9, 9, 11, 12, 12, 15, 17, 18, 18, 20, 25
            ]
          }
        ]
      }
    },
    {
      "type": "Feature",
      "geometry": {
        "type": "LineString",
        "coordinates": [
          [-73.98189, 40.76297],
          [-73.98234, 40.76235]
        ]
      },
      "properties": {
        "segmentId": -368400001300718,
        "newSegmentId": "-0000554e-3200-0400-0000-00000040ee92",
        "speedLimit": 25,
        "frc": 4,
        "streetName": "7th Ave",
        "distance": 256.82,
        "segmentTimeResults": [
          {
            "timeSet": 2,
            "dateRange": 1,
            "harmonicAverageSpeed": 6.09,
            "medianSpeed": 11.81,
            "averageSpeed": 11.68,
            "standardDeviationSpeed": 6.96,
            "travelTimeStandardDeviation": 34.29,
            "sampleSize": 845,
            "normalizedSampleSize": 0.3716,
            "averageTravelTime": 28.67,
            "medianTravelTime": 14.83,
            "travelTimeRatio": 1.0,
            "speedPercentiles": [
              2, 3, 3, 4, 5, 7, 8, 10, 11, 12, 13, 14, 15, 16, 17, 17, 19, 21,
              23
            ]
          }
        ]
      }
    },
    {
      "type": "Feature",
      "geometry": {
        "type": "LineString",
        "coordinates": [
          [-73.98322, 40.7627],
          [-73.98234, 40.76235]
        ]
      },
      "properties": {
        "segmentId": -368400001159956,
        "newSegmentId": "-0000554e-3200-0400-0000-00000040ee93",
        "speedLimit": 25,
        "frc": 6,
        "streetName": "W 52nd St",
        "distance": 277.1,
        "segmentTimeResults": [
          {
            "timeSet": 2,
            "dateRange": 1,
            "harmonicAverageSpeed": 4.54,
            "medianSpeed": 6.09,
            "averageSpeed": 7.02,
            "standardDeviationSpeed": 5.1,
            "travelTimeStandardDeviation": 31.16,
            "sampleSize": 561,
            "normalizedSampleSize": 0.2467,
            "averageTravelTime": 41.48,
            "medianTravelTime": 31.03,
            "travelTimeRatio": 1.0,
            "speedPercentiles": [
              2, 2, 3, 3, 4, 4, 4, 5, 6, 6, 6, 7, 7, 8, 9, 10, 11, 13, 16
            ]
          }
        ]
      }
    },
    {
      "type": "Feature",
      "geometry": {
        "type": "LineString",
        "coordinates": [
          [-73.98322, 40.7627],
          [-73.98363, 40.76205]
        ]
      },
      "properties": {
        "segmentId": -368400000984564,
        "newSegmentId": "-0000554e-3200-0400-0000-00000040eea0",
        "speedLimit": 25,
        "frc": 5,
        "streetName": "Broadway",
        "distance": 263.39,
        "segmentTimeResults": [
          {
            "timeSet": 2,
            "dateRange": 1,
            "harmonicAverageSpeed": 5.1,
            "medianSpeed": 7.46,
            "averageSpeed": 10.0,
            "standardDeviationSpeed": 7.83,
            "travelTimeStandardDeviation": 29.67,
            "sampleSize": 282,
            "normalizedSampleSize": 0.124,
            "averageTravelTime": 35.38,
            "medianTravelTime": 24.08,
            "travelTimeRatio": 1.0,
            "speedPercentiles": [
              2, 2, 3, 3, 3, 4, 5, 6, 6, 7, 9, 11, 12, 14, 16, 17, 18, 19, 24
            ]
          }
        ]
      }
    },
    {
      "type": "Feature",
      "geometry": {
        "type": "LineString",
        "coordinates": [
          [-73.98611, 40.76228],
          [-73.98404, 40.76143]
        ]
      },
      "properties": {
        "segmentId": -368400001151797,
        "newSegmentId": "-0000554e-3200-0400-0000-00000040eeae",
        "speedLimit": 25,
        "frc": 6,
        "streetName": "W 50th St",
        "distance": 651.48,
        "segmentTimeResults": [
          {
            "timeSet": 2,
            "dateRange": 1,
            "harmonicAverageSpeed": 3.42,
            "medianSpeed": 3.73,
            "averageSpeed": 5.72,
            "standardDeviationSpeed": 4.66,
            "travelTimeStandardDeviation": 79.82,
            "sampleSize": 276,
            "normalizedSampleSize": 0.1214,
            "averageTravelTime": 130.08,
            "medianTravelTime": 119.14,
            "travelTimeRatio": 1.0,
            "speedPercentiles": [
              2, 2, 2, 2, 2, 2, 3, 3, 4, 4, 4, 5, 5, 6, 8, 9, 11, 12, 17
            ]
          }
        ]
      }
    },
    {
      "type": "Feature",
      "geometry": {
        "type": "LineString",
        "coordinates": [
          [-73.9828, 40.76172],
          [-73.98325, 40.7611]
        ]
      },
      "properties": {
        "segmentId": -368400001436189,
        "newSegmentId": "-0000554e-3200-0400-0000-00000040eeb4",
        "speedLimit": 25,
        "frc": 4,
        "streetName": "7th Ave",
        "distance": 258.2,
        "segmentTimeResults": [
          {
            "timeSet": 2,
            "dateRange": 1,
            "harmonicAverageSpeed": 5.28,
            "medianSpeed": 8.08,
            "averageSpeed": 9.51,
            "standardDeviationSpeed": 6.28,
            "travelTimeStandardDeviation": 32.63,
            "sampleSize": 1084,
            "normalizedSampleSize": 0.4767,
            "averageTravelTime": 33.28,
            "medianTravelTime": 21.79,
            "travelTimeRatio": 1.0,
            "speedPercentiles": [
              2, 2, 3, 4, 4, 5, 6, 7, 7, 8, 9, 11, 11, 12, 14, 16, 17, 18, 21
            ]
          }
        ]
      }
    },
    {
      "type": "Feature",
      "geometry": {
        "type": "LineString",
        "coordinates": [
          [-73.98404, 40.76143],
          [-73.98325, 40.7611]
        ]
      },
      "properties": {
        "segmentId": -368400000899778,
        "newSegmentId": "-0000554e-3200-0400-0000-00000040eeb5",
        "speedLimit": 25,
        "frc": 6,
        "streetName": "W 50th St",
        "distance": 249.08,
        "segmentTimeResults": [
          {
            "timeSet": 2,
            "dateRange": 1,
            "harmonicAverageSpeed": 4.23,
            "medianSpeed": 5.47,
            "averageSpeed": 7.77,
            "standardDeviationSpeed": 6.21,
            "travelTimeStandardDeviation": 30.79,
            "sampleSize": 445,
            "normalizedSampleSize": 0.1957,
            "averageTravelTime": 40.21,
            "medianTravelTime": 31.06,
            "travelTimeRatio": 1.0,
            "speedPercentiles": [
              2, 2, 2, 2, 3, 3, 4, 4, 5, 5, 6, 7, 8, 11, 11, 13, 15, 16, 19
            ]
          }
        ]
      }
    },
    {
      "type": "Feature",
      "geometry": {
        "type": "LineString",
        "coordinates": [
          [-73.98404, 40.76143],
          [-73.98448, 40.76078]
        ]
      },
      "properties": {
        "segmentId": -368400001029421,
        "newSegmentId": "-0000554e-3200-0400-0000-00000040eebf",
        "speedLimit": 25,
        "frc": 5,
        "streetName": "Broadway",
        "distance": 264.53,
        "segmentTimeResults": [
          {
            "timeSet": 2,
            "dateRange": 1,
            "harmonicAverageSpeed": 1.68,
            "medianSpeed": 2.36,
            "averageSpeed": 5.9,
            "standardDeviationSpeed": 10.25,
            "travelTimeStandardDeviation": 101.83,
            "sampleSize": 79,
            "normalizedSampleSize": 0.0347,
            "averageTravelTime": 108.62,
            "medianTravelTime": 76.39,
            "travelTimeRatio": 1.0,
            "speedPercentiles": [
              1, 1, 1, 1, 1, 1, 2, 2, 2, 2, 3, 4, 5, 6, 7, 8, 11, 12, 14
            ]
          }
        ]
      }
    },
    {
      "type": "Feature",
      "geometry": {
        "type": "LineString",
        "coordinates": [
          [-73.98325, 40.7611],
          [-73.98369, 40.76047]
        ]
      },
      "properties": {
        "segmentId": -368400001215303,
        "newSegmentId": "-0000554e-3200-0400-0000-00000040eec1",
        "speedLimit": 25,
        "frc": 4,
        "streetName": "7th Ave",
        "distance": 260.27,
        "segmentTimeResults": [
          {
            "timeSet": 2,
            "dateRange": 1,
            "harmonicAverageSpeed": 3.6,
            "medianSpeed": 5.1,
            "averageSpeed": 6.34,
            "standardDeviationSpeed": 4.72,
            "travelTimeStandardDeviation": 40.96,
            "sampleSize": 1038,
            "normalizedSampleSize": 0.4565,
            "averageTravelTime": 49.31,
            "medianTravelTime": 34.87,
            "travelTimeRatio": 1.0,
            "speedPercentiles": [
              1, 2, 2, 2, 3, 3, 3, 4, 4, 5, 6, 6, 7, 8, 9, 10, 12, 12, 17
            ]
          }
        ]
      }
    },
    {
      "type": "Feature",
      "geometry": {
        "type": "LineString",
        "coordinates": [
          [-73.98448, 40.76078],
          [-73.98459, 40.76057],
          [-73.98471, 40.76035],
          [-73.98482, 40.76011]
        ]
      },
      "properties": {
        "segmentId": -368400000973887,
        "newSegmentId": "-0000554e-3200-0400-0000-00000040eecc",
        "speedLimit": 25,
        "frc": 5,
        "streetName": "Broadway",
        "distance": 262.27,
        "segmentTimeResults": [
          {
            "timeSet": 2,
            "dateRange": 1,
            "harmonicAverageSpeed": 1.62,
            "medianSpeed": 1.8,
            "averageSpeed": 4.78,
            "standardDeviationSpeed": 5.97,
            "travelTimeStandardDeviation": 91.44,
            "sampleSize": 258,
            "normalizedSampleSize": 0.1135,
            "averageTravelTime": 112.91,
            "medianTravelTime": 99.24,
            "travelTimeRatio": 1.0,
            "speedPercentiles": [
              1, 1, 1, 1, 1, 1, 1, 1, 2, 2, 2, 3, 4, 5, 6, 7, 10, 14, 20
            ]
          }
        ]
      }
    },
    {
      "type": "Feature",
      "geometry": {
        "type": "LineString",
        "coordinates": [
          [-73.98369, 40.76047],
          [-73.98416, 40.75984]
        ]
      },
      "properties": {
        "segmentId": -368400000889121,
        "newSegmentId": "-0000554e-3200-0400-0000-00000040eed6",
        "speedLimit": 25,
        "frc": 4,
        "streetName": "7th Ave",
        "distance": 263.62,
        "segmentTimeResults": [
          {
            "timeSet": 2,
            "dateRange": 1,
            "harmonicAverageSpeed": 4.78,
            "medianSpeed": 6.21,
            "averageSpeed": 7.77,
            "standardDeviationSpeed": 5.34,
            "travelTimeStandardDeviation": 31.27,
            "sampleSize": 1222,
            "normalizedSampleSize": 0.5374,
            "averageTravelTime": 37.53,
            "medianTravelTime": 28.93,
            "travelTimeRatio": 1.0,
            "speedPercentiles": [
              2, 3, 3, 3, 3, 3, 4, 5, 6, 6, 7, 8, 9, 11, 11, 12, 13, 15, 18
            ]
          }
        ]
      }
    },
    {
      "type": "Feature",
      "geometry": {
        "type": "LineString",
        "coordinates": [
          [-73.98482, 40.76011],
          [-73.98416, 40.75984]
        ]
      },
      "properties": {
        "segmentId": -368400001431126,
        "newSegmentId": "-0000554e-3200-0400-0000-00000040eed7",
        "speedLimit": 25,
        "frc": 6,
        "streetName": "W 48th St",
        "distance": 207.84,
        "segmentTimeResults": [
          {
            "timeSet": 2,
            "dateRange": 1,
            "harmonicAverageSpeed": 4.04,
            "medianSpeed": 5.72,
            "averageSpeed": 7.46,
            "standardDeviationSpeed": 5.97,
            "travelTimeStandardDeviation": 31.35,
            "sampleSize": 459,
            "normalizedSampleSize": 0.2018,
            "averageTravelTime": 35.05,
            "medianTravelTime": 24.82,
            "travelTimeRatio": 1.0,
            "speedPercentiles": [
              2, 2, 2, 2, 3, 3, 4, 5, 5, 6, 7, 7, 8, 9, 9, 11, 14, 14, 20
            ]
          }
        ]
      }
    },
    {
      "type": "Feature",
      "geometry": {
        "type": "LineString",
        "coordinates": [
          [-73.98482, 40.76011],
          [-73.98493, 40.75982],
          [-73.98506, 40.7594]
        ]
      },
      "properties": {
        "segmentId": -368400001102470,
        "newSegmentId": "-0000554e-3200-0400-0000-00000040eedc",
        "speedLimit": 25,
        "frc": 5,
        "streetName": "Broadway",
        "distance": 265.58,
        "segmentTimeResults": [
          {
            "timeSet": 2,
            "dateRange": 1,
            "harmonicAverageSpeed": 1.74,
            "medianSpeed": 1.86,
            "averageSpeed": 3.48,
            "standardDeviationSpeed": 4.91,
            "travelTimeStandardDeviation": 65.49,
            "sampleSize": 155,
            "normalizedSampleSize": 0.0682,
            "averageTravelTime": 104.25,
            "medianTravelTime": 97.14,
            "travelTimeRatio": 1.0,
            "speedPercentiles": [
              1, 1, 1, 1, 1, 1, 2, 2, 2, 2, 2, 2, 2, 2, 3, 4, 5, 8, 11
            ]
          }
        ]
      }
    },
    {
      "type": "Feature",
      "geometry": {
        "type": "LineString",
        "coordinates": [
          [-73.98461, 40.75921],
          [-73.98507, 40.75858]
        ]
      },
      "properties": {
        "segmentId": -368400001075257,
        "newSegmentId": "-0000554e-3200-0400-0000-00000040eeea",
        "speedLimit": 25,
        "frc": 4,
        "streetName": "7th Ave",
        "distance": 263.19,
        "segmentTimeResults": [
          {
            "timeSet": 2,
            "dateRange": 1,
            "harmonicAverageSpeed": 8.45,
            "medianSpeed": 12.43,
            "averageSpeed": 12.05,
            "standardDeviationSpeed": 5.84,
            "travelTimeStandardDeviation": 16.87,
            "sampleSize": 1329,
            "normalizedSampleSize": 0.5844,
            "averageTravelTime": 21.2,
            "medianTravelTime": 14.44,
            "travelTimeRatio": 1.0,
            "speedPercentiles": [
              3, 4, 5, 6, 7, 9, 9, 11, 11, 12, 13, 14, 15, 16, 16, 17, 18, 19,
              21
            ]
          }
        ]
      }
    },
    {
      "type": "Feature",
      "geometry": {
        "type": "LineString",
        "coordinates": [
          [-73.98534, 40.7587],
          [-73.98507, 40.75858]
        ]
      },
      "properties": {
        "segmentId": -368400001117812,
        "newSegmentId": "-0000554e-3200-0400-0000-00000040eeeb",
        "speedLimit": 25,
        "frc": 6,
        "streetName": "W 46th St",
        "distance": 86.42,
        "segmentTimeResults": [
          {
            "timeSet": 2,
            "dateRange": 1,
            "harmonicAverageSpeed": 8.2,
            "medianSpeed": 11.18,
            "averageSpeed": 11.81,
            "standardDeviationSpeed": 5.65,
            "travelTimeStandardDeviation": 6.78,
            "sampleSize": 495,
            "normalizedSampleSize": 0.2177,
            "averageTravelTime": 7.17,
            "medianTravelTime": 5.27,
            "travelTimeRatio": 1.0,
            "speedPercentiles": [
              3, 4, 6, 7, 7, 8, 9, 9, 11, 11, 12, 14, 14, 16, 16, 17, 18, 19, 21
            ]
          }
        ]
      }
    },
    {
      "type": "Feature",
      "geometry": {
        "type": "LineString",
        "coordinates": [
          [-73.98579, 40.75725],
          [-73.98527, 40.75703],
          [-73.98316, 40.75612]
        ]
      },
      "properties": {
        "segmentId": -368400000921937,
        "newSegmentId": "-0000554e-3200-0400-0000-00000040ef13",
        "speedLimit": 25,
        "frc": 6,
        "streetName": "W 44th St",
        "distance": 837.27,
        "segmentTimeResults": [
          {
            "timeSet": 2,
            "dateRange": 1,
            "harmonicAverageSpeed": 5.9,
            "medianSpeed": 6.84,
            "averageSpeed": 6.84,
            "standardDeviationSpeed": 2.42,
            "travelTimeStandardDeviation": 53.08,
            "sampleSize": 253,
            "normalizedSampleSize": 0.1113,
            "averageTravelTime": 96.77,
            "medianTravelTime": 83.52,
            "travelTimeRatio": 1.0,
            "speedPercentiles": [
              3, 4, 5, 5, 6, 6, 6, 6, 7, 7, 7, 7, 7, 7, 7, 8, 8, 9, 13
            ]
          }
        ]
      }
    },
    {
      "type": "Feature",
      "geometry": {
        "type": "LineString",
        "coordinates": [
          [-73.97928, 40.75281],
          [-73.98087, 40.75348]
        ]
      },
      "properties": {
        "segmentId": -368400000931119,
        "newSegmentId": "-0000554e-3200-0400-0000-00000040ef47",
        "speedLimit": 25,
        "frc": 4,
        "streetName": "E 42nd St",
        "distance": 504.66,
        "segmentTimeResults": [
          {
            "timeSet": 2,
            "dateRange": 1,
            "harmonicAverageSpeed": 5.53,
            "medianSpeed": 5.47,
            "averageSpeed": 7.58,
            "standardDeviationSpeed": 6.34,
            "travelTimeStandardDeviation": 30.42,
            "sampleSize": 640,
            "normalizedSampleSize": 0.2814,
            "averageTravelTime": 62.52,
            "medianTravelTime": 62.93,
            "travelTimeRatio": 1.0,
            "speedPercentiles": [
              3, 3, 4, 4, 4, 5, 5, 5, 5, 5, 6, 6, 7, 7, 9, 10, 11, 14, 17
            ]
          }
        ]
      }
    },
    {
      "type": "Feature",
      "geometry": {
        "type": "LineString",
        "coordinates": [
          [-73.98087, 40.75348],
          [-73.98137, 40.75282]
        ]
      },
      "properties": {
        "segmentId": -368400000997375,
        "newSegmentId": "-0000554e-3200-0400-0000-00000040ef48",
        "speedLimit": 25,
        "frc": 5,
        "streetName": "5th Ave",
        "distance": 277.95,
        "segmentTimeResults": [
          {
            "timeSet": 2,
            "dateRange": 1,
            "harmonicAverageSpeed": 7.58,
            "medianSpeed": 12.43,
            "averageSpeed": 11.56,
            "standardDeviationSpeed": 6.34,
            "travelTimeStandardDeviation": 19.22,
            "sampleSize": 1818,
            "normalizedSampleSize": 0.7995,
            "averageTravelTime": 24.96,
            "medianTravelTime": 15.25,
            "travelTimeRatio": 1.0,
            "speedPercentiles": [
              3, 3, 3, 5, 7, 8, 9, 9, 11, 12, 12, 12, 12, 14, 16, 18, 19, 19, 20
            ]
          }
        ]
      }
    },
    {
      "type": "Feature",
      "geometry": {
        "type": "LineString",
        "coordinates": [
          [-73.98132, 40.75864],
          [-73.98054, 40.75831],
          [-73.97935, 40.75781]
        ]
      },
      "properties": {
        "segmentId": -368400000916759,
        "newSegmentId": "-0000554e-3200-0400-0000-00000040f494",
        "speedLimit": 25,
        "frc": 6,
        "streetName": "W 48th St",
        "distance": 623.72,
        "segmentTimeResults": [
          {
            "timeSet": 2,
            "dateRange": 1,
            "harmonicAverageSpeed": 3.48,
            "medianSpeed": 4.47,
            "averageSpeed": 5.72,
            "standardDeviationSpeed": 4.04,
            "travelTimeStandardDeviation": 87.71,
            "sampleSize": 315,
            "normalizedSampleSize": 0.1385,
            "averageTravelTime": 123.2,
            "medianTravelTime": 95.06,
            "travelTimeRatio": 1.0,
            "speedPercentiles": [
              1, 2, 2, 2, 2, 3, 3, 4, 4, 4, 5, 6, 7, 7, 9, 9, 11, 12, 14
            ]
          }
        ]
      }
    },
    {
      "type": "Feature",
      "geometry": {
        "type": "LineString",
        "coordinates": [
          [-73.97935, 40.75781],
          [-73.97811, 40.75729]
        ]
      },
      "properties": {
        "segmentId": -368400000837014,
        "newSegmentId": "-0000554e-3200-0400-0000-00000040f495",
        "speedLimit": 25,
        "frc": 6,
        "streetName": "W 48th St",
        "distance": 392.78,
        "segmentTimeResults": [
          {
            "timeSet": 2,
            "dateRange": 1,
            "harmonicAverageSpeed": 2.98,
            "medianSpeed": 3.11,
            "averageSpeed": 4.04,
            "standardDeviationSpeed": 2.8,
            "travelTimeStandardDeviation": 41.74,
            "sampleSize": 333,
            "normalizedSampleSize": 0.1464,
            "averageTravelTime": 89.48,
            "medianTravelTime": 86.2,
            "travelTimeRatio": 1.0,
            "speedPercentiles": [
              2, 2, 2, 2, 2, 3, 3, 3, 3, 3, 3, 3, 4, 4, 4, 5, 6, 7, 11
            ]
          }
        ]
      }
    },
    {
      "type": "Feature",
      "geometry": {
        "type": "LineString",
        "coordinates": [
          [-73.97811, 40.75729],
          [-73.97856, 40.75667]
        ]
      },
      "properties": {
        "segmentId": -368400000926420,
        "newSegmentId": "-0000554e-3200-0400-0000-00000040f498",
        "speedLimit": 25,
        "frc": 6,
        "streetName": "5th Ave",
        "distance": 259.22,
        "segmentTimeResults": [
          {
            "timeSet": 2,
            "dateRange": 1,
            "harmonicAverageSpeed": 5.1,
            "medianSpeed": 6.84,
            "averageSpeed": 8.02,
            "standardDeviationSpeed": 5.28,
            "travelTimeStandardDeviation": 25.29,
            "sampleSize": 1633,
            "normalizedSampleSize": 0.7181,
            "averageTravelTime": 34.56,
            "medianTravelTime": 25.86,
            "travelTimeRatio": 1.0,
            "speedPercentiles": [
              2, 3, 3, 3, 3, 4, 5, 6, 6, 7, 7, 9, 9, 11, 12, 12, 12, 16, 17
            ]
          }
        ]
      }
    },
    {
      "type": "Feature",
      "geometry": {
        "type": "LineString",
        "coordinates": [
          [-73.97856, 40.75667],
          [-73.97901, 40.75603]
        ]
      },
      "properties": {
        "segmentId": -368400000974988,
        "newSegmentId": "-0000554e-3200-0400-0000-00000040f49b",
        "speedLimit": 25,
        "frc": 6,
        "streetName": "5th Ave",
        "distance": 264.01,
        "segmentTimeResults": [
          {
            "timeSet": 2,
            "dateRange": 1,
            "harmonicAverageSpeed": 6.84,
            "medianSpeed": 11.81,
            "averageSpeed": 12.49,
            "standardDeviationSpeed": 7.83,
            "travelTimeStandardDeviation": 25.53,
            "sampleSize": 1569,
            "normalizedSampleSize": 0.69,
            "averageTravelTime": 26.35,
            "medianTravelTime": 15.25,
            "travelTimeRatio": 1.0,
            "speedPercentiles": [
              2, 3, 3, 4, 5, 7, 8, 9, 11, 12, 14, 14, 16, 17, 18, 19, 21, 23, 25
            ]
          }
        ]
      }
    },
    {
      "type": "Feature",
      "geometry": {
        "type": "LineString",
        "coordinates": [
          [-73.97901, 40.75603],
          [-73.97947, 40.75541]
        ]
      },
      "properties": {
        "segmentId": -368400000994806,
        "newSegmentId": "-0000554e-3200-0400-0000-00000040f4a3",
        "speedLimit": 25,
        "frc": 6,
        "streetName": "5th Ave",
        "distance": 258.76,
        "segmentTimeResults": [
          {
            "timeSet": 2,
            "dateRange": 1,
            "harmonicAverageSpeed": 5.9,
            "medianSpeed": 8.7,
            "averageSpeed": 10.31,
            "standardDeviationSpeed": 6.77,
            "travelTimeStandardDeviation": 24.88,
            "sampleSize": 1588,
            "normalizedSampleSize": 0.6983,
            "averageTravelTime": 29.95,
            "medianTravelTime": 20.28,
            "travelTimeRatio": 1.0,
            "speedPercentiles": [
              2, 3, 3, 3, 4, 5, 6, 7, 8, 9, 10, 11, 12, 14, 16, 17, 19, 20, 22
            ]
          }
        ]
      }
    },
    {
      "type": "Feature",
      "geometry": {
        "type": "LineString",
        "coordinates": [
          [-73.97947, 40.75541],
          [-73.97993, 40.75476]
        ]
      },
      "properties": {
        "segmentId": -368400001087691,
        "newSegmentId": "-0000554e-3200-0400-0000-00000040f4a5",
        "speedLimit": 25,
        "frc": 6,
        "streetName": "5th Ave",
        "distance": 269.03,
        "segmentTimeResults": [
          {
            "timeSet": 2,
            "dateRange": 1,
            "harmonicAverageSpeed": 5.16,
            "medianSpeed": 7.46,
            "averageSpeed": 8.95,
            "standardDeviationSpeed": 6.28,
            "travelTimeStandardDeviation": 27.68,
            "sampleSize": 1545,
            "normalizedSampleSize": 0.6794,
            "averageTravelTime": 35.6,
            "medianTravelTime": 24.6,
            "travelTimeRatio": 1.0,
            "speedPercentiles": [
              2, 2, 3, 3, 4, 4, 5, 6, 7, 7, 8, 9, 10, 11, 12, 15, 17, 19, 21
            ]
          }
        ]
      }
    },
    {
      "type": "Feature",
      "geometry": {
        "type": "LineString",
        "coordinates": [
          [-73.98793, 40.75979],
          [-73.98735, 40.75954]
        ]
      },
      "properties": {
        "segmentId": -368400001341007,
        "newSegmentId": "-0000554e-3200-0400-0000-00000040f4b2",
        "speedLimit": 25,
        "frc": 6,
        "streetName": "W 46th St",
        "distance": 185.33,
        "segmentTimeResults": [
          {
            "timeSet": 2,
            "dateRange": 1,
            "harmonicAverageSpeed": 4.35,
            "medianSpeed": 6.21,
            "averageSpeed": 7.39,
            "standardDeviationSpeed": 5.78,
            "travelTimeStandardDeviation": 22.08,
            "sampleSize": 557,
            "normalizedSampleSize": 0.2449,
            "averageTravelTime": 28.91,
            "medianTravelTime": 20.34,
            "travelTimeRatio": 1.0,
            "speedPercentiles": [
              2, 2, 2, 3, 3, 4, 4, 5, 5, 6, 6, 7, 8, 9, 10, 11, 12, 14, 19
            ]
          }
        ]
      }
    },
    {
      "type": "Feature",
      "geometry": {
        "type": "LineString",
        "coordinates": [
          [-73.98293, 40.76764],
          [-73.9824, 40.76741]
        ]
      },
      "properties": {
        "segmentId": -368400001176092,
        "newSegmentId": "-0000554e-3200-0400-0000-00000040f65f",
        "speedLimit": 25,
        "frc": 6,
        "streetName": "W 58th St",
        "distance": 170.96,
        "segmentTimeResults": [
          {
            "timeSet": 2,
            "dateRange": 1,
            "harmonicAverageSpeed": 3.48,
            "medianSpeed": 5.41,
            "averageSpeed": 6.84,
            "standardDeviationSpeed": 5.34,
            "travelTimeStandardDeviation": 26.61,
            "sampleSize": 471,
            "normalizedSampleSize": 0.2071,
            "averageTravelTime": 33.79,
            "medianTravelTime": 21.59,
            "travelTimeRatio": 1.0,
            "speedPercentiles": [
              1, 2, 2, 2, 2, 2, 3, 4, 4, 5, 6, 7, 8, 9, 11, 12, 13, 15, 17
            ]
          }
        ]
      }
    },
    {
      "type": "Feature",
      "geometry": {
        "type": "LineString",
        "coordinates": [
          [-73.97737, 40.75827],
          [-73.97749, 40.75811]
        ]
      },
      "properties": {
        "segmentId": -368400001112379,
        "newSegmentId": "-0000554e-3200-0400-0000-00000040f6c5",
        "speedLimit": 25,
        "frc": 6,
        "streetName": "5th Ave",
        "distance": 66.31,
        "segmentTimeResults": [
          {
            "timeSet": 2,
            "dateRange": 1,
            "harmonicAverageSpeed": 4.23,
            "medianSpeed": 7.46,
            "averageSpeed": 8.51,
            "standardDeviationSpeed": 5.72,
            "travelTimeStandardDeviation": 14.68,
            "sampleSize": 1396,
            "normalizedSampleSize": 0.6139,
            "averageTravelTime": 10.66,
            "medianTravelTime": 6.06,
            "travelTimeRatio": 1.0,
            "speedPercentiles": [
              1, 2, 3, 3, 4, 5, 5, 6, 7, 7, 9, 9, 11, 11, 12, 13, 14, 16, 18
            ]
          }
        ]
      }
    },
    {
      "type": "Feature",
      "geometry": {
        "type": "LineString",
        "coordinates": [
          [-73.97749, 40.75811],
          [-73.97761, 40.75794]
        ]
      },
      "properties": {
        "segmentId": -368400001112380,
        "newSegmentId": "-0000554e-3200-0400-0000-00000040f6cb",
        "speedLimit": 25,
        "frc": 6,
        "streetName": "5th Ave",
        "distance": 72.7,
        "segmentTimeResults": [
          {
            "timeSet": 2,
            "dateRange": 1,
            "harmonicAverageSpeed": 3.67,
            "medianSpeed": 6.84,
            "averageSpeed": 7.64,
            "standardDeviationSpeed": 5.28,
            "travelTimeStandardDeviation": 15.41,
            "sampleSize": 1415,
            "normalizedSampleSize": 0.6223,
            "averageTravelTime": 13.43,
            "medianTravelTime": 7.25,
            "travelTimeRatio": 1.0,
            "speedPercentiles": [
              1, 1, 2, 3, 4, 4, 5, 5, 6, 7, 7, 8, 9, 10, 11, 12, 13, 15, 17
            ]
          }
        ]
      }
    },
    {
      "type": "Feature",
      "geometry": {
        "type": "LineString",
        "coordinates": [
          [-73.97878, 40.75347],
          [-73.97968, 40.75384]
        ]
      },
      "properties": {
        "segmentId": -368400001277417,
        "newSegmentId": "-0000554e-3200-0400-0000-00000040f7b0",
        "speedLimit": 25,
        "frc": 6,
        "streetName": "E 43rd St",
        "distance": 283.92,
        "segmentTimeResults": [
          {
            "timeSet": 2,
            "dateRange": 1,
            "harmonicAverageSpeed": 3.79,
            "medianSpeed": 4.85,
            "averageSpeed": 6.84,
            "standardDeviationSpeed": 5.34,
            "travelTimeStandardDeviation": 42.01,
            "sampleSize": 312,
            "normalizedSampleSize": 0.1372,
            "averageTravelTime": 51.12,
            "medianTravelTime": 39.94,
            "travelTimeRatio": 1.0,
            "speedPercentiles": [
              1, 2, 2, 3, 3, 3, 4, 4, 4, 5, 5, 6, 7, 8, 9, 11, 13, 15, 18
            ]
          }
        ]
      }
    },
    {
      "type": "Feature",
      "geometry": {
        "type": "LineString",
        "coordinates": [
          [-73.98023, 40.75436],
          [-73.98038, 40.75414]
        ]
      },
      "properties": {
        "segmentId": -368400001260336,
        "newSegmentId": "-0000554e-3200-0400-0000-00000040f7b3",
        "speedLimit": 25,
        "frc": 6,
        "streetName": "5th Ave",
        "distance": 87.83,
        "segmentTimeResults": [
          {
            "timeSet": 2,
            "dateRange": 1,
            "harmonicAverageSpeed": 7.77,
            "medianSpeed": 13.67,
            "averageSpeed": 13.24,
            "standardDeviationSpeed": 6.84,
            "travelTimeStandardDeviation": 9.46,
            "sampleSize": 1757,
            "normalizedSampleSize": 0.7726,
            "averageTravelTime": 7.69,
            "medianTravelTime": 4.38,
            "travelTimeRatio": 1.0,
            "speedPercentiles": [
              2, 4, 6, 7, 8, 9, 11, 11, 12, 14, 14, 15, 16, 16, 17, 19, 20, 22,
              25
            ]
          }
        ]
      }
    },
    {
      "type": "Feature",
      "geometry": {
        "type": "LineString",
        "coordinates": [
          [-73.97968, 40.75384],
          [-73.98038, 40.75414]
        ]
      },
      "properties": {
        "segmentId": -368400001438714,
        "newSegmentId": "-0000554e-3200-0400-0000-00000040f7b4",
        "speedLimit": 25,
        "frc": 6,
        "streetName": "E 43rd St",
        "distance": 223.88,
        "segmentTimeResults": [
          {
            "timeSet": 2,
            "dateRange": 1,
            "harmonicAverageSpeed": 3.42,
            "medianSpeed": 4.41,
            "averageSpeed": 6.15,
            "standardDeviationSpeed": 5.1,
            "travelTimeStandardDeviation": 35.39,
            "sampleSize": 317,
            "normalizedSampleSize": 0.1394,
            "averageTravelTime": 44.66,
            "medianTravelTime": 34.6,
            "travelTimeRatio": 1.0,
            "speedPercentiles": [
              1, 2, 2, 2, 2, 3, 3, 4, 4, 4, 5, 6, 7, 7, 7, 10, 10, 12, 16
            ]
          }
        ]
      }
    },
    {
      "type": "Feature",
      "geometry": {
        "type": "LineString",
        "coordinates": [
          [-73.98038, 40.75414],
          [-73.98078, 40.7536],
          [-73.98082, 40.75354],
          [-73.98087, 40.75348]
        ]
      },
      "properties": {
        "segmentId": -368400000831967,
        "newSegmentId": "-0000554e-3200-0400-0000-00000040f7b5",
        "speedLimit": 25,
        "frc": 6,
        "streetName": "5th Ave",
        "distance": 277.89,
        "segmentTimeResults": [
          {
            "timeSet": 2,
            "dateRange": 1,
            "harmonicAverageSpeed": 5.65,
            "medianSpeed": 8.08,
            "averageSpeed": 8.95,
            "standardDeviationSpeed": 5.72,
            "travelTimeStandardDeviation": 22.55,
            "sampleSize": 1739,
            "normalizedSampleSize": 0.7647,
            "averageTravelTime": 33.35,
            "medianTravelTime": 23.46,
            "travelTimeRatio": 1.0,
            "speedPercentiles": [
              3, 3, 3, 3, 4, 4, 5, 6, 7, 8, 9, 9, 11, 12, 12, 14, 16, 17, 20
            ]
          }
        ]
      }
    },
    {
      "type": "Feature",
      "geometry": {
        "type": "LineString",
        "coordinates": [
          [-73.9824, 40.76741],
          [-73.98175, 40.76714]
        ]
      },
      "properties": {
        "segmentId": -368400001391441,
        "newSegmentId": "-0000554e-3200-0400-0000-00000040f7ed",
        "speedLimit": 25,
        "frc": 6,
        "streetName": "W 58th St",
        "distance": 204.76,
        "segmentTimeResults": [
          {
            "timeSet": 2,
            "dateRange": 1,
            "harmonicAverageSpeed": 4.41,
            "medianSpeed": 6.09,
            "averageSpeed": 7.27,
            "standardDeviationSpeed": 5.03,
            "travelTimeStandardDeviation": 25.08,
            "sampleSize": 529,
            "normalizedSampleSize": 0.2326,
            "averageTravelTime": 31.72,
            "medianTravelTime": 22.93,
            "travelTimeRatio": 1.0,
            "speedPercentiles": [
              2, 2, 2, 3, 3, 4, 4, 5, 6, 6, 7, 7, 8, 9, 10, 11, 12, 14, 16
            ]
          }
        ]
      }
    },
    {
      "type": "Feature",
      "geometry": {
        "type": "LineString",
        "coordinates": [
          [-73.98287, 40.76673],
          [-73.98188, 40.7663]
        ]
      },
      "properties": {
        "segmentId": -368400001255759,
        "newSegmentId": "-0000554e-3200-0400-0000-00000040f8e9",
        "speedLimit": 25,
        "frc": 4,
        "streetName": "W 57th St",
        "distance": 314.63,
        "segmentTimeResults": [
          {
            "timeSet": 2,
            "dateRange": 1,
            "harmonicAverageSpeed": 4.6,
            "medianSpeed": 5.9,
            "averageSpeed": 7.58,
            "standardDeviationSpeed": 5.41,
            "travelTimeStandardDeviation": 30.33,
            "sampleSize": 599,
            "normalizedSampleSize": 0.2634,
            "averageTravelTime": 46.54,
            "medianTravelTime": 36.34,
            "travelTimeRatio": 1.0,
            "speedPercentiles": [
              2, 2, 3, 3, 3, 3, 4, 4, 5, 6, 7, 8, 9, 10, 11, 12, 14, 16, 18
            ]
          }
        ]
      }
    },
    {
      "type": "Feature",
      "geometry": {
        "type": "LineString",
        "coordinates": [
          [-73.98249, 40.76403],
          [-73.98257, 40.76387],
          [-73.98285, 40.76336]
        ]
      },
      "properties": {
        "segmentId": -368400000831968,
        "newSegmentId": "-0000554e-3200-0400-0000-00000040f8ec",
        "speedLimit": 25,
        "frc": 5,
        "streetName": "Broadway",
        "distance": 264.04,
        "segmentTimeResults": [
          {
            "timeSet": 2,
            "dateRange": 1,
            "harmonicAverageSpeed": 6.4,
            "medianSpeed": 9.94,
            "averageSpeed": 10.31,
            "standardDeviationSpeed": 5.84,
            "travelTimeStandardDeviation": 23.87,
            "sampleSize": 568,
            "normalizedSampleSize": 0.2498,
            "averageTravelTime": 28.1,
            "medianTravelTime": 18.11,
            "travelTimeRatio": 1.0,
            "speedPercentiles": [
              2, 3, 3, 4, 5, 6, 7, 8, 9, 10, 11, 12, 12, 14, 15, 16, 17, 18, 20
            ]
          }
        ]
      }
    },
    {
      "type": "Feature",
      "geometry": {
        "type": "LineString",
        "coordinates": [
          [-73.98429, 40.76479],
          [-73.98314, 40.7643],
          [-73.98249, 40.76403]
        ]
      },
      "properties": {
        "segmentId": -368400001139295,
        "newSegmentId": "-0000554e-3200-0400-0000-00000040f8ee",
        "speedLimit": 25,
        "frc": 6,
        "streetName": "W 54th St",
        "distance": 570.7,
        "segmentTimeResults": [
          {
            "timeSet": 2,
            "dateRange": 1,
            "harmonicAverageSpeed": 2.42,
            "medianSpeed": 2.49,
            "averageSpeed": 3.04,
            "standardDeviationSpeed": 1.86,
            "travelTimeStandardDeviation": 64.64,
            "sampleSize": 245,
            "normalizedSampleSize": 0.1077,
            "averageTravelTime": 159.4,
            "medianTravelTime": 156.55,
            "travelTimeRatio": 1.0,
            "speedPercentiles": [
              1, 2, 2, 2, 2, 2, 2, 2, 2, 2, 2, 3, 3, 3, 3, 4, 5, 5, 7
            ]
          }
        ]
      }
    },
    {
      "type": "Feature",
      "geometry": {
        "type": "LineString",
        "coordinates": [
          [-73.98221, 40.76474],
          [-73.98241, 40.76423],
          [-73.98249, 40.76403]
        ]
      },
      "properties": {
        "segmentId": -368400000984312,
        "newSegmentId": "-0000554e-3200-0400-0000-00000040f8f0",
        "speedLimit": 25,
        "frc": 5,
        "streetName": "Broadway",
        "distance": 269.32,
        "segmentTimeResults": [
          {
            "timeSet": 2,
            "dateRange": 1,
            "harmonicAverageSpeed": 6.71,
            "medianSpeed": 11.81,
            "averageSpeed": 11.68,
            "standardDeviationSpeed": 7.52,
            "travelTimeStandardDeviation": 29.31,
            "sampleSize": 635,
            "normalizedSampleSize": 0.2792,
            "averageTravelTime": 27.32,
            "medianTravelTime": 15.55,
            "travelTimeRatio": 1.0,
            "speedPercentiles": [
              2, 3, 4, 5, 6, 7, 8, 9, 11, 12, 13, 14, 14, 15, 16, 17, 18, 19, 22
            ]
          }
        ]
      }
    },
    {
      "type": "Feature",
      "geometry": {
        "type": "LineString",
        "coordinates": [
          [-73.98249, 40.76403],
          [-73.98144, 40.7636]
        ]
      },
      "properties": {
        "segmentId": -368400001108570,
        "newSegmentId": "-0000554e-3200-0400-0000-00000040f8f4",
        "speedLimit": 25,
        "frc": 6,
        "streetName": "W 54th St",
        "distance": 329.72,
        "segmentTimeResults": [
          {
            "timeSet": 2,
            "dateRange": 1,
            "harmonicAverageSpeed": 4.1,
            "medianSpeed": 4.85,
            "averageSpeed": 7.02,
            "standardDeviationSpeed": 6.03,
            "travelTimeStandardDeviation": 41.16,
            "sampleSize": 375,
            "normalizedSampleSize": 0.1649,
            "averageTravelTime": 54.82,
            "medianTravelTime": 46.38,
            "travelTimeRatio": 1.0,
            "speedPercentiles": [
              2, 2, 3, 3, 3, 3, 3, 4, 4, 5, 6, 6, 7, 8, 9, 11, 11, 15, 16
            ]
          }
        ]
      }
    },
    {
      "type": "Feature",
      "geometry": {
        "type": "LineString",
        "coordinates": [
          [-73.98144, 40.7636],
          [-73.98189, 40.76297]
        ]
      },
      "properties": {
        "segmentId": -368400001344196,
        "newSegmentId": "-0000554e-3200-0400-0000-00000040f8f5",
        "speedLimit": 25,
        "frc": 4,
        "streetName": "7th Ave",
        "distance": 261.52,
        "segmentTimeResults": [
          {
            "timeSet": 2,
            "dateRange": 1,
            "harmonicAverageSpeed": 6.4,
            "medianSpeed": 9.32,
            "averageSpeed": 10.07,
            "standardDeviationSpeed": 6.03,
            "travelTimeStandardDeviation": 35.08,
            "sampleSize": 934,
            "normalizedSampleSize": 0.4107,
            "averageTravelTime": 27.95,
            "medianTravelTime": 19.13,
            "travelTimeRatio": 1.0,
            "speedPercentiles": [
              2, 3, 4, 5, 6, 6, 7, 7, 9, 9, 10, 11, 12, 12, 13, 14, 16, 18, 21
            ]
          }
        ]
      }
    },
    {
      "type": "Feature",
      "geometry": {
        "type": "LineString",
        "coordinates": [
          [-73.98097, 40.76423],
          [-73.98144, 40.7636]
        ]
      },
      "properties": {
        "segmentId": -368400001063140,
        "newSegmentId": "-0000554e-3200-0400-0000-00000040f8f7",
        "speedLimit": 25,
        "frc": 4,
        "streetName": "7th Ave",
        "distance": 262.53,
        "segmentTimeResults": [
          {
            "timeSet": 2,
            "dateRange": 1,
            "harmonicAverageSpeed": 7.95,
            "medianSpeed": 12.43,
            "averageSpeed": 13.05,
            "standardDeviationSpeed": 7.89,
            "travelTimeStandardDeviation": 19.42,
            "sampleSize": 898,
            "normalizedSampleSize": 0.3949,
            "averageTravelTime": 22.5,
            "medianTravelTime": 14.4,
            "travelTimeRatio": 1.0,
            "speedPercentiles": [
              3, 4, 4, 5, 6, 7, 9, 10, 11, 12, 14, 15, 16, 17, 19, 21, 22, 23,
              26
            ]
          }
        ]
      }
    },
    {
      "type": "Feature",
      "geometry": {
        "type": "LineString",
        "coordinates": [
          [-73.98198, 40.76546],
          [-73.98052, 40.76484]
        ]
      },
      "properties": {
        "segmentId": -368400001114396,
        "newSegmentId": "-0000554e-3200-0400-0000-00000040f8f8",
        "speedLimit": 25,
        "frc": 6,
        "streetName": "W 56th St",
        "distance": 464.67,
        "segmentTimeResults": [
          {
            "timeSet": 2,
            "dateRange": 1,
            "harmonicAverageSpeed": 4.41,
            "medianSpeed": 4.97,
            "averageSpeed": 6.21,
            "standardDeviationSpeed": 4.1,
            "travelTimeStandardDeviation": 43.81,
            "sampleSize": 319,
            "normalizedSampleSize": 0.1403,
            "averageTravelTime": 72.19,
            "medianTravelTime": 63.73,
            "travelTimeRatio": 1.0,
            "speedPercentiles": [
              2, 2, 3, 3, 3, 4, 4, 4, 5, 5, 5, 6, 6, 7, 8, 9, 11, 12, 15
            ]
          }
        ]
      }
    },
    {
      "type": "Feature",
      "geometry": {
        "type": "LineString",
        "coordinates": [
          [-73.98052, 40.76484],
          [-73.98097, 40.76423]
        ]
      },
      "properties": {
        "segmentId": -368400001319876,
        "newSegmentId": "-0000554e-3200-0400-0000-00000040f8f9",
        "speedLimit": 25,
        "frc": 4,
        "streetName": "7th Ave",
        "distance": 255.91,
        "segmentTimeResults": [
          {
            "timeSet": 2,
            "dateRange": 1,
            "harmonicAverageSpeed": 6.77,
            "medianSpeed": 11.81,
            "averageSpeed": 12.43,
            "standardDeviationSpeed": 8.08,
            "travelTimeStandardDeviation": 29.03,
            "sampleSize": 765,
            "normalizedSampleSize": 0.3364,
            "averageTravelTime": 25.77,
            "medianTravelTime": 14.78,
            "travelTimeRatio": 1.0,
            "speedPercentiles": [
              2, 3, 3, 4, 5, 6, 7, 9, 11, 12, 14, 16, 17, 17, 17, 17, 19, 22, 27
            ]
          }
        ]
      }
    },
    {
      "type": "Feature",
      "geometry": {
        "type": "LineString",
        "coordinates": [
          [-73.98003, 40.76552],
          [-73.98052, 40.76484]
        ]
      },
      "properties": {
        "segmentId": -368400001262231,
        "newSegmentId": "-0000554e-3200-0400-0000-00000040f8fc",
        "speedLimit": 25,
        "frc": 4,
        "streetName": "7th Ave",
        "distance": 282.64,
        "segmentTimeResults": [
          {
            "timeSet": 2,
            "dateRange": 1,
            "harmonicAverageSpeed": 7.77,
            "medianSpeed": 11.81,
            "averageSpeed": 11.81,
            "standardDeviationSpeed": 6.15,
            "travelTimeStandardDeviation": 23.56,
            "sampleSize": 701,
            "normalizedSampleSize": 0.3083,
            "averageTravelTime": 24.91,
            "medianTravelTime": 16.32,
            "travelTimeRatio": 1.0,
            "speedPercentiles": [
              3, 4, 5, 6, 7, 7, 9, 10, 11, 12, 12, 13, 14, 16, 17, 18, 19, 20,
              22
            ]
          }
        ]
      }
    },
    {
      "type": "Feature",
      "geometry": {
        "type": "LineString",
        "coordinates": [
          [-73.98003, 40.76552],
          [-73.97945, 40.76528]
        ]
      },
      "properties": {
        "segmentId": -368400000982287,
        "newSegmentId": "-0000554e-3200-0400-0000-00000040f8fd",
        "speedLimit": 25,
        "frc": 4,
        "streetName": "W 57th St",
        "distance": 181.56,
        "segmentTimeResults": [
          {
            "timeSet": 2,
            "dateRange": 1,
            "harmonicAverageSpeed": 13.24,
            "medianSpeed": 18.02,
            "averageSpeed": 17.71,
            "standardDeviationSpeed": 6.96,
            "travelTimeStandardDeviation": 9.47,
            "sampleSize": 622,
            "normalizedSampleSize": 0.2735,
            "averageTravelTime": 9.35,
            "medianTravelTime": 6.87,
            "travelTimeRatio": 1.0,
            "speedPercentiles": [
              6, 8, 9, 12, 14, 15, 16, 17, 17, 18, 19, 19, 21, 21, 22, 22, 24,
              26, 29
            ]
          }
        ]
      }
    },
    {
      "type": "Feature",
      "geometry": {
        "type": "LineString",
        "coordinates": [
          [-73.9798, 40.76586],
          [-73.98003, 40.76552]
        ]
      },
      "properties": {
        "segmentId": -368400001295865,
        "newSegmentId": "-0000554e-3200-0400-0000-00000040f8fe",
        "speedLimit": 25,
        "frc": 6,
        "streetName": "7th Ave",
        "distance": 139.63,
        "segmentTimeResults": [
          {
            "timeSet": 2,
            "dateRange": 1,
            "harmonicAverageSpeed": 4.66,
            "medianSpeed": 9.32,
            "averageSpeed": 10.38,
            "standardDeviationSpeed": 7.46,
            "travelTimeStandardDeviation": 19.84,
            "sampleSize": 682,
            "normalizedSampleSize": 0.2999,
            "averageTravelTime": 20.35,
            "medianTravelTime": 10.21,
            "travelTimeRatio": 1.0,
            "speedPercentiles": [
              2, 2, 2, 2, 3, 4, 6, 7, 9, 9, 11, 12, 13, 14, 16, 17, 19, 21, 22
            ]
          }
        ]
      }
    },
    {
      "type": "Feature",
      "geometry": {
        "type": "LineString",
        "coordinates": [
          [-73.97908, 40.76689],
          [-73.97956, 40.7662]
        ]
      },
      "properties": {
        "segmentId": -368400001324120,
        "newSegmentId": "-0000554e-3200-0400-0000-00000040f8ff",
        "speedLimit": 25,
        "frc": 6,
        "streetName": "7th Ave",
        "distance": 285.93,
        "segmentTimeResults": [
          {
            "timeSet": 2,
            "dateRange": 1,
            "harmonicAverageSpeed": 6.96,
            "medianSpeed": 12.43,
            "averageSpeed": 11.81,
            "standardDeviationSpeed": 6.4,
            "travelTimeStandardDeviation": 28.68,
            "sampleSize": 679,
            "normalizedSampleSize": 0.2986,
            "averageTravelTime": 28.14,
            "medianTravelTime": 15.69,
            "travelTimeRatio": 1.0,
            "speedPercentiles": [
              2, 3, 4, 6, 7, 8, 9, 10, 11, 12, 13, 13, 14, 15, 17, 19, 19, 19,
              20
            ]
          }
        ]
      }
    },
    {
      "type": "Feature",
      "geometry": {
        "type": "LineString",
        "coordinates": [
          [-73.98003, 40.76639],
          [-73.97956, 40.7662]
        ]
      },
      "properties": {
        "segmentId": -368400001173651,
        "newSegmentId": "-0000554e-3200-0400-0000-00000040f900",
        "speedLimit": 25,
        "frc": 6,
        "streetName": "W 58th St",
        "distance": 148.43,
        "segmentTimeResults": [
          {
            "timeSet": 2,
            "dateRange": 1,
            "harmonicAverageSpeed": 3.6,
            "medianSpeed": 7.46,
            "averageSpeed": 7.46,
            "standardDeviationSpeed": 5.28,
            "travelTimeStandardDeviation": 26.2,
            "sampleSize": 327,
            "normalizedSampleSize": 0.1438,
            "averageTravelTime": 28.2,
            "medianTravelTime": 13.57,
            "travelTimeRatio": 1.0,
            "speedPercentiles": [
              1, 1, 2, 2, 2, 3, 4, 6, 7, 7, 9, 9, 10, 10, 11, 12, 12, 13, 16
            ]
          }
        ]
      }
    },
    {
      "type": "Feature",
      "geometry": {
        "type": "LineString",
        "coordinates": [
          [-73.97956, 40.7662],
          [-73.9798, 40.76586]
        ]
      },
      "properties": {
        "segmentId": -368400000856529,
        "newSegmentId": "-0000554e-3200-0400-0000-00000040f901",
        "speedLimit": 25,
        "frc": 6,
        "streetName": "7th Ave",
        "distance": 137.5,
        "segmentTimeResults": [
          {
            "timeSet": 2,
            "dateRange": 1,
            "harmonicAverageSpeed": 7.15,
            "medianSpeed": 13.67,
            "averageSpeed": 13.3,
            "standardDeviationSpeed": 7.46,
            "travelTimeStandardDeviation": 14.07,
            "sampleSize": 673,
            "normalizedSampleSize": 0.296,
            "averageTravelTime": 13.09,
            "medianTravelTime": 6.86,
            "travelTimeRatio": 1.0,
            "speedPercentiles": [
              2, 3, 4, 5, 7, 9, 10, 11, 13, 14, 15, 16, 17, 17, 18, 20, 21, 22,
              25
            ]
          }
        ]
      }
    },
    {
      "type": "Feature",
      "geometry": {
        "type": "LineString",
        "coordinates": [
          [-73.97956, 40.7662],
          [-73.97671, 40.76501]
        ]
      },
      "properties": {
        "segmentId": -368400000881716,
        "newSegmentId": "-0000554e-3200-0400-0000-00000040f907",
        "speedLimit": 25,
        "frc": 6,
        "streetName": "W 58th St",
        "distance": 901.8,
        "segmentTimeResults": [
          {
            "timeSet": 2,
            "dateRange": 1,
            "harmonicAverageSpeed": 7.77,
            "medianSpeed": 9.32,
            "averageSpeed": 9.57,
            "standardDeviationSpeed": 3.85,
            "travelTimeStandardDeviation": 41.71,
            "sampleSize": 303,
            "normalizedSampleSize": 0.1332,
            "averageTravelTime": 78.94,
            "medianTravelTime": 65.97,
            "travelTimeRatio": 1.0,
            "speedPercentiles": [
              4, 5, 5, 6, 6, 6, 7, 8, 9, 9, 11, 11, 12, 12, 13, 13, 14, 14, 16
            ]
          }
        ]
      }
    },
    {
      "type": "Feature",
      "geometry": {
        "type": "LineString",
        "coordinates": [
          [-73.97671, 40.76501],
          [-73.97412, 40.7639]
        ]
      },
      "properties": {
        "segmentId": -368400000841442,
        "newSegmentId": "-0000554e-3200-0400-0000-00000040f947",
        "speedLimit": 25,
        "frc": 6,
        "streetName": "W 58th St",
        "distance": 821.92,
        "segmentTimeResults": [
          {
            "timeSet": 2,
            "dateRange": 1,
            "harmonicAverageSpeed": 5.16,
            "medianSpeed": 5.9,
            "averageSpeed": 6.71,
            "standardDeviationSpeed": 4.6,
            "travelTimeStandardDeviation": 53.17,
            "sampleSize": 425,
            "normalizedSampleSize": 0.1869,
            "averageTravelTime": 108.34,
            "medianTravelTime": 94.93,
            "travelTimeRatio": 1.0,
            "speedPercentiles": [
              3, 3, 3, 4, 4, 4, 5, 5, 6, 6, 6, 7, 7, 7, 8, 9, 9, 11, 14
            ]
          }
        ]
      }
    },
    {
      "type": "Feature",
      "geometry": {
        "type": "LineString",
        "coordinates": [
          [-73.97489, 40.76166],
          [-73.97535, 40.76103]
        ]
      },
      "properties": {
        "segmentId": -368400000907583,
        "newSegmentId": "-0000554e-3200-0400-0000-00000040f94f",
        "speedLimit": 25,
        "frc": 6,
        "streetName": "5th Ave",
        "distance": 260.79,
        "segmentTimeResults": [
          {
            "timeSet": 2,
            "dateRange": 1,
            "harmonicAverageSpeed": 5.16,
            "medianSpeed": 8.08,
            "averageSpeed": 8.95,
            "standardDeviationSpeed": 6.09,
            "travelTimeStandardDeviation": 29.4,
            "sampleSize": 1256,
            "normalizedSampleSize": 0.5523,
            "averageTravelTime": 34.59,
            "medianTravelTime": 22.01,
            "travelTimeRatio": 1.0,
            "speedPercentiles": [
              2, 2, 3, 3, 4, 5, 5, 6, 7, 8, 9, 9, 11, 12, 13, 14, 16, 17, 21
            ]
          }
        ]
      }
    },
    {
      "type": "Feature",
      "geometry": {
        "type": "LineString",
        "coordinates": [
          [-73.97443, 40.76229],
          [-73.97489, 40.76166]
        ]
      },
      "properties": {
        "segmentId": -368400001118863,
        "newSegmentId": "-0000554e-3200-0400-0000-00000040f951",
        "speedLimit": 25,
        "frc": 6,
        "streetName": "5th Ave",
        "distance": 262.3,
        "segmentTimeResults": [
          {
            "timeSet": 2,
            "dateRange": 1,
            "harmonicAverageSpeed": 7.21,
            "medianSpeed": 9.94,
            "averageSpeed": 11.43,
            "standardDeviationSpeed": 6.96,
            "travelTimeStandardDeviation": 19.12,
            "sampleSize": 1316,
            "normalizedSampleSize": 0.5787,
            "averageTravelTime": 24.77,
            "medianTravelTime": 17.99,
            "travelTimeRatio": 1.0,
            "speedPercentiles": [
              3, 3, 4, 5, 5, 6, 7, 8, 9, 10, 12, 13, 14, 15, 16, 17, 19, 21, 24
            ]
          }
        ]
      }
    },
    {
      "type": "Feature",
      "geometry": {
        "type": "LineString",
        "coordinates": [
          [-73.97396, 40.76297],
          [-73.97443, 40.76229]
        ]
      },
      "properties": {
        "segmentId": -368400000973161,
        "newSegmentId": "-0000554e-3200-0400-0000-00000040f953",
        "speedLimit": 25,
        "frc": 6,
        "streetName": "5th Ave",
        "distance": 280.68,
        "segmentTimeResults": [
          {
            "timeSet": 2,
            "dateRange": 1,
            "harmonicAverageSpeed": 7.08,
            "medianSpeed": 11.81,
            "averageSpeed": 12.12,
            "standardDeviationSpeed": 6.84,
            "travelTimeStandardDeviation": 29.07,
            "sampleSize": 1040,
            "normalizedSampleSize": 0.4573,
            "averageTravelTime": 27.04,
            "medianTravelTime": 16.21,
            "travelTimeRatio": 1.0,
            "speedPercentiles": [
              2, 3, 4, 5, 6, 7, 9, 10, 11, 12, 13, 14, 15, 16, 17, 19, 20, 21,
              23
            ]
          }
        ]
      }
    },
    {
      "type": "Feature",
      "geometry": {
        "type": "LineString",
        "coordinates": [
          [-73.9733, 40.76098],
          [-73.97489, 40.76166]
        ]
      },
      "properties": {
        "segmentId": -368400001146250,
        "newSegmentId": "-0000554e-3200-0400-0000-00000040f95d",
        "speedLimit": 25,
        "frc": 6,
        "streetName": "E 55th St",
        "distance": 505.31,
        "segmentTimeResults": [
          {
            "timeSet": 2,
            "dateRange": 1,
            "harmonicAverageSpeed": 3.29,
            "medianSpeed": 3.6,
            "averageSpeed": 4.41,
            "standardDeviationSpeed": 3.04,
            "travelTimeStandardDeviation": 51.67,
            "sampleSize": 287,
            "normalizedSampleSize": 0.1262,
            "averageTravelTime": 104.3,
            "medianTravelTime": 95.6,
            "travelTimeRatio": 1.0,
            "speedPercentiles": [
              2, 2, 2, 2, 3, 3, 3, 3, 3, 4, 4, 4, 4, 5, 5, 6, 6, 7, 11
            ]
          }
        ]
      }
    },
    {
      "type": "Feature",
      "geometry": {
        "type": "LineString",
        "coordinates": [
          [-73.97761, 40.75794],
          [-73.97764, 40.7579]
        ]
      },
      "properties": {
        "segmentId": -368400001112381,
        "newSegmentId": "-0000554e-3200-0400-0000-00000040fa24",
        "speedLimit": 25,
        "frc": 6,
        "streetName": "5th Ave",
        "distance": 14.96,
        "segmentTimeResults": [
          {
            "timeSet": 2,
            "dateRange": 1,
            "harmonicAverageSpeed": 5.34,
            "medianSpeed": 8.08,
            "averageSpeed": 8.7,
            "standardDeviationSpeed": 4.66,
            "travelTimeStandardDeviation": 3.07,
            "sampleSize": 1425,
            "normalizedSampleSize": 0.6266,
            "averageTravelTime": 1.92,
            "medianTravelTime": 1.26,
            "travelTimeRatio": 1.0,
            "speedPercentiles": [
              2, 3, 4, 5, 5, 6, 7, 7, 7, 8, 9, 9, 10, 11, 11, 12, 13, 15, 17
            ]
          }
        ]
      }
    },
    {
      "type": "Feature",
      "geometry": {
        "type": "LineString",
        "coordinates": [
          [-73.97603, 40.75723],
          [-73.97764, 40.7579]
        ]
      },
      "properties": {
        "segmentId": -368400000992193,
        "newSegmentId": "-0000554e-3200-0400-0000-00000040fa25",
        "speedLimit": 25,
        "frc": 6,
        "streetName": "E 49th St",
        "distance": 508.33,
        "segmentTimeResults": [
          {
            "timeSet": 2,
            "dateRange": 1,
            "harmonicAverageSpeed": 3.48,
            "medianSpeed": 3.79,
            "averageSpeed": 4.47,
            "standardDeviationSpeed": 2.61,
            "travelTimeStandardDeviation": 46.55,
            "sampleSize": 570,
            "normalizedSampleSize": 0.2507,
            "averageTravelTime": 99.0,
            "medianTravelTime": 91.44,
            "travelTimeRatio": 1.0,
            "speedPercentiles": [
              2, 2, 2, 3, 3, 3, 3, 3, 3, 4, 4, 4, 5, 5, 5, 6, 7, 7, 9
            ]
          }
        ]
      }
    },
    {
      "type": "Feature",
      "geometry": {
        "type": "LineString",
        "coordinates": [
          [-73.97764, 40.7579],
          [-73.97811, 40.75729]
        ]
      },
      "properties": {
        "segmentId": -368400000933109,
        "newSegmentId": "-0000554e-3200-0400-0000-00000040fa26",
        "speedLimit": 25,
        "frc": 6,
        "streetName": "5th Ave",
        "distance": 258.83,
        "segmentTimeResults": [
          {
            "timeSet": 2,
            "dateRange": 1,
            "harmonicAverageSpeed": 3.73,
            "medianSpeed": 4.66,
            "averageSpeed": 5.41,
            "standardDeviationSpeed": 3.67,
            "travelTimeStandardDeviation": 27.44,
            "sampleSize": 1557,
            "normalizedSampleSize": 0.6847,
            "averageTravelTime": 47.52,
            "medianTravelTime": 37.87,
            "travelTimeRatio": 1.0,
            "speedPercentiles": [
              2, 2, 2, 2, 2, 3, 3, 3, 4, 5, 5, 6, 6, 7, 7, 8, 9, 10, 12
            ]
          }
        ]
      }
    },
    {
      "type": "Feature",
      "geometry": {
        "type": "LineString",
        "coordinates": [
          [-73.97718, 40.75853],
          [-73.97737, 40.75827]
        ]
      },
      "properties": {
        "segmentId": -368400001112378,
        "newSegmentId": "-0000554e-3200-0400-0000-00000040fa2e",
        "speedLimit": 25,
        "frc": 6,
        "streetName": "5th Ave",
        "distance": 107.25,
        "segmentTimeResults": [
          {
            "timeSet": 2,
            "dateRange": 1,
            "harmonicAverageSpeed": 5.9,
            "medianSpeed": 9.94,
            "averageSpeed": 10.19,
            "standardDeviationSpeed": 5.72,
            "travelTimeStandardDeviation": 33.04,
            "sampleSize": 1388,
            "normalizedSampleSize": 0.6104,
            "averageTravelTime": 12.37,
            "medianTravelTime": 7.36,
            "travelTimeRatio": 1.0,
            "speedPercentiles": [
              2, 3, 4, 5, 5, 6, 7, 9, 9, 10, 11, 11, 12, 13, 14, 14, 16, 17, 21
            ]
          }
        ]
      }
    },
    {
      "type": "Feature",
      "geometry": {
        "type": "LineString",
        "coordinates": [
          [-73.98041, 40.75992],
          [-73.97845, 40.75908]
        ]
      },
      "properties": {
        "segmentId": -368400001287388,
        "newSegmentId": "-0000554e-3200-0400-0000-00000040fa30",
        "speedLimit": 25,
        "frc": 6,
        "streetName": "W 50th St",
        "distance": 624.31,
        "segmentTimeResults": [
          {
            "timeSet": 2,
            "dateRange": 1,
            "harmonicAverageSpeed": 4.16,
            "medianSpeed": 4.78,
            "averageSpeed": 5.28,
            "standardDeviationSpeed": 2.67,
            "travelTimeStandardDeviation": 50.26,
            "sampleSize": 437,
            "normalizedSampleSize": 0.1922,
            "averageTravelTime": 102.66,
            "medianTravelTime": 88.97,
            "travelTimeRatio": 1.0,
            "speedPercentiles": [
              2, 2, 3, 3, 3, 3, 4, 4, 4, 5, 5, 6, 6, 6, 7, 7, 7, 8, 10
            ]
          }
        ]
      }
    },
    {
      "type": "Feature",
      "geometry": {
        "type": "LineString",
        "coordinates": [
          [-73.97845, 40.75908],
          [-73.97791, 40.75884],
          [-73.97718, 40.75853]
        ]
      },
      "properties": {
        "segmentId": -368400001348589,
        "newSegmentId": "-0000554e-3200-0400-0000-00000040fa31",
        "speedLimit": 25,
        "frc": 6,
        "streetName": "W 50th St",
        "distance": 403.97,
        "segmentTimeResults": [
          {
            "timeSet": 2,
            "dateRange": 1,
            "harmonicAverageSpeed": 5.47,
            "medianSpeed": 6.21,
            "averageSpeed": 6.71,
            "standardDeviationSpeed": 3.17,
            "travelTimeStandardDeviation": 25.14,
            "sampleSize": 475,
            "normalizedSampleSize": 0.2089,
            "averageTravelTime": 50.17,
            "medianTravelTime": 44.33,
            "travelTimeRatio": 1.0,
            "speedPercentiles": [
              3, 4, 4, 4, 5, 5, 5, 5, 6, 6, 6, 7, 7, 7, 8, 9, 9, 11, 13
            ]
          }
        ]
      }
    },
    {
      "type": "Feature",
      "geometry": {
        "type": "LineString",
        "coordinates": [
          [-73.97535, 40.76103],
          [-73.97582, 40.7604]
        ]
      },
      "properties": {
        "segmentId": -368400000836255,
        "newSegmentId": "-0000554e-3200-0400-0000-00000040fa47",
        "speedLimit": 25,
        "frc": 6,
        "streetName": "5th Ave",
        "distance": 263.16,
        "segmentTimeResults": [
          {
            "timeSet": 2,
            "dateRange": 1,
            "harmonicAverageSpeed": 4.6,
            "medianSpeed": 6.84,
            "averageSpeed": 8.45,
            "standardDeviationSpeed": 6.28,
            "travelTimeStandardDeviation": 31.81,
            "sampleSize": 1199,
            "normalizedSampleSize": 0.5273,
            "averageTravelTime": 38.82,
            "medianTravelTime": 26.25,
            "travelTimeRatio": 1.0,
            "speedPercentiles": [
              2, 2, 2, 3, 3, 4, 4, 5, 6, 7, 7, 9, 10, 11, 12, 14, 16, 17, 20
            ]
          }
        ]
      }
    },
    {
      "type": "Feature",
      "geometry": {
        "type": "LineString",
        "coordinates": [
          [-73.97418, 40.75973],
          [-73.97582, 40.7604]
        ]
      },
      "properties": {
        "segmentId": -368400000991671,
        "newSegmentId": "-0000554e-3200-0400-0000-00000040fa48",
        "speedLimit": 25,
        "frc": 6,
        "streetName": "E 53rd St",
        "distance": 514.76,
        "segmentTimeResults": [
          {
            "timeSet": 2,
            "dateRange": 1,
            "harmonicAverageSpeed": 2.8,
            "medianSpeed": 2.8,
            "averageSpeed": 3.29,
            "standardDeviationSpeed": 1.74,
            "travelTimeStandardDeviation": 44.36,
            "sampleSize": 387,
            "normalizedSampleSize": 0.1702,
            "averageTravelTime": 125.48,
            "medianTravelTime": 125.52,
            "travelTimeRatio": 1.0,
            "speedPercentiles": [
              2, 2, 2, 2, 2, 2, 2, 2, 3, 3, 3, 3, 3, 3, 4, 4, 5, 5, 6
            ]
          }
        ]
      }
    },
    {
      "type": "Feature",
      "geometry": {
        "type": "LineString",
        "coordinates": [
          [-73.97582, 40.7604],
          [-73.97627, 40.75979]
        ]
      },
      "properties": {
        "segmentId": -368400000903790,
        "newSegmentId": "-0000554e-3200-0400-0000-00000040fa49",
        "speedLimit": 25,
        "frc": 6,
        "streetName": "5th Ave",
        "distance": 258.04,
        "segmentTimeResults": [
          {
            "timeSet": 2,
            "dateRange": 1,
            "harmonicAverageSpeed": 4.16,
            "medianSpeed": 5.84,
            "averageSpeed": 7.39,
            "standardDeviationSpeed": 5.65,
            "travelTimeStandardDeviation": 32.37,
            "sampleSize": 1157,
            "normalizedSampleSize": 0.5088,
            "averageTravelTime": 42.39,
            "medianTravelTime": 30.12,
            "travelTimeRatio": 1.0,
            "speedPercentiles": [
              2, 2, 2, 2, 3, 3, 4, 5, 5, 6, 6, 7, 8, 9, 11, 12, 14, 16, 18
            ]
          }
        ]
      }
    },
    {
      "type": "Feature",
      "geometry": {
        "type": "LineString",
        "coordinates": [
          [-73.9751, 40.75846],
          [-73.97672, 40.75915]
        ]
      },
      "properties": {
        "segmentId": -368400001189297,
        "newSegmentId": "-0000554e-3200-0400-0000-00000040fa63",
        "speedLimit": 25,
        "frc": 6,
        "streetName": "E 51st St",
        "distance": 516.86,
        "segmentTimeResults": [
          {
            "timeSet": 2,
            "dateRange": 1,
            "harmonicAverageSpeed": 3.98,
            "medianSpeed": 4.47,
            "averageSpeed": 5.16,
            "standardDeviationSpeed": 3.17,
            "travelTimeStandardDeviation": 43.9,
            "sampleSize": 549,
            "normalizedSampleSize": 0.2414,
            "averageTravelTime": 88.24,
            "medianTravelTime": 78.77,
            "travelTimeRatio": 1.0,
            "speedPercentiles": [
              2, 2, 3, 3, 3, 4, 4, 4, 4, 4, 5, 5, 5, 5, 6, 6, 8, 9, 11
            ]
          }
        ]
      }
    },
    {
      "type": "Feature",
      "geometry": {
        "type": "LineString",
        "coordinates": [
          [-73.97627, 40.75979],
          [-73.97672, 40.75915]
        ]
      },
      "properties": {
        "segmentId": -368400000977213,
        "newSegmentId": "-0000554e-3200-0400-0000-00000040fa64",
        "speedLimit": 25,
        "frc": 6,
        "streetName": "5th Ave",
        "distance": 262.24,
        "segmentTimeResults": [
          {
            "timeSet": 2,
            "dateRange": 1,
            "harmonicAverageSpeed": 5.1,
            "medianSpeed": 6.84,
            "averageSpeed": 9.13,
            "standardDeviationSpeed": 6.9,
            "travelTimeStandardDeviation": 27.49,
            "sampleSize": 1231,
            "normalizedSampleSize": 0.5413,
            "averageTravelTime": 35.19,
            "medianTravelTime": 26.16,
            "travelTimeRatio": 1.0,
            "speedPercentiles": [
              2, 2, 3, 3, 3, 4, 4, 5, 6, 7, 8, 9, 11, 12, 14, 16, 17, 19, 23
            ]
          }
        ]
      }
    },
    {
      "type": "Feature",
      "geometry": {
        "type": "LineString",
        "coordinates": [
          [-73.98599, 40.75733],
          [-73.98579, 40.75725]
        ]
      },
      "properties": {
        "segmentId": -368400001132794,
        "newSegmentId": "-0000554e-3200-0400-0000-000000410a51",
        "speedLimit": 25,
        "frc": 6,
        "streetName": "W 44th St",
        "distance": 62.93,
        "segmentTimeResults": [
          {
            "timeSet": 2,
            "dateRange": 1,
            "harmonicAverageSpeed": 6.52,
            "medianSpeed": 9.94,
            "averageSpeed": 11.37,
            "standardDeviationSpeed": 6.28,
            "travelTimeStandardDeviation": 10.44,
            "sampleSize": 351,
            "normalizedSampleSize": 0.1544,
            "averageTravelTime": 6.59,
            "medianTravelTime": 4.32,
            "travelTimeRatio": 1.0,
            "speedPercentiles": [
              2, 4, 4, 5, 7, 9, 9, 9, 9, 10, 11, 12, 14, 15, 16, 16, 18, 19, 23
            ]
          }
        ]
      }
    },
    {
      "type": "Feature",
      "geometry": {
        "type": "LineString",
        "coordinates": [
          [-73.98145, 40.76783],
          [-73.98123, 40.76774]
        ]
      },
      "properties": {
        "segmentId": -368400001132865,
        "newSegmentId": "-0000554e-3200-0400-0000-000000410cdd",
        "speedLimit": 25,
        "frc": 6,
        "streetName": "Central Park S",
        "distance": 69.23,
        "segmentTimeResults": [
          {
            "timeSet": 2,
            "dateRange": 1,
            "harmonicAverageSpeed": 8.2,
            "medianSpeed": 13.05,
            "averageSpeed": 12.74,
            "standardDeviationSpeed": 5.9,
            "travelTimeStandardDeviation": 6.41,
            "sampleSize": 650,
            "normalizedSampleSize": 0.2858,
            "averageTravelTime": 5.77,
            "medianTravelTime": 3.62,
            "travelTimeRatio": 1.0,
            "speedPercentiles": [
              2, 5, 6, 7, 9, 10, 11, 11, 12, 13, 14, 14, 15, 16, 16, 17, 19, 20,
              22
            ]
          }
        ]
      }
    },
    {
      "type": "Feature",
      "geometry": {
        "type": "LineString",
        "coordinates": [
          [-73.98641, 40.75581],
          [-73.98597, 40.75563],
          [-73.98518, 40.7553],
          [-73.9841, 40.75485]
        ]
      },
      "properties": {
        "segmentId": -368400000991670,
        "newSegmentId": "-0000554e-3200-0400-0000-000000410f95",
        "speedLimit": 25,
        "frc": 4,
        "streetName": "W 42nd St",
        "distance": 729.72,
        "segmentTimeResults": [
          {
            "timeSet": 2,
            "dateRange": 1,
            "harmonicAverageSpeed": 6.34,
            "medianSpeed": 6.84,
            "averageSpeed": 7.33,
            "standardDeviationSpeed": 4.16,
            "travelTimeStandardDeviation": 28.18,
            "sampleSize": 314,
            "normalizedSampleSize": 0.1381,
            "averageTravelTime": 78.45,
            "medianTravelTime": 72.79,
            "travelTimeRatio": 1.0,
            "speedPercentiles": [
              4, 4, 5, 5, 6, 6, 6, 6, 6, 7, 7, 7, 7, 8, 8, 9, 9, 9, 11
            ]
          }
        ]
      }
    },
    {
      "type": "Feature",
      "geometry": {
        "type": "LineString",
        "coordinates": [
          [-73.98641, 40.75581],
          [-73.98665, 40.75503]
        ]
      },
      "properties": {
        "segmentId": -368400000892815,
        "newSegmentId": "-0000554e-3200-0400-0000-000000410f96",
        "speedLimit": 25,
        "frc": 6,
        "streetName": "Broadway",
        "distance": 290.98,
        "segmentTimeResults": [
          {
            "timeSet": 2,
            "dateRange": 1,
            "harmonicAverageSpeed": 3.73,
            "medianSpeed": 4.29,
            "averageSpeed": 5.78,
            "standardDeviationSpeed": 5.16,
            "travelTimeStandardDeviation": 41.26,
            "sampleSize": 338,
            "normalizedSampleSize": 0.1486,
            "averageTravelTime": 53.3,
            "medianTravelTime": 46.27,
            "travelTimeRatio": 1.0,
            "speedPercentiles": [
              2, 2, 3, 3, 3, 3, 3, 4, 4, 4, 5, 5, 5, 6, 7, 8, 9, 10, 14
            ]
          }
        ]
      }
    },
    {
      "type": "Feature",
      "geometry": {
        "type": "LineString",
        "coordinates": [
          [-73.98599, 40.75733],
          [-73.98645, 40.7567]
        ]
      },
      "properties": {
        "segmentId": -368400001070435,
        "newSegmentId": "-0000554e-3200-0400-0000-000000410f98",
        "speedLimit": 25,
        "frc": 4,
        "streetName": "7th Ave",
        "distance": 261.58,
        "segmentTimeResults": [
          {
            "timeSet": 2,
            "dateRange": 1,
            "harmonicAverageSpeed": 3.85,
            "medianSpeed": 5.9,
            "averageSpeed": 6.96,
            "standardDeviationSpeed": 5.53,
            "travelTimeStandardDeviation": 36.83,
            "sampleSize": 1595,
            "normalizedSampleSize": 0.7014,
            "averageTravelTime": 46.07,
            "medianTravelTime": 30.21,
            "travelTimeRatio": 1.0,
            "speedPercentiles": [
              2, 2, 2, 2, 3, 3, 3, 4, 5, 6, 7, 7, 8, 9, 10, 11, 12, 14, 16
            ]
          }
        ]
      }
    },
    {
      "type": "Feature",
      "geometry": {
        "type": "LineString",
        "coordinates": [
          [-73.98694, 40.75605],
          [-73.98641, 40.75581]
        ]
      },
      "properties": {
        "segmentId": -368400001295867,
        "newSegmentId": "-0000554e-3200-0400-0000-000000410f9d",
        "speedLimit": 25,
        "frc": 4,
        "streetName": "W 42nd St",
        "distance": 171.1,
        "segmentTimeResults": [
          {
            "timeSet": 2,
            "dateRange": 1,
            "harmonicAverageSpeed": 5.16,
            "medianSpeed": 9.32,
            "averageSpeed": 9.76,
            "standardDeviationSpeed": 7.64,
            "travelTimeStandardDeviation": 18.1,
            "sampleSize": 503,
            "normalizedSampleSize": 0.2212,
            "averageTravelTime": 22.59,
            "medianTravelTime": 12.52,
            "travelTimeRatio": 1.0,
            "speedPercentiles": [
              2, 2, 2, 3, 3, 3, 5, 6, 8, 9, 10, 11, 12, 13, 14, 16, 17, 18, 21
            ]
          }
        ]
      }
    },
    {
      "type": "Feature",
      "geometry": {
        "type": "LineString",
        "coordinates": [
          [-73.98694, 40.75605],
          [-73.98744, 40.75537]
        ]
      },
      "properties": {
        "segmentId": -368400001222706,
        "newSegmentId": "-0000554e-3200-0400-0000-000000410f9e",
        "speedLimit": 25,
        "frc": 4,
        "streetName": "7th Ave",
        "distance": 284.42,
        "segmentTimeResults": [
          {
            "timeSet": 2,
            "dateRange": 1,
            "harmonicAverageSpeed": 6.52,
            "medianSpeed": 9.94,
            "averageSpeed": 10.19,
            "standardDeviationSpeed": 6.03,
            "travelTimeStandardDeviation": 22.15,
            "sampleSize": 1522,
            "normalizedSampleSize": 0.6693,
            "averageTravelTime": 29.68,
            "medianTravelTime": 19.51,
            "travelTimeRatio": 1.0,
            "speedPercentiles": [
              3, 3, 3, 4, 5, 6, 7, 8, 9, 10, 11, 11, 12, 13, 14, 16, 17, 19, 21
            ]
          }
        ]
      }
    },
    {
      "type": "Feature",
      "geometry": {
        "type": "LineString",
        "coordinates": [
          [-73.97789, 40.75472],
          [-73.97947, 40.75541]
        ]
      },
      "properties": {
        "segmentId": -368400000978031,
        "newSegmentId": "-0000554e-3200-0400-0000-000000410fa0",
        "speedLimit": 25,
        "frc": 6,
        "streetName": "E 45th St",
        "distance": 504.49,
        "segmentTimeResults": [
          {
            "timeSet": 2,
            "dateRange": 1,
            "harmonicAverageSpeed": 3.42,
            "medianSpeed": 3.6,
            "averageSpeed": 4.47,
            "standardDeviationSpeed": 3.04,
            "travelTimeStandardDeviation": 49.11,
            "sampleSize": 377,
            "normalizedSampleSize": 0.1658,
            "averageTravelTime": 101.27,
            "medianTravelTime": 95.44,
            "travelTimeRatio": 1.0,
            "speedPercentiles": [
              2, 2, 2, 2, 3, 3, 3, 3, 3, 4, 4, 4, 4, 5, 5, 6, 7, 7, 10
            ]
          }
        ]
      }
    },
    {
      "type": "Feature",
      "geometry": {
        "type": "LineString",
        "coordinates": [
          [-73.97693, 40.75598],
          [-73.97712, 40.75606],
          [-73.97841, 40.7566],
          [-73.97856, 40.75667]
        ]
      },
      "properties": {
        "segmentId": -368400000886483,
        "newSegmentId": "-0000554e-3200-0400-0000-000000410fa7",
        "speedLimit": 25,
        "frc": 6,
        "streetName": "E 47th St",
        "distance": 516.17,
        "segmentTimeResults": [
          {
            "timeSet": 2,
            "dateRange": 1,
            "harmonicAverageSpeed": 5.53,
            "medianSpeed": 5.9,
            "averageSpeed": 7.02,
            "standardDeviationSpeed": 3.85,
            "travelTimeStandardDeviation": 30.93,
            "sampleSize": 184,
            "normalizedSampleSize": 0.0809,
            "averageTravelTime": 63.88,
            "medianTravelTime": 59.62,
            "travelTimeRatio": 1.0,
            "speedPercentiles": [
              3, 3, 4, 4, 4, 5, 5, 5, 6, 6, 6, 6, 7, 8, 9, 10, 11, 13, 14
            ]
          }
        ]
      }
    },
    {
      "type": "Feature",
      "geometry": {
        "type": "LineString",
        "coordinates": [
          [-73.98719, 40.75782],
          [-73.98599, 40.75733]
        ]
      },
      "properties": {
        "segmentId": -368400001076689,
        "newSegmentId": "-0000554e-3200-0400-0000-0000004113df",
        "speedLimit": 25,
        "frc": 6,
        "streetName": "W 44th St",
        "distance": 377.2,
        "segmentTimeResults": [
          {
            "timeSet": 2,
            "dateRange": 1,
            "harmonicAverageSpeed": 2.55,
            "medianSpeed": 2.86,
            "averageSpeed": 3.42,
            "standardDeviationSpeed": 3.67,
            "travelTimeStandardDeviation": 48.82,
            "sampleSize": 372,
            "normalizedSampleSize": 0.1636,
            "averageTravelTime": 102.3,
            "medianTravelTime": 90.17,
            "travelTimeRatio": 1.0,
            "speedPercentiles": [
              1, 2, 2, 2, 2, 2, 2, 3, 3, 3, 3, 3, 3, 3, 3, 4, 4, 5, 8
            ]
          }
        ]
      }
    },
    {
      "type": "Feature",
      "geometry": {
        "type": "LineString",
        "coordinates": [
          [-73.98884, 40.75853],
          [-73.98757, 40.75799],
          [-73.98719, 40.75782]
        ]
      },
      "properties": {
        "segmentId": -368400000895266,
        "newSegmentId": "-0000554e-3200-0400-0000-0000004113e0",
        "speedLimit": 25,
        "frc": 6,
        "streetName": "W 44th St",
        "distance": 526.18,
        "segmentTimeResults": [
          {
            "timeSet": 2,
            "dateRange": 1,
            "harmonicAverageSpeed": 3.29,
            "medianSpeed": 3.79,
            "averageSpeed": 5.65,
            "standardDeviationSpeed": 5.03,
            "travelTimeStandardDeviation": 78.59,
            "sampleSize": 420,
            "normalizedSampleSize": 0.1847,
            "averageTravelTime": 110.0,
            "medianTravelTime": 94.65,
            "travelTimeRatio": 1.0,
            "speedPercentiles": [
              1, 2, 2, 2, 2, 3, 3, 3, 4, 4, 5, 5, 6, 7, 7, 9, 10, 12, 14
            ]
          }
        ]
      }
    },
    {
      "type": "Feature",
      "geometry": {
        "type": "LineString",
        "coordinates": [
          [-73.98675, 40.75846],
          [-73.98719, 40.75782]
        ]
      },
      "properties": {
        "segmentId": -368400001129835,
        "newSegmentId": "-0000554e-3200-0400-0000-0000004113e2",
        "speedLimit": 11,
        "frc": 7,
        "streetName": "Shubert Aly",
        "distance": 263.19,
        "segmentTimeResults": [
          {
            "timeSet": 2,
            "dateRange": 1,
            "harmonicAverageSpeed": 0.0,
            "medianSpeed": 0.0,
            "averageSpeed": 0.0,
            "sampleSize": 0,
            "normalizedSampleSize": 0.0,
            "averageTravelTime": 0.0,
            "medianTravelTime": 0.0,
            "travelTimeRatio": 0.0,
            "speedPercentiles": [
              0, 0, 0, 0, 0, 0, 0, 0, 0, 0, 0, 0, 0, 0, 0, 0, 0, 0, 0
            ]
          }
        ]
      }
    },
    {
      "type": "Feature",
      "geometry": {
        "type": "LineString",
        "coordinates": [
          [-73.97993, 40.75476],
          [-73.98023, 40.75436]
        ]
      },
      "properties": {
        "segmentId": -368400001110733,
        "newSegmentId": "-0000554e-3200-0400-0000-0000004118f9",
        "speedLimit": 25,
        "frc": 6,
        "streetName": "5th Ave",
        "distance": 168.77,
        "segmentTimeResults": [
          {
            "timeSet": 2,
            "dateRange": 1,
            "harmonicAverageSpeed": 5.78,
            "medianSpeed": 9.32,
            "averageSpeed": 10.87,
            "standardDeviationSpeed": 7.64,
            "travelTimeStandardDeviation": 18.42,
            "sampleSize": 1746,
            "normalizedSampleSize": 0.7678,
            "averageTravelTime": 19.98,
            "medianTravelTime": 12.35,
            "travelTimeRatio": 1.0,
            "speedPercentiles": [
              2, 2, 3, 4, 5, 6, 6, 7, 8, 9, 11, 11, 11, 12, 16, 18, 21, 23, 25
            ]
          }
        ]
      }
    },
    {
      "type": "Feature",
      "geometry": {
        "type": "LineString",
        "coordinates": [
          [-73.97348, 40.76364],
          [-73.97383, 40.76314],
          [-73.97396, 40.76297]
        ]
      },
      "properties": {
        "segmentId": -368400001220596,
        "newSegmentId": "-0000554e-3200-0400-0000-000000411915",
        "speedLimit": 25,
        "frc": 5,
        "streetName": "5th Ave",
        "distance": 276.57,
        "segmentTimeResults": [
          {
            "timeSet": 2,
            "dateRange": 1,
            "harmonicAverageSpeed": 10.07,
            "medianSpeed": 14.91,
            "averageSpeed": 14.85,
            "standardDeviationSpeed": 7.46,
            "travelTimeStandardDeviation": 16.82,
            "sampleSize": 1115,
            "normalizedSampleSize": 0.4903,
            "averageTravelTime": 18.79,
            "medianTravelTime": 12.65,
            "travelTimeRatio": 1.0,
            "speedPercentiles": [
              3, 5, 6, 7, 9, 10, 11, 12, 14, 15, 16, 17, 18, 19, 20, 21, 22, 24,
              26
            ]
          }
        ]
      }
    },
    {
      "type": "Feature",
      "geometry": {
        "type": "LineString",
        "coordinates": [
          [-73.97672, 40.75915],
          [-73.97718, 40.75853]
        ]
      },
      "properties": {
        "segmentId": -368400001268249,
        "newSegmentId": "-0000554e-3200-0400-0000-000000411922",
        "speedLimit": 25,
        "frc": 6,
        "streetName": "5th Ave",
        "distance": 260.5,
        "segmentTimeResults": [
          {
            "timeSet": 2,
            "dateRange": 1,
            "harmonicAverageSpeed": 3.79,
            "medianSpeed": 5.1,
            "averageSpeed": 6.52,
            "standardDeviationSpeed": 5.16,
            "travelTimeStandardDeviation": 34.71,
            "sampleSize": 1255,
            "normalizedSampleSize": 0.5519,
            "averageTravelTime": 47.07,
            "medianTravelTime": 34.9,
            "travelTimeRatio": 1.0,
            "speedPercentiles": [
              2, 2, 2, 2, 2, 3, 3, 4, 4, 5, 6, 6, 7, 8, 9, 11, 12, 14, 17
            ]
          }
        ]
      }
    },
    {
      "type": "Feature",
      "geometry": {
        "type": "LineString",
        "coordinates": [
          [-73.98176, 40.76766],
          [-73.98171, 40.76754],
          [-73.98169, 40.7675],
          [-73.9817, 40.76742],
          [-73.98175, 40.76714]
        ]
      },
      "properties": {
        "segmentId": -368400001132786,
        "newSegmentId": "-0000554e-3200-0400-0000-00000041235e",
        "speedLimit": 25,
        "frc": 5,
        "streetName": "Broadway",
        "distance": 195.96,
        "segmentTimeResults": [
          {
            "timeSet": 2,
            "dateRange": 1,
            "harmonicAverageSpeed": 5.22,
            "medianSpeed": 5.34,
            "averageSpeed": 6.28,
            "standardDeviationSpeed": 3.11,
            "travelTimeStandardDeviation": 11.35,
            "sampleSize": 780,
            "normalizedSampleSize": 0.343,
            "averageTravelTime": 25.53,
            "medianTravelTime": 25.0,
            "travelTimeRatio": 1.0,
            "speedPercentiles": [
              3, 4, 4, 4, 4, 5, 5, 5, 5, 5, 6, 6, 6, 7, 7, 8, 9, 10, 12
            ]
          }
        ]
      }
    },
    {
      "type": "Feature",
      "geometry": {
        "type": "LineString",
        "coordinates": [
          [-73.98123, 40.76774],
          [-73.97931, 40.76694]
        ]
      },
      "properties": {
        "segmentId": -368400000973444,
        "newSegmentId": "-0000554e-3200-0400-0000-000000413aee",
        "speedLimit": 25,
        "frc": 6,
        "streetName": "Central Park S",
        "distance": 607.12,
        "segmentTimeResults": [
          {
            "timeSet": 2,
            "dateRange": 1,
            "harmonicAverageSpeed": 5.1,
            "medianSpeed": 5.1,
            "averageSpeed": 7.71,
            "standardDeviationSpeed": 5.03,
            "travelTimeStandardDeviation": 50.33,
            "sampleSize": 605,
            "normalizedSampleSize": 0.2661,
            "averageTravelTime": 81.49,
            "medianTravelTime": 81.34,
            "travelTimeRatio": 1.0,
            "speedPercentiles": [
              2, 2, 3, 4, 4, 4, 4, 4, 5, 5, 6, 7, 9, 11, 12, 13, 14, 16, 17
            ]
          }
        ]
      }
    },
    {
      "type": "Feature",
      "geometry": {
        "type": "LineString",
        "coordinates": [
          [-73.97383, 40.76468],
          [-73.97366, 40.7646]
        ]
      },
      "properties": {
        "segmentId": -368400001132860,
        "newSegmentId": "-0000554e-3200-0400-0000-000000413b5d",
        "speedLimit": 25,
        "frc": 6,
        "streetName": "Central Park S",
        "distance": 53.67,
        "segmentTimeResults": [
          {
            "timeSet": 2,
            "dateRange": 1,
            "harmonicAverageSpeed": 4.91,
            "medianSpeed": 9.94,
            "averageSpeed": 10.44,
            "standardDeviationSpeed": 6.84,
            "travelTimeStandardDeviation": 9.13,
            "sampleSize": 714,
            "normalizedSampleSize": 0.314,
            "averageTravelTime": 7.49,
            "medianTravelTime": 3.68,
            "travelTimeRatio": 1.0,
            "speedPercentiles": [
              1, 2, 2, 3, 5, 6, 7, 8, 9, 10, 11, 11, 12, 14, 15, 16, 18, 20, 22
            ]
          }
        ]
      }
    },
    {
      "type": "Feature",
      "geometry": {
        "type": "LineString",
        "coordinates": [
          [-73.98677, 40.75627],
          [-73.98694, 40.75605]
        ]
      },
      "properties": {
        "segmentId": -368400001222705,
        "newSegmentId": "-0000554e-3200-0400-0000-000000413d99",
        "speedLimit": 25,
        "frc": 4,
        "streetName": "7th Ave",
        "distance": 93.64,
        "segmentTimeResults": [
          {
            "timeSet": 2,
            "dateRange": 1,
            "harmonicAverageSpeed": 6.84,
            "medianSpeed": 11.81,
            "averageSpeed": 11.62,
            "standardDeviationSpeed": 6.15,
            "travelTimeStandardDeviation": 10.95,
            "sampleSize": 1590,
            "normalizedSampleSize": 0.6992,
            "averageTravelTime": 9.38,
            "medianTravelTime": 5.41,
            "travelTimeRatio": 1.0,
            "speedPercentiles": [
              2, 3, 5, 6, 7, 8, 9, 10, 11, 12, 12, 13, 14, 15, 16, 16, 17, 19,
              21
            ]
          }
        ]
      }
    },
    {
      "type": "Feature",
      "geometry": {
        "type": "LineString",
        "coordinates": [
          [-73.9841, 40.75485],
          [-73.98368, 40.75465]
        ]
      },
      "properties": {
        "segmentId": -368400001144873,
        "newSegmentId": "-0000554e-3200-0400-0000-000000413da9",
        "speedLimit": 25,
        "frc": 4,
        "streetName": "W 42nd St",
        "distance": 135.4,
        "segmentTimeResults": [
          {
            "timeSet": 2,
            "dateRange": 1,
            "harmonicAverageSpeed": 11.25,
            "medianSpeed": 16.78,
            "averageSpeed": 16.65,
            "standardDeviationSpeed": 7.83,
            "travelTimeStandardDeviation": 9.64,
            "sampleSize": 512,
            "normalizedSampleSize": 0.2252,
            "averageTravelTime": 8.2,
            "medianTravelTime": 5.5,
            "travelTimeRatio": 1.0,
            "speedPercentiles": [
              4, 6, 7, 9, 11, 12, 14, 15, 16, 17, 17, 19, 19, 21, 22, 23, 24,
              27, 29
            ]
          }
        ]
      }
    },
    {
      "type": "Feature",
      "geometry": {
        "type": "LineString",
        "coordinates": [
          [-73.98144, 40.75371],
          [-73.98087, 40.75348]
        ]
      },
      "properties": {
        "segmentId": -368400001110727,
        "newSegmentId": "-0000554e-3200-0400-0000-000000413daa",
        "speedLimit": 25,
        "frc": 4,
        "streetName": "W 42nd St",
        "distance": 177.49,
        "segmentTimeResults": [
          {
            "timeSet": 2,
            "dateRange": 1,
            "harmonicAverageSpeed": 5.84,
            "medianSpeed": 12.43,
            "averageSpeed": 11.74,
            "standardDeviationSpeed": 7.33,
            "travelTimeStandardDeviation": 21.05,
            "sampleSize": 499,
            "normalizedSampleSize": 0.2194,
            "averageTravelTime": 20.83,
            "medianTravelTime": 9.74,
            "travelTimeRatio": 1.0,
            "speedPercentiles": [
              2, 2, 2, 3, 5, 6, 7, 9, 11, 12, 14, 14, 16, 17, 18, 19, 20, 21, 22
            ]
          }
        ]
      }
    },
    {
      "type": "Feature",
      "geometry": {
        "type": "LineString",
        "coordinates": [
          [-73.9824, 40.75412],
          [-73.98144, 40.75371]
        ]
      },
      "properties": {
        "segmentId": -368400000984876,
        "newSegmentId": "-0000554e-3200-0400-0000-000000413dab",
        "speedLimit": 25,
        "frc": 4,
        "streetName": "W 42nd St",
        "distance": 304.82,
        "segmentTimeResults": [
          {
            "timeSet": 2,
            "dateRange": 1,
            "harmonicAverageSpeed": 4.04,
            "medianSpeed": 3.85,
            "averageSpeed": 7.64,
            "standardDeviationSpeed": 6.96,
            "travelTimeStandardDeviation": 36.76,
            "sampleSize": 493,
            "normalizedSampleSize": 0.2168,
            "averageTravelTime": 51.64,
            "medianTravelTime": 53.95,
            "travelTimeRatio": 1.0,
            "speedPercentiles": [
              2, 2, 3, 3, 3, 3, 3, 3, 4, 4, 4, 5, 7, 10, 11, 13, 15, 19, 22
            ]
          }
        ]
      }
    },
    {
      "type": "Feature",
      "geometry": {
        "type": "LineString",
        "coordinates": [
          [-73.98553, 40.75796],
          [-73.98575, 40.75766]
        ]
      },
      "properties": {
        "segmentId": -368400001076545,
        "newSegmentId": "-0000554e-3200-0400-0000-00000049f6cf",
        "speedLimit": 25,
        "frc": 4,
        "streetName": "7th Ave",
        "distance": 125.59,
        "segmentTimeResults": [
          {
            "timeSet": 2,
            "dateRange": 1,
            "harmonicAverageSpeed": 4.85,
            "medianSpeed": 8.08,
            "averageSpeed": 9.51,
            "standardDeviationSpeed": 6.34,
            "travelTimeStandardDeviation": 18.92,
            "sampleSize": 1549,
            "normalizedSampleSize": 0.6812,
            "averageTravelTime": 17.57,
            "medianTravelTime": 10.6,
            "travelTimeRatio": 1.0,
            "speedPercentiles": [
              1, 2, 3, 4, 4, 5, 6, 6, 7, 8, 9, 10, 11, 13, 14, 16, 17, 19, 21
            ]
          }
        ]
      }
    },
    {
      "type": "Feature",
      "geometry": {
        "type": "LineString",
        "coordinates": [
          [-73.98585, 40.75753],
          [-73.98599, 40.75733]
        ]
      },
      "properties": {
        "segmentId": -368400001132793,
        "newSegmentId": "-0000554e-3200-0400-0000-00000049f6d3",
        "speedLimit": 25,
        "frc": 4,
        "streetName": "7th Ave",
        "distance": 83.2,
        "segmentTimeResults": [
          {
            "timeSet": 2,
            "dateRange": 1,
            "harmonicAverageSpeed": 3.67,
            "medianSpeed": 6.84,
            "averageSpeed": 7.95,
            "standardDeviationSpeed": 5.9,
            "travelTimeStandardDeviation": 17.76,
            "sampleSize": 1572,
            "normalizedSampleSize": 0.6913,
            "averageTravelTime": 15.44,
            "medianTravelTime": 8.3,
            "travelTimeRatio": 1.0,
            "speedPercentiles": [
              1, 1, 2, 3, 4, 4, 5, 5, 6, 7, 7, 8, 9, 10, 11, 12, 15, 16, 19
            ]
          }
        ]
      }
    },
    {
      "type": "Feature",
      "geometry": {
        "type": "LineString",
        "coordinates": [
          [-73.98575, 40.75766],
          [-73.98585, 40.75753]
        ]
      },
      "properties": {
        "segmentId": -368400001132792,
        "newSegmentId": "-0000554e-3200-0400-0000-00000049f6d4",
        "speedLimit": 25,
        "frc": 4,
        "streetName": "7th Ave",
        "distance": 53.77,
        "segmentTimeResults": [
          {
            "timeSet": 2,
            "dateRange": 1,
            "harmonicAverageSpeed": 3.54,
            "medianSpeed": 7.46,
            "averageSpeed": 8.76,
            "standardDeviationSpeed": 6.34,
            "travelTimeStandardDeviation": 13.87,
            "sampleSize": 1559,
            "normalizedSampleSize": 0.6856,
            "averageTravelTime": 10.29,
            "medianTravelTime": 4.92,
            "travelTimeRatio": 1.0,
            "speedPercentiles": [
              1, 1, 2, 3, 4, 5, 5, 6, 7, 7, 8, 9, 10, 11, 13, 14, 16, 18, 21
            ]
          }
        ]
      }
    },
    {
      "type": "Feature",
      "geometry": {
        "type": "LineString",
        "coordinates": [
          [-73.98368, 40.75465],
          [-73.98364, 40.75463],
          [-73.98334, 40.75451]
        ]
      },
      "properties": {
        "segmentId": -368400001144875,
        "newSegmentId": "-0000554e-3200-0400-0000-0000004b87ef",
        "speedLimit": 25,
        "frc": 4,
        "streetName": "W 42nd St",
        "distance": 106.23,
        "segmentTimeResults": [
          {
            "timeSet": 2,
            "dateRange": 1,
            "harmonicAverageSpeed": 10.5,
            "medianSpeed": 18.64,
            "averageSpeed": 16.96,
            "standardDeviationSpeed": 7.95,
            "travelTimeStandardDeviation": 8.12,
            "sampleSize": 511,
            "normalizedSampleSize": 0.2247,
            "averageTravelTime": 6.89,
            "medianTravelTime": 3.89,
            "travelTimeRatio": 1.0,
            "speedPercentiles": [
              3, 5, 7, 8, 11, 14, 16, 17, 17, 19, 19, 20, 21, 21, 22, 23, 24,
              25, 28
            ]
          }
        ]
      }
    },
    {
      "type": "Feature",
      "geometry": {
        "type": "LineString",
        "coordinates": [
          [-73.98444, 40.75945],
          [-73.98461, 40.75921]
        ]
      },
      "properties": {
        "segmentId": -368400001063582,
        "newSegmentId": "-0000554e-3200-0400-0000-0000004bbb1c",
        "speedLimit": 25,
        "frc": 4,
        "streetName": "7th Ave",
        "distance": 100.2,
        "segmentTimeResults": [
          {
            "timeSet": 2,
            "dateRange": 1,
            "harmonicAverageSpeed": 4.04,
            "medianSpeed": 8.7,
            "averageSpeed": 9.26,
            "standardDeviationSpeed": 6.15,
            "travelTimeStandardDeviation": 20.99,
            "sampleSize": 1389,
            "normalizedSampleSize": 0.6108,
            "averageTravelTime": 16.87,
            "medianTravelTime": 7.85,
            "travelTimeRatio": 1.0,
            "speedPercentiles": [
              1, 1, 2, 3, 4, 5, 6, 7, 8, 9, 10, 11, 12, 12, 14, 14, 16, 17, 19
            ]
          }
        ]
      }
    },
    {
      "type": "Feature",
      "geometry": {
        "type": "LineString",
        "coordinates": [
          [-73.98416, 40.75984],
          [-73.98444, 40.75945]
        ]
      },
      "properties": {
        "segmentId": -368400000980727,
        "newSegmentId": "-0000554e-3200-0400-0000-0000004bbb1d",
        "speedLimit": 25,
        "frc": 4,
        "streetName": "7th Ave",
        "distance": 160.5,
        "segmentTimeResults": [
          {
            "timeSet": 2,
            "dateRange": 1,
            "harmonicAverageSpeed": 5.16,
            "medianSpeed": 8.08,
            "averageSpeed": 8.45,
            "standardDeviationSpeed": 5.28,
            "travelTimeStandardDeviation": 19.76,
            "sampleSize": 1351,
            "normalizedSampleSize": 0.5941,
            "averageTravelTime": 21.16,
            "medianTravelTime": 13.55,
            "travelTimeRatio": 1.0,
            "speedPercentiles": [
              2, 2, 3, 4, 5, 5, 6, 6, 7, 8, 9, 9, 9, 11, 11, 12, 14, 15, 17
            ]
          }
        ]
      }
    },
    {
      "type": "Feature",
      "geometry": {
        "type": "LineString",
        "coordinates": [
          [-73.98517, 40.75844],
          [-73.98553, 40.75796]
        ]
      },
      "properties": {
        "segmentId": -368400001155912,
        "newSegmentId": "-0000554e-3200-0400-0000-0000004c0a18",
        "speedLimit": 25,
        "frc": 4,
        "streetName": "7th Ave",
        "distance": 200.62,
        "segmentTimeResults": [
          {
            "timeSet": 2,
            "dateRange": 1,
            "harmonicAverageSpeed": 6.15,
            "medianSpeed": 9.94,
            "averageSpeed": 11.06,
            "standardDeviationSpeed": 7.02,
            "travelTimeStandardDeviation": 21.93,
            "sampleSize": 1520,
            "normalizedSampleSize": 0.6684,
            "averageTravelTime": 22.26,
            "medianTravelTime": 13.76,
            "travelTimeRatio": 1.0,
            "speedPercentiles": [
              2, 2, 3, 4, 5, 6, 7, 8, 9, 10, 11, 12, 14, 15, 16, 17, 19, 21, 24
            ]
          }
        ]
      }
    },
    {
      "type": "Feature",
      "geometry": {
        "type": "LineString",
        "coordinates": [
          [-73.98507, 40.75858],
          [-73.98517, 40.75844]
        ]
      },
      "properties": {
        "segmentId": -368400001065966,
        "newSegmentId": "-0000554e-3200-0400-0000-0000004c0a19",
        "speedLimit": 25,
        "frc": 4,
        "streetName": "7th Ave",
        "distance": 57.61,
        "segmentTimeResults": [
          {
            "timeSet": 2,
            "dateRange": 1,
            "harmonicAverageSpeed": 9.38,
            "medianSpeed": 13.67,
            "averageSpeed": 14.17,
            "standardDeviationSpeed": 7.02,
            "travelTimeStandardDeviation": 4.46,
            "sampleSize": 1542,
            "normalizedSampleSize": 0.6781,
            "averageTravelTime": 4.19,
            "medianTravelTime": 2.87,
            "travelTimeRatio": 1.0,
            "speedPercentiles": [
              3, 5, 7, 7, 9, 10, 11, 12, 13, 14, 15, 16, 16, 17, 19, 19, 21, 24,
              27
            ]
          }
        ]
      }
    },
    {
      "type": "Feature",
      "geometry": {
        "type": "LineString",
        "coordinates": [
          [-73.98336, 40.76693],
          [-73.98287, 40.76673]
        ]
      },
      "properties": {
        "segmentId": -368400001233343,
        "newSegmentId": "-0000554e-3200-0400-0000-0000004cd278",
        "speedLimit": 25,
        "frc": 7,
        "streetName": "W 57th St",
        "distance": 153.67,
        "segmentTimeResults": [
          {
            "timeSet": 2,
            "dateRange": 1,
            "harmonicAverageSpeed": 6.84,
            "medianSpeed": 13.05,
            "averageSpeed": 12.24,
            "standardDeviationSpeed": 6.4,
            "travelTimeStandardDeviation": 19.36,
            "sampleSize": 484,
            "normalizedSampleSize": 0.2128,
            "averageTravelTime": 15.37,
            "medianTravelTime": 8.03,
            "travelTimeRatio": 1.0,
            "speedPercentiles": [
              2, 3, 4, 5, 7, 8, 9, 11, 12, 13, 14, 14, 15, 16, 16, 17, 19, 20,
              22
            ]
          }
        ]
      }
    },
    {
      "type": "Feature",
      "geometry": {
        "type": "LineString",
        "coordinates": [
          [-73.98542, 40.7678],
          [-73.98457, 40.76744],
          [-73.98336, 40.76693]
        ]
      },
      "properties": {
        "segmentId": -368400000883295,
        "newSegmentId": "-0000554e-3200-0400-0000-0000004cd279",
        "speedLimit": 25,
        "frc": 7,
        "streetName": "W 57th St",
        "distance": 652.95,
        "segmentTimeResults": [
          {
            "timeSet": 2,
            "dateRange": 1,
            "harmonicAverageSpeed": 6.59,
            "medianSpeed": 10.56,
            "averageSpeed": 10.0,
            "standardDeviationSpeed": 5.16,
            "travelTimeStandardDeviation": 57.0,
            "sampleSize": 447,
            "normalizedSampleSize": 0.1966,
            "averageTravelTime": 67.83,
            "medianTravelTime": 42.15,
            "travelTimeRatio": 1.0,
            "speedPercentiles": [
              2, 3, 4, 5, 5, 6, 7, 9, 9, 11, 11, 12, 12, 13, 14, 14, 16, 17, 18
            ]
          }
        ]
      }
    },
    {
      "type": "Feature",
      "geometry": {
        "type": "LineString",
        "coordinates": [
          [-73.98495, 40.76506],
          [-73.98429, 40.76479]
        ]
      },
      "properties": {
        "segmentId": -368400000919651,
        "newSegmentId": "-0000554e-3200-0400-0000-0000004cd28a",
        "speedLimit": 25,
        "frc": 6,
        "streetName": "W 54th St",
        "distance": 206.5,
        "segmentTimeResults": [
          {
            "timeSet": 2,
            "dateRange": 1,
            "harmonicAverageSpeed": 4.35,
            "medianSpeed": 7.46,
            "averageSpeed": 8.14,
            "standardDeviationSpeed": 5.65,
            "travelTimeStandardDeviation": 28.19,
            "sampleSize": 273,
            "normalizedSampleSize": 0.1201,
            "averageTravelTime": 32.35,
            "medianTravelTime": 18.88,
            "travelTimeRatio": 1.0,
            "speedPercentiles": [
              2, 2, 2, 2, 3, 3, 4, 5, 6, 7, 8, 9, 10, 12, 12, 14, 15, 16, 18
            ]
          }
        ]
      }
    },
    {
      "type": "Feature",
      "geometry": {
        "type": "LineString",
        "coordinates": [
          [-73.98686, 40.76587],
          [-73.98571, 40.76538],
          [-73.98495, 40.76506]
        ]
      },
      "properties": {
        "segmentId": -368400000840733,
        "newSegmentId": "-0000554e-3200-0400-0000-0000004cd28b",
        "speedLimit": 25,
        "frc": 6,
        "streetName": "W 54th St",
        "distance": 606.1,
        "segmentTimeResults": [
          {
            "timeSet": 2,
            "dateRange": 1,
            "harmonicAverageSpeed": 4.66,
            "medianSpeed": 6.84,
            "averageSpeed": 7.71,
            "standardDeviationSpeed": 5.1,
            "travelTimeStandardDeviation": 65.58,
            "sampleSize": 275,
            "normalizedSampleSize": 0.1209,
            "averageTravelTime": 88.27,
            "medianTravelTime": 60.46,
            "travelTimeRatio": 1.0,
            "speedPercentiles": [
              2, 2, 3, 3, 3, 4, 5, 5, 6, 7, 7, 8, 9, 9, 11, 12, 14, 15, 18
            ]
          }
        ]
      }
    },
    {
      "type": "Feature",
      "geometry": {
        "type": "LineString",
        "coordinates": [
          [-73.98676, 40.76093],
          [-73.98482, 40.76011]
        ]
      },
      "properties": {
        "segmentId": -368400000985695,
        "newSegmentId": "-0000554e-3200-0400-0000-0000004cd2a6",
        "speedLimit": 25,
        "frc": 6,
        "streetName": "W 48th St",
        "distance": 616.44,
        "segmentTimeResults": [
          {
            "timeSet": 2,
            "dateRange": 1,
            "harmonicAverageSpeed": 3.42,
            "medianSpeed": 3.67,
            "averageSpeed": 5.34,
            "standardDeviationSpeed": 3.91,
            "travelTimeStandardDeviation": 76.08,
            "sampleSize": 278,
            "normalizedSampleSize": 0.1223,
            "averageTravelTime": 123.81,
            "medianTravelTime": 114.64,
            "travelTimeRatio": 1.0,
            "speedPercentiles": [
              2, 2, 2, 2, 2, 3, 3, 3, 3, 4, 4, 5, 5, 6, 7, 9, 10, 11, 14
            ]
          }
        ]
      }
    },
    {
      "type": "Feature",
      "geometry": {
        "type": "LineString",
        "coordinates": [
          [-73.98702, 40.76104],
          [-73.98676, 40.76093]
        ]
      },
      "properties": {
        "segmentId": -368400001368393,
        "newSegmentId": "-0000554e-3200-0400-0000-0000004cd2a7",
        "speedLimit": 25,
        "frc": 6,
        "streetName": "W 48th St",
        "distance": 82.02,
        "segmentTimeResults": [
          {
            "timeSet": 2,
            "dateRange": 1,
            "harmonicAverageSpeed": 5.03,
            "medianSpeed": 11.18,
            "averageSpeed": 11.12,
            "standardDeviationSpeed": 6.84,
            "travelTimeStandardDeviation": 16.29,
            "sampleSize": 364,
            "normalizedSampleSize": 0.1601,
            "averageTravelTime": 11.08,
            "medianTravelTime": 5.0,
            "travelTimeRatio": 1.0,
            "speedPercentiles": [
              1, 2, 3, 4, 5, 6, 8, 9, 10, 11, 12, 13, 14, 16, 16, 17, 19, 20, 22
            ]
          }
        ]
      }
    },
    {
      "type": "Feature",
      "geometry": {
        "type": "LineString",
        "coordinates": [
          [-73.98225, 40.75739],
          [-73.98199, 40.75728]
        ]
      },
      "properties": {
        "segmentId": -368400001455225,
        "newSegmentId": "-0000554e-3200-0400-0000-0000004cd337",
        "speedLimit": 25,
        "frc": 6,
        "streetName": "W 46th St",
        "distance": 82.19,
        "segmentTimeResults": [
          {
            "timeSet": 2,
            "dateRange": 1,
            "harmonicAverageSpeed": 5.9,
            "medianSpeed": 10.56,
            "averageSpeed": 10.75,
            "standardDeviationSpeed": 6.03,
            "travelTimeStandardDeviation": 11.66,
            "sampleSize": 434,
            "normalizedSampleSize": 0.1909,
            "averageTravelTime": 9.47,
            "medianTravelTime": 5.3,
            "travelTimeRatio": 1.0,
            "speedPercentiles": [
              2, 3, 4, 5, 6, 7, 8, 9, 10, 11, 12, 12, 13, 14, 15, 16, 17, 18, 21
            ]
          }
        ]
      }
    },
    {
      "type": "Feature",
      "geometry": {
        "type": "LineString",
        "coordinates": [
          [-73.97963, 40.75628],
          [-73.97914, 40.75607],
          [-73.97901, 40.75603]
        ]
      },
      "properties": {
        "segmentId": -368400000847236,
        "newSegmentId": "-0000554e-3200-0400-0000-0000004cd338",
        "speedLimit": 25,
        "frc": 6,
        "streetName": "W 46th St",
        "distance": 197.11,
        "segmentTimeResults": [
          {
            "timeSet": 2,
            "dateRange": 1,
            "harmonicAverageSpeed": 3.29,
            "medianSpeed": 4.1,
            "averageSpeed": 5.84,
            "standardDeviationSpeed": 4.66,
            "travelTimeStandardDeviation": 29.48,
            "sampleSize": 405,
            "normalizedSampleSize": 0.1781,
            "averageTravelTime": 40.53,
            "medianTravelTime": 32.77,
            "travelTimeRatio": 1.0,
            "speedPercentiles": [
              1, 2, 2, 2, 2, 2, 3, 3, 3, 4, 5, 5, 6, 7, 9, 10, 11, 12, 15
            ]
          }
        ]
      }
    },
    {
      "type": "Feature",
      "geometry": {
        "type": "LineString",
        "coordinates": [
          [-73.98316, 40.75612],
          [-73.9829, 40.75601]
        ]
      },
      "properties": {
        "segmentId": -368400001212748,
        "newSegmentId": "-0000554e-3200-0400-0000-0000004cd343",
        "speedLimit": 25,
        "frc": 6,
        "streetName": "W 44th St",
        "distance": 82.02,
        "segmentTimeResults": [
          {
            "timeSet": 2,
            "dateRange": 1,
            "harmonicAverageSpeed": 5.53,
            "medianSpeed": 9.32,
            "averageSpeed": 10.19,
            "standardDeviationSpeed": 6.03,
            "travelTimeStandardDeviation": 21.75,
            "sampleSize": 499,
            "normalizedSampleSize": 0.2194,
            "averageTravelTime": 10.08,
            "medianTravelTime": 6.0,
            "travelTimeRatio": 1.0,
            "speedPercentiles": [
              2, 3, 4, 5, 5, 6, 7, 8, 9, 9, 11, 11, 12, 13, 14, 15, 16, 18, 22
            ]
          }
        ]
      }
    },
    {
      "type": "Feature",
      "geometry": {
        "type": "LineString",
        "coordinates": [
          [-73.98081, 40.75513],
          [-73.97993, 40.75476]
        ]
      },
      "properties": {
        "segmentId": -368400000981822,
        "newSegmentId": "-0000554e-3200-0400-0000-0000004cd344",
        "speedLimit": 25,
        "frc": 6,
        "streetName": "W 44th St",
        "distance": 276.28,
        "segmentTimeResults": [
          {
            "timeSet": 2,
            "dateRange": 1,
            "harmonicAverageSpeed": 4.47,
            "medianSpeed": 5.28,
            "averageSpeed": 7.02,
            "standardDeviationSpeed": 5.22,
            "travelTimeStandardDeviation": 26.48,
            "sampleSize": 461,
            "normalizedSampleSize": 0.2027,
            "averageTravelTime": 42.38,
            "medianTravelTime": 35.67,
            "travelTimeRatio": 1.0,
            "speedPercentiles": [
              2, 2, 3, 3, 3, 3, 4, 4, 5, 5, 6, 6, 7, 8, 9, 11, 13, 16, 18
            ]
          }
        ]
      }
    },
    {
      "type": "Feature",
      "geometry": {
        "type": "LineString",
        "coordinates": [
          [-73.9829, 40.75601],
          [-73.98081, 40.75513]
        ]
      },
      "properties": {
        "segmentId": -368400000899846,
        "newSegmentId": "-0000554e-3200-0400-0000-0000004cd345",
        "speedLimit": 25,
        "frc": 6,
        "streetName": "W 44th St",
        "distance": 662.73,
        "segmentTimeResults": [
          {
            "timeSet": 2,
            "dateRange": 1,
            "harmonicAverageSpeed": 5.16,
            "medianSpeed": 6.21,
            "averageSpeed": 7.27,
            "standardDeviationSpeed": 4.04,
            "travelTimeStandardDeviation": 54.56,
            "sampleSize": 414,
            "normalizedSampleSize": 0.1821,
            "averageTravelTime": 87.2,
            "medianTravelTime": 72.72,
            "travelTimeRatio": 1.0,
            "speedPercentiles": [
              2, 3, 3, 4, 4, 4, 5, 5, 6, 6, 7, 7, 8, 9, 10, 11, 12, 14, 15
            ]
          }
        ]
      }
    },
    {
      "type": "Feature",
      "geometry": {
        "type": "LineString",
        "coordinates": [
          [-73.9763, 40.76143],
          [-73.97535, 40.76103]
        ]
      },
      "properties": {
        "segmentId": -368400001180815,
        "newSegmentId": "-0000554e-3200-0400-0000-0000004cd374",
        "speedLimit": 25,
        "frc": 6,
        "streetName": "W 54th St",
        "distance": 299.57,
        "segmentTimeResults": [
          {
            "timeSet": 2,
            "dateRange": 1,
            "harmonicAverageSpeed": 4.23,
            "medianSpeed": 4.47,
            "averageSpeed": 6.59,
            "standardDeviationSpeed": 5.41,
            "travelTimeStandardDeviation": 27.74,
            "sampleSize": 385,
            "normalizedSampleSize": 0.1693,
            "averageTravelTime": 48.05,
            "medianTravelTime": 45.65,
            "travelTimeRatio": 1.0,
            "speedPercentiles": [
              2, 3, 3, 3, 3, 3, 3, 4, 4, 4, 5, 6, 6, 8, 9, 10, 12, 13, 16
            ]
          }
        ]
      }
    },
    {
      "type": "Feature",
      "geometry": {
        "type": "LineString",
        "coordinates": [
          [-73.9772, 40.76432],
          [-73.97694, 40.76421]
        ]
      },
      "properties": {
        "segmentId": -368400001103731,
        "newSegmentId": "-0000554e-3200-0400-0000-0000004cd37b",
        "speedLimit": 25,
        "frc": 4,
        "streetName": "W 57th St",
        "distance": 82.22,
        "segmentTimeResults": [
          {
            "timeSet": 2,
            "dateRange": 1,
            "harmonicAverageSpeed": 12.3,
            "medianSpeed": 16.78,
            "averageSpeed": 17.21,
            "standardDeviationSpeed": 7.64,
            "travelTimeStandardDeviation": 5.44,
            "sampleSize": 821,
            "normalizedSampleSize": 0.361,
            "averageTravelTime": 4.57,
            "medianTravelTime": 3.34,
            "travelTimeRatio": 1.0,
            "speedPercentiles": [
              6, 7, 9, 11, 12, 13, 14, 15, 16, 17, 17, 19, 20, 21, 22, 24, 25,
              27, 30
            ]
          }
        ]
      }
    },
    {
      "type": "Feature",
      "geometry": {
        "type": "LineString",
        "coordinates": [
          [-73.97477, 40.76331],
          [-73.97403, 40.763],
          [-73.97396, 40.76297]
        ]
      },
      "properties": {
        "segmentId": -368400000988122,
        "newSegmentId": "-0000554e-3200-0400-0000-0000004cd37c",
        "speedLimit": 25,
        "frc": 4,
        "streetName": "W 57th St",
        "distance": 256.89,
        "segmentTimeResults": [
          {
            "timeSet": 2,
            "dateRange": 1,
            "harmonicAverageSpeed": 5.34,
            "medianSpeed": 8.08,
            "averageSpeed": 9.76,
            "standardDeviationSpeed": 7.02,
            "travelTimeStandardDeviation": 24.3,
            "sampleSize": 810,
            "normalizedSampleSize": 0.3562,
            "averageTravelTime": 32.94,
            "medianTravelTime": 21.68,
            "travelTimeRatio": 1.0,
            "speedPercentiles": [
              2, 3, 3, 3, 3, 3, 4, 5, 6, 8, 11, 12, 12, 14, 17, 17, 17, 17, 20
            ]
          }
        ]
      }
    },
    {
      "type": "Feature",
      "geometry": {
        "type": "LineString",
        "coordinates": [
          [-73.98656, 40.76411],
          [-73.98571, 40.76375],
          [-73.98519, 40.76354]
        ]
      },
      "properties": {
        "segmentId": -368400000983647,
        "newSegmentId": "-0000554e-3200-0400-0000-0000004cd468",
        "speedLimit": 25,
        "frc": 6,
        "streetName": "W 52nd St",
        "distance": 431.92,
        "segmentTimeResults": [
          {
            "timeSet": 2,
            "dateRange": 1,
            "harmonicAverageSpeed": 3.85,
            "medianSpeed": 4.72,
            "averageSpeed": 5.22,
            "standardDeviationSpeed": 3.11,
            "travelTimeStandardDeviation": 42.83,
            "sampleSize": 320,
            "normalizedSampleSize": 0.1407,
            "averageTravelTime": 75.98,
            "medianTravelTime": 62.36,
            "travelTimeRatio": 1.0,
            "speedPercentiles": [
              2, 2, 2, 3, 3, 3, 4, 4, 4, 5, 5, 5, 5, 6, 6, 7, 7, 9, 11
            ]
          }
        ]
      }
    },
    {
      "type": "Feature",
      "geometry": {
        "type": "LineString",
        "coordinates": [
          [-73.98979, 40.75724],
          [-73.98963, 40.75717],
          [-73.98953, 40.75713],
          [-73.98942, 40.75708],
          [-73.98913, 40.75696],
          [-73.98832, 40.75662]
        ]
      },
      "properties": {
        "segmentId": -368400000874993,
        "newSegmentId": "-0000554e-3200-0400-0000-0000004cd483",
        "speedLimit": 25,
        "frc": 4,
        "streetName": "W 42nd St",
        "distance": 463.85,
        "segmentTimeResults": [
          {
            "timeSet": 2,
            "dateRange": 1,
            "harmonicAverageSpeed": 5.03,
            "medianSpeed": 5.59,
            "averageSpeed": 7.02,
            "standardDeviationSpeed": 4.78,
            "travelTimeStandardDeviation": 35.97,
            "sampleSize": 428,
            "normalizedSampleSize": 0.1882,
            "averageTravelTime": 62.55,
            "medianTravelTime": 56.55,
            "travelTimeRatio": 1.0,
            "speedPercentiles": [
              2, 3, 4, 4, 4, 5, 5, 5, 5, 6, 6, 6, 6, 7, 7, 8, 11, 14, 18
            ]
          }
        ]
      }
    },
    {
      "type": "Feature",
      "geometry": {
        "type": "LineString",
        "coordinates": [
          [-73.98201, 40.76841],
          [-73.98211, 40.76839],
          [-73.98219, 40.76836]
        ]
      },
      "properties": {
        "segmentId": -368400001156930,
        "newSegmentId": "-0000554e-3200-0400-0000-0000004e4ebd",
        "speedLimit": 25,
        "frc": 4,
        "streetName": "Columbus Cir",
        "distance": 52.92,
        "segmentTimeResults": [
          {
            "timeSet": 2,
            "dateRange": 1,
            "harmonicAverageSpeed": 3.17,
            "medianSpeed": 11.18,
            "averageSpeed": 9.94,
            "standardDeviationSpeed": 4.78,
            "travelTimeStandardDeviation": 26.92,
            "sampleSize": 115,
            "normalizedSampleSize": 0.0506,
            "averageTravelTime": 11.37,
            "medianTravelTime": 3.23,
            "travelTimeRatio": 1.0,
            "speedPercentiles": [
              0, 2, 4, 4, 6, 9, 9, 10, 11, 11, 11, 12, 12, 13, 14, 14, 14, 15,
              16
            ]
          }
        ]
      }
    },
    {
      "type": "Feature",
      "geometry": {
        "type": "LineString",
        "coordinates": [
          [-73.9788, 40.76723],
          [-73.97895, 40.76705],
          [-73.97908, 40.76689]
        ]
      },
      "properties": {
        "segmentId": -368400001341221,
        "newSegmentId": "-0000554e-3200-0400-0000-0000004e4f14",
        "speedLimit": 11,
        "frc": 7,
        "streetName": "West Dr",
        "distance": 147.7,
        "segmentTimeResults": [
          {
            "timeSet": 2,
            "dateRange": 1,
            "harmonicAverageSpeed": 4.54,
            "medianSpeed": 8.08,
            "averageSpeed": 8.08,
            "standardDeviationSpeed": 5.72,
            "travelTimeStandardDeviation": 17.92,
            "sampleSize": 22,
            "normalizedSampleSize": 0.0097,
            "averageTravelTime": 22.28,
            "medianTravelTime": 12.47,
            "travelTimeRatio": 1.0,
            "speedPercentiles": [
              2, 2, 3, 3, 3, 3, 4, 5, 5, 8, 8, 9, 9, 11, 11, 12, 16, 16, 18
            ]
          }
        ]
      }
    },
    {
      "type": "Feature",
      "geometry": {
        "type": "LineString",
        "coordinates": [
          [-73.97677, 40.76591],
          [-73.97657, 40.76583],
          [-73.97623, 40.76568]
        ]
      },
      "properties": {
        "segmentId": -368400001132863,
        "newSegmentId": "-0000554e-3200-0400-0000-0000004e4f33",
        "speedLimit": 25,
        "frc": 6,
        "streetName": "Central Park S",
        "distance": 169.69,
        "segmentTimeResults": [
          {
            "timeSet": 2,
            "dateRange": 1,
            "harmonicAverageSpeed": 5.1,
            "medianSpeed": 12.43,
            "averageSpeed": 11.56,
            "standardDeviationSpeed": 7.71,
            "travelTimeStandardDeviation": 23.47,
            "sampleSize": 484,
            "normalizedSampleSize": 0.2128,
            "averageTravelTime": 22.74,
            "medianTravelTime": 9.31,
            "travelTimeRatio": 1.0,
            "speedPercentiles": [
              2, 2, 2, 2, 3, 5, 7, 8, 10, 12, 14, 15, 16, 17, 17, 19, 19, 21, 23
            ]
          }
        ]
      }
    },
    {
      "type": "Feature",
      "geometry": {
        "type": "LineString",
        "coordinates": [
          [-73.97908, 40.76689],
          [-73.97677, 40.76591]
        ]
      },
      "properties": {
        "segmentId": -368400000892024,
        "newSegmentId": "-0000554e-3200-0400-0000-0000004e4f34",
        "speedLimit": 25,
        "frc": 6,
        "streetName": "Central Park S",
        "distance": 733.53,
        "segmentTimeResults": [
          {
            "timeSet": 2,
            "dateRange": 1,
            "harmonicAverageSpeed": 6.84,
            "medianSpeed": 6.84,
            "averageSpeed": 9.13,
            "standardDeviationSpeed": 4.97,
            "travelTimeStandardDeviation": 38.29,
            "sampleSize": 414,
            "normalizedSampleSize": 0.1821,
            "averageTravelTime": 73.16,
            "medianTravelTime": 73.17,
            "travelTimeRatio": 1.0,
            "speedPercentiles": [
              4, 4, 5, 5, 5, 5, 5, 5, 6, 7, 9, 10, 12, 12, 13, 14, 15, 16, 18
            ]
          }
        ]
      }
    },
    {
      "type": "Feature",
      "geometry": {
        "type": "LineString",
        "coordinates": [
          [-73.97815, 40.76384],
          [-73.97768, 40.76364]
        ]
      },
      "properties": {
        "segmentId": -368400001337750,
        "newSegmentId": "-0000554e-3200-0400-0000-0000004e5cd1",
        "speedLimit": 25,
        "frc": 6,
        "streetName": "W 56th St",
        "distance": 146.46,
        "segmentTimeResults": [
          {
            "timeSet": 2,
            "dateRange": 1,
            "harmonicAverageSpeed": 6.15,
            "medianSpeed": 11.81,
            "averageSpeed": 11.31,
            "standardDeviationSpeed": 6.52,
            "travelTimeStandardDeviation": 18.51,
            "sampleSize": 279,
            "normalizedSampleSize": 0.1227,
            "averageTravelTime": 16.18,
            "medianTravelTime": 8.46,
            "travelTimeRatio": 1.0,
            "speedPercentiles": [
              2, 2, 3, 5, 6, 7, 9, 10, 11, 12, 12, 13, 14, 15, 16, 17, 17, 19,
              21
            ]
          }
        ]
      }
    },
    {
      "type": "Feature",
      "geometry": {
        "type": "LineString",
        "coordinates": [
          [-73.97969, 40.76285],
          [-73.97861, 40.76239]
        ]
      },
      "properties": {
        "segmentId": -368400001439991,
        "newSegmentId": "-0000554e-3200-0400-0000-0000004e5cd8",
        "speedLimit": 25,
        "frc": 6,
        "streetName": "W 54th St",
        "distance": 342.36,
        "segmentTimeResults": [
          {
            "timeSet": 2,
            "dateRange": 1,
            "harmonicAverageSpeed": 4.47,
            "medianSpeed": 5.22,
            "averageSpeed": 6.46,
            "standardDeviationSpeed": 4.1,
            "travelTimeStandardDeviation": 32.16,
            "sampleSize": 324,
            "normalizedSampleSize": 0.1425,
            "averageTravelTime": 52.08,
            "medianTravelTime": 44.72,
            "travelTimeRatio": 1.0,
            "speedPercentiles": [
              2, 3, 3, 3, 3, 4, 4, 4, 5, 5, 6, 6, 7, 7, 8, 9, 11, 14, 15
            ]
          }
        ]
      }
    },
    {
      "type": "Feature",
      "geometry": {
        "type": "LineString",
        "coordinates": [
          [-73.97379, 40.76376],
          [-73.97348, 40.76364]
        ]
      },
      "properties": {
        "segmentId": -368400001384422,
        "newSegmentId": "-0000554e-3200-0400-0000-0000004e6491",
        "speedLimit": 25,
        "frc": 6,
        "streetName": "W 58th St",
        "distance": 99.02,
        "segmentTimeResults": [
          {
            "timeSet": 2,
            "dateRange": 1,
            "harmonicAverageSpeed": 4.85,
            "medianSpeed": 11.81,
            "averageSpeed": 11.43,
            "standardDeviationSpeed": 8.57,
            "travelTimeStandardDeviation": 16.55,
            "sampleSize": 627,
            "normalizedSampleSize": 0.2757,
            "averageTravelTime": 13.95,
            "medianTravelTime": 5.72,
            "travelTimeRatio": 1.0,
            "speedPercentiles": [
              1, 2, 2, 3, 4, 5, 6, 7, 10, 12, 13, 14, 15, 16, 17, 18, 19, 21, 24
            ]
          }
        ]
      }
    },
    {
      "type": "Feature",
      "geometry": {
        "type": "LineString",
        "coordinates": [
          [-73.97412, 40.7639],
          [-73.97379, 40.76376]
        ]
      },
      "properties": {
        "segmentId": -368400001465886,
        "newSegmentId": "-0000554e-3200-0400-0000-0000004e6492",
        "speedLimit": 25,
        "frc": 6,
        "streetName": "W 58th St",
        "distance": 104.0,
        "segmentTimeResults": [
          {
            "timeSet": 2,
            "dateRange": 1,
            "harmonicAverageSpeed": 5.65,
            "medianSpeed": 12.43,
            "averageSpeed": 12.37,
            "standardDeviationSpeed": 8.57,
            "travelTimeStandardDeviation": 16.68,
            "sampleSize": 615,
            "normalizedSampleSize": 0.2704,
            "averageTravelTime": 12.49,
            "medianTravelTime": 5.71,
            "travelTimeRatio": 1.0,
            "speedPercentiles": [
              2, 2, 3, 4, 5, 6, 8, 9, 11, 12, 14, 14, 16, 17, 17, 19, 20, 22, 25
            ]
          }
        ]
      }
    },
    {
      "type": "Feature",
      "geometry": {
        "type": "LineString",
        "coordinates": [
          [-73.97319, 40.76402],
          [-73.97348, 40.76364]
        ]
      },
      "properties": {
        "segmentId": -368400001204843,
        "newSegmentId": "-0000554e-3200-0400-0000-0000004e6495",
        "speedLimit": 25,
        "frc": 5,
        "streetName": "5th Ave",
        "distance": 163.22,
        "segmentTimeResults": [
          {
            "timeSet": 2,
            "dateRange": 1,
            "harmonicAverageSpeed": 7.58,
            "medianSpeed": 14.91,
            "averageSpeed": 13.98,
            "standardDeviationSpeed": 8.08,
            "travelTimeStandardDeviation": 15.43,
            "sampleSize": 1030,
            "normalizedSampleSize": 0.4529,
            "averageTravelTime": 14.73,
            "medianTravelTime": 7.46,
            "travelTimeRatio": 1.0,
            "speedPercentiles": [
              2, 3, 4, 5, 7, 8, 9, 11, 13, 15, 16, 17, 19, 19, 21, 21, 22, 24,
              26
            ]
          }
        ]
      }
    },
    {
      "type": "Feature",
      "geometry": {
        "type": "LineString",
        "coordinates": [
          [-73.97304, 40.76422],
          [-73.97319, 40.76402]
        ]
      },
      "properties": {
        "segmentId": -368400001268248,
        "newSegmentId": "-0000554e-3200-0400-0000-0000004e6496",
        "speedLimit": 25,
        "frc": 5,
        "streetName": "5th Ave",
        "distance": 82.51,
        "segmentTimeResults": [
          {
            "timeSet": 2,
            "dateRange": 1,
            "harmonicAverageSpeed": 10.31,
            "medianSpeed": 15.53,
            "averageSpeed": 15.16,
            "standardDeviationSpeed": 6.84,
            "travelTimeStandardDeviation": 7.1,
            "sampleSize": 1034,
            "normalizedSampleSize": 0.4547,
            "averageTravelTime": 5.46,
            "medianTravelTime": 3.62,
            "travelTimeRatio": 1.0,
            "speedPercentiles": [
              4, 6, 8, 9, 11, 12, 12, 14, 14, 16, 16, 17, 18, 19, 19, 20, 22,
              23, 25
            ]
          }
        ]
      }
    },
    {
      "type": "Feature",
      "geometry": {
        "type": "LineString",
        "coordinates": [
          [-73.97333, 40.76445],
          [-73.97299, 40.76429]
        ]
      },
      "properties": {
        "segmentId": -368400001132858,
        "newSegmentId": "-0000554e-3200-0400-0000-0000004e649f",
        "speedLimit": 25,
        "frc": 6,
        "streetName": "Central Park S",
        "distance": 109.32,
        "segmentTimeResults": [
          {
            "timeSet": 2,
            "dateRange": 1,
            "harmonicAverageSpeed": 2.86,
            "medianSpeed": 5.22,
            "averageSpeed": 6.77,
            "standardDeviationSpeed": 5.72,
            "travelTimeStandardDeviation": 25.69,
            "sampleSize": 602,
            "normalizedSampleSize": 0.2647,
            "averageTravelTime": 26.31,
            "medianTravelTime": 14.28,
            "travelTimeRatio": 1.0,
            "speedPercentiles": [
              1, 1, 1, 2, 2, 2, 3, 4, 4, 5, 6, 7, 8, 9, 10, 11, 13, 15, 17
            ]
          }
        ]
      }
    },
    {
      "type": "Feature",
      "geometry": {
        "type": "LineString",
        "coordinates": [
          [-73.97366, 40.7646],
          [-73.97333, 40.76445]
        ]
      },
      "properties": {
        "segmentId": -368400001132859,
        "newSegmentId": "-0000554e-3200-0400-0000-0000004e64a0",
        "speedLimit": 25,
        "frc": 6,
        "streetName": "Central Park S",
        "distance": 107.78,
        "segmentTimeResults": [
          {
            "timeSet": 2,
            "dateRange": 1,
            "harmonicAverageSpeed": 2.8,
            "medianSpeed": 4.29,
            "averageSpeed": 7.33,
            "standardDeviationSpeed": 6.77,
            "travelTimeStandardDeviation": 24.75,
            "sampleSize": 610,
            "normalizedSampleSize": 0.2682,
            "averageTravelTime": 26.23,
            "medianTravelTime": 17.14,
            "travelTimeRatio": 1.0,
            "speedPercentiles": [
              1, 1, 1, 2, 2, 2, 2, 3, 3, 4, 6, 7, 9, 11, 12, 14, 16, 17, 21
            ]
          }
        ]
      }
    },
    {
      "type": "Feature",
      "geometry": {
        "type": "LineString",
        "coordinates": [
          [-73.9728, 40.76455],
          [-73.97299, 40.76429]
        ]
      },
      "properties": {
        "segmentId": -368400001256441,
        "newSegmentId": "-0000554e-3200-0400-0000-0000004e64ab",
        "speedLimit": 25,
        "frc": 5,
        "streetName": "5th Ave",
        "distance": 108.6,
        "segmentTimeResults": [
          {
            "timeSet": 2,
            "dateRange": 1,
            "harmonicAverageSpeed": 6.59,
            "medianSpeed": 13.67,
            "averageSpeed": 13.55,
            "standardDeviationSpeed": 7.52,
            "travelTimeStandardDeviation": 16.89,
            "sampleSize": 878,
            "normalizedSampleSize": 0.3861,
            "averageTravelTime": 11.27,
            "medianTravelTime": 5.42,
            "travelTimeRatio": 1.0,
            "speedPercentiles": [
              2, 3, 4, 6, 7, 9, 11, 11, 12, 14, 15, 16, 17, 18, 19, 21, 21, 23,
              26
            ]
          }
        ]
      }
    },
    {
      "type": "Feature",
      "geometry": {
        "type": "LineString",
        "coordinates": [
          [-73.97347, 40.76484],
          [-73.97355, 40.76475],
          [-73.9736, 40.76468],
          [-73.97366, 40.7646]
        ]
      },
      "properties": {
        "segmentId": -368400001460027,
        "newSegmentId": "-0000554e-3200-0400-0000-0000004e64ae",
        "speedLimit": 25,
        "frc": 6,
        "streetName": "Grand Army Plz",
        "distance": 103.44,
        "segmentTimeResults": [
          {
            "timeSet": 2,
            "dateRange": 1,
            "harmonicAverageSpeed": 4.23,
            "medianSpeed": 8.08,
            "averageSpeed": 8.08,
            "standardDeviationSpeed": 4.78,
            "travelTimeStandardDeviation": 17.3,
            "sampleSize": 917,
            "normalizedSampleSize": 0.4033,
            "averageTravelTime": 16.67,
            "medianTravelTime": 8.73,
            "travelTimeRatio": 1.0,
            "speedPercentiles": [
              1, 1, 2, 3, 4, 6, 6, 7, 7, 8, 9, 9, 10, 11, 11, 12, 13, 14, 17
            ]
          }
        ]
      }
    },
    {
      "type": "Feature",
      "geometry": {
        "type": "LineString",
        "coordinates": [
          [-73.97623, 40.76568],
          [-73.9762, 40.76579],
          [-73.9762, 40.7658],
          [-73.97619, 40.76586],
          [-73.97619, 40.76591],
          [-73.9762, 40.76596],
          [-73.97623, 40.76601],
          [-73.97627, 40.76606]
        ]
      },
      "properties": {
        "segmentId": -368400001500589,
        "newSegmentId": "-0000554e-3200-0400-0000-0000004e64ef",
        "speedLimit": 11,
        "frc": 7,
        "streetName": "Center Dr",
        "distance": 144.91,
        "segmentTimeResults": [
          {
            "timeSet": 2,
            "dateRange": 1,
            "harmonicAverageSpeed": 6.59,
            "medianSpeed": 13.05,
            "averageSpeed": 12.37,
            "standardDeviationSpeed": 6.28,
            "travelTimeStandardDeviation": 20.4,
            "sampleSize": 20,
            "normalizedSampleSize": 0.0088,
            "averageTravelTime": 15.01,
            "medianTravelTime": 7.57,
            "travelTimeRatio": 1.0,
            "speedPercentiles": [
              1, 3, 3, 5, 7, 9, 9, 10, 10, 13, 14, 15, 16, 17, 18, 19, 19, 20,
              20
            ]
          }
        ]
      }
    },
    {
      "type": "Feature",
      "geometry": {
        "type": "LineString",
        "coordinates": [
          [-73.97623, 40.76568],
          [-73.97611, 40.76563],
          [-73.97596, 40.76557]
        ]
      },
      "properties": {
        "segmentId": -368400001132862,
        "newSegmentId": "-0000554e-3200-0400-0000-0000004e64f2",
        "speedLimit": 25,
        "frc": 6,
        "streetName": "Central Park S",
        "distance": 85.2,
        "segmentTimeResults": [
          {
            "timeSet": 2,
            "dateRange": 1,
            "harmonicAverageSpeed": 7.08,
            "medianSpeed": 12.43,
            "averageSpeed": 12.3,
            "standardDeviationSpeed": 6.52,
            "travelTimeStandardDeviation": 11.13,
            "sampleSize": 735,
            "normalizedSampleSize": 0.3232,
            "averageTravelTime": 8.18,
            "medianTravelTime": 4.67,
            "travelTimeRatio": 1.0,
            "speedPercentiles": [
              2, 4, 5, 6, 7, 8, 9, 11, 12, 12, 13, 14, 15, 16, 17, 17, 19, 21,
              23
            ]
          }
        ]
      }
    },
    {
      "type": "Feature",
      "geometry": {
        "type": "LineString",
        "coordinates": [
          [-73.98246, 40.75414],
          [-73.9824, 40.75412]
        ]
      },
      "properties": {
        "segmentId": -368400001353747,
        "newSegmentId": "-0000554e-3200-0400-0000-0000004e65da",
        "speedLimit": 25,
        "frc": 4,
        "streetName": "W 42nd St",
        "distance": 17.95,
        "segmentTimeResults": [
          {
            "timeSet": 2,
            "dateRange": 1,
            "harmonicAverageSpeed": 6.59,
            "medianSpeed": 16.16,
            "averageSpeed": 15.29,
            "standardDeviationSpeed": 8.14,
            "travelTimeStandardDeviation": 6.0,
            "sampleSize": 505,
            "normalizedSampleSize": 0.2221,
            "averageTravelTime": 1.86,
            "medianTravelTime": 0.76,
            "travelTimeRatio": 1.0,
            "speedPercentiles": [
              2, 3, 5, 7, 9, 11, 12, 14, 15, 16, 17, 18, 19, 20, 21, 22, 24, 24,
              29
            ]
          }
        ]
      }
    },
    {
      "type": "Feature",
      "geometry": {
        "type": "LineString",
        "coordinates": [
          [-73.98328, 40.75448],
          [-73.98265, 40.75422],
          [-73.98246, 40.75414]
        ]
      },
      "properties": {
        "segmentId": -368400001336197,
        "newSegmentId": "-0000554e-3200-0400-0000-0000004e65e7",
        "speedLimit": 25,
        "frc": 4,
        "streetName": "W 42nd St",
        "distance": 261.38,
        "segmentTimeResults": [
          {
            "timeSet": 2,
            "dateRange": 1,
            "harmonicAverageSpeed": 7.71,
            "medianSpeed": 16.78,
            "averageSpeed": 14.35,
            "standardDeviationSpeed": 8.26,
            "travelTimeStandardDeviation": 23.26,
            "sampleSize": 487,
            "normalizedSampleSize": 0.2142,
            "averageTravelTime": 23.12,
            "medianTravelTime": 10.62,
            "travelTimeRatio": 1.0,
            "speedPercentiles": [
              2, 3, 3, 5, 7, 8, 11, 12, 16, 17, 17, 18, 19, 20, 21, 21, 22, 23,
              25
            ]
          }
        ]
      }
    },
    {
      "type": "Feature",
      "geometry": {
        "type": "LineString",
        "coordinates": [
          [-73.98334, 40.75451],
          [-73.98328, 40.75448]
        ]
      },
      "properties": {
        "segmentId": -368400001144874,
        "newSegmentId": "-0000554e-3200-0400-0000-0000004e65e8",
        "speedLimit": 25,
        "frc": 4,
        "streetName": "W 42nd St",
        "distance": 19.72,
        "segmentTimeResults": [
          {
            "timeSet": 2,
            "dateRange": 1,
            "harmonicAverageSpeed": 10.87,
            "medianSpeed": 18.02,
            "averageSpeed": 17.03,
            "standardDeviationSpeed": 7.95,
            "travelTimeStandardDeviation": 1.62,
            "sampleSize": 518,
            "normalizedSampleSize": 0.2278,
            "averageTravelTime": 1.24,
            "medianTravelTime": 0.75,
            "travelTimeRatio": 1.0,
            "speedPercentiles": [
              4, 6, 7, 9, 12, 14, 16, 17, 17, 18, 19, 20, 21, 21, 22, 22, 23,
              25, 28
            ]
          }
        ]
      }
    },
    {
      "type": "Feature",
      "geometry": {
        "type": "LineString",
        "coordinates": [
          [-73.97864, 40.76078],
          [-73.97627, 40.75979]
        ]
      },
      "properties": {
        "segmentId": -368400001101539,
        "newSegmentId": "-0000554e-3200-0400-0000-0000004e67b7",
        "speedLimit": 25,
        "frc": 6,
        "streetName": "W 52nd St",
        "distance": 750.07,
        "segmentTimeResults": [
          {
            "timeSet": 2,
            "dateRange": 1,
            "harmonicAverageSpeed": 4.72,
            "medianSpeed": 5.28,
            "averageSpeed": 5.78,
            "standardDeviationSpeed": 2.73,
            "travelTimeStandardDeviation": 49.42,
            "sampleSize": 417,
            "normalizedSampleSize": 0.1834,
            "averageTravelTime": 108.29,
            "medianTravelTime": 96.83,
            "travelTimeRatio": 1.0,
            "speedPercentiles": [
              3, 3, 3, 3, 4, 4, 4, 5, 5, 5, 6, 6, 6, 7, 7, 8, 8, 10, 11
            ]
          }
        ]
      }
    },
    {
      "type": "Feature",
      "geometry": {
        "type": "LineString",
        "coordinates": [
          [-73.97952, 40.76115],
          [-73.97864, 40.76078]
        ]
      },
      "properties": {
        "segmentId": -368400001486523,
        "newSegmentId": "-0000554e-3200-0400-0000-0000004e67b8",
        "speedLimit": 25,
        "frc": 6,
        "streetName": "W 52nd St",
        "distance": 278.28,
        "segmentTimeResults": [
          {
            "timeSet": 2,
            "dateRange": 1,
            "harmonicAverageSpeed": 6.4,
            "medianSpeed": 8.08,
            "averageSpeed": 9.38,
            "standardDeviationSpeed": 5.78,
            "travelTimeStandardDeviation": 20.38,
            "sampleSize": 501,
            "normalizedSampleSize": 0.2203,
            "averageTravelTime": 29.7,
            "medianTravelTime": 23.49,
            "travelTimeRatio": 1.0,
            "speedPercentiles": [
              3, 3, 4, 5, 5, 5, 6, 6, 7, 8, 9, 9, 11, 12, 12, 13, 15, 18, 19
            ]
          }
        ]
      }
    },
    {
      "type": "Feature",
      "geometry": {
        "type": "LineString",
        "coordinates": [
          [-73.98188, 40.7663],
          [-73.98178, 40.76626]
        ]
      },
      "properties": {
        "segmentId": -368400001241496,
        "newSegmentId": "-0000554e-3200-0400-0000-0000004e879a",
        "speedLimit": 25,
        "frc": 4,
        "streetName": "W 57th St",
        "distance": 30.35,
        "segmentTimeResults": [
          {
            "timeSet": 2,
            "dateRange": 1,
            "harmonicAverageSpeed": 9.2,
            "medianSpeed": 13.67,
            "averageSpeed": 13.73,
            "standardDeviationSpeed": 5.97,
            "travelTimeStandardDeviation": 4.21,
            "sampleSize": 734,
            "normalizedSampleSize": 0.3228,
            "averageTravelTime": 2.25,
            "medianTravelTime": 1.51,
            "travelTimeRatio": 1.0,
            "speedPercentiles": [
              4, 6, 7, 9, 10, 11, 12, 13, 14, 14, 14, 15, 16, 17, 17, 18, 19,
              21, 22
            ]
          }
        ]
      }
    },
    {
      "type": "Feature",
      "geometry": {
        "type": "LineString",
        "coordinates": [
          [-73.98166, 40.76709],
          [-73.98144, 40.767],
          [-73.98003, 40.76639]
        ]
      },
      "properties": {
        "segmentId": -368400000830680,
        "newSegmentId": "-0000554e-3200-0400-0000-0000004e879b",
        "speedLimit": 25,
        "frc": 6,
        "streetName": "W 58th St",
        "distance": 517.16,
        "segmentTimeResults": [
          {
            "timeSet": 2,
            "dateRange": 1,
            "harmonicAverageSpeed": 4.35,
            "medianSpeed": 4.85,
            "averageSpeed": 7.02,
            "standardDeviationSpeed": 4.97,
            "travelTimeStandardDeviation": 54.86,
            "sampleSize": 301,
            "normalizedSampleSize": 0.1324,
            "averageTravelTime": 80.82,
            "medianTravelTime": 72.75,
            "travelTimeRatio": 1.0,
            "speedPercentiles": [
              2, 2, 3, 3, 3, 3, 4, 4, 4, 5, 6, 6, 8, 9, 10, 11, 13, 15, 17
            ]
          }
        ]
      }
    },
    {
      "type": "Feature",
      "geometry": {
        "type": "LineString",
        "coordinates": [
          [-73.98175, 40.76714],
          [-73.98166, 40.76709]
        ]
      },
      "properties": {
        "segmentId": -368400001492937,
        "newSegmentId": "-0000554e-3200-0400-0000-0000004e879c",
        "speedLimit": 25,
        "frc": 6,
        "streetName": "W 58th St",
        "distance": 30.77,
        "segmentTimeResults": [
          {
            "timeSet": 2,
            "dateRange": 1,
            "harmonicAverageSpeed": 6.77,
            "medianSpeed": 11.18,
            "averageSpeed": 11.31,
            "standardDeviationSpeed": 5.47,
            "travelTimeStandardDeviation": 6.16,
            "sampleSize": 349,
            "normalizedSampleSize": 0.1535,
            "averageTravelTime": 3.09,
            "medianTravelTime": 1.88,
            "travelTimeRatio": 1.0,
            "speedPercentiles": [
              2, 4, 5, 6, 8, 9, 9, 11, 11, 11, 12, 12, 13, 14, 14, 15, 17, 19,
              21
            ]
          }
        ]
      }
    },
    {
      "type": "Feature",
      "geometry": {
        "type": "LineString",
        "coordinates": [
          [-73.98144, 40.7636],
          [-73.98118, 40.76349],
          [-73.98051, 40.7632]
        ]
      },
      "properties": {
        "segmentId": -368400001264353,
        "newSegmentId": "-0000554e-3200-0400-0000-0000004e9ee2",
        "speedLimit": 25,
        "frc": 6,
        "streetName": "W 54th St",
        "distance": 297.08,
        "segmentTimeResults": [
          {
            "timeSet": 2,
            "dateRange": 1,
            "harmonicAverageSpeed": 5.03,
            "medianSpeed": 6.84,
            "averageSpeed": 7.58,
            "standardDeviationSpeed": 4.85,
            "travelTimeStandardDeviation": 29.57,
            "sampleSize": 335,
            "normalizedSampleSize": 0.1473,
            "averageTravelTime": 40.03,
            "medianTravelTime": 29.63,
            "travelTimeRatio": 1.0,
            "speedPercentiles": [
              2, 2, 3, 4, 4, 5, 5, 6, 6, 7, 7, 8, 8, 9, 10, 10, 13, 14, 16
            ]
          }
        ]
      }
    },
    {
      "type": "Feature",
      "geometry": {
        "type": "LineString",
        "coordinates": [
          [-73.98115, 40.76184],
          [-73.97952, 40.76115]
        ]
      },
      "properties": {
        "segmentId": -368400001298247,
        "newSegmentId": "-0000554e-3200-0400-0000-0000004e9ee6",
        "speedLimit": 25,
        "frc": 6,
        "streetName": "W 52nd St",
        "distance": 516.31,
        "segmentTimeResults": [
          {
            "timeSet": 2,
            "dateRange": 1,
            "harmonicAverageSpeed": 4.6,
            "medianSpeed": 5.03,
            "averageSpeed": 5.72,
            "standardDeviationSpeed": 2.86,
            "travelTimeStandardDeviation": 37.42,
            "sampleSize": 413,
            "normalizedSampleSize": 0.1816,
            "averageTravelTime": 76.6,
            "medianTravelTime": 69.94,
            "travelTimeRatio": 1.0,
            "speedPercentiles": [
              2, 3, 3, 4, 4, 4, 4, 5, 5, 5, 5, 6, 6, 6, 7, 7, 9, 10, 12
            ]
          }
        ]
      }
    },
    {
      "type": "Feature",
      "geometry": {
        "type": "LineString",
        "coordinates": [
          [-73.98234, 40.76235],
          [-73.98115, 40.76184]
        ]
      },
      "properties": {
        "segmentId": -368400000882966,
        "newSegmentId": "-0000554e-3200-0400-0000-0000004e9ee7",
        "speedLimit": 25,
        "frc": 6,
        "streetName": "W 52nd St",
        "distance": 378.12,
        "segmentTimeResults": [
          {
            "timeSet": 2,
            "dateRange": 1,
            "harmonicAverageSpeed": 5.47,
            "medianSpeed": 6.21,
            "averageSpeed": 7.15,
            "standardDeviationSpeed": 3.73,
            "travelTimeStandardDeviation": 25.4,
            "sampleSize": 446,
            "normalizedSampleSize": 0.1961,
            "averageTravelTime": 47.03,
            "medianTravelTime": 41.49,
            "travelTimeRatio": 1.0,
            "speedPercentiles": [
              3, 3, 3, 4, 4, 5, 5, 6, 6, 6, 7, 7, 8, 9, 9, 11, 11, 12, 13
            ]
          }
        ]
      }
    },
    {
      "type": "Feature",
      "geometry": {
        "type": "LineString",
        "coordinates": [
          [-73.98325, 40.7611],
          [-73.9822, 40.76066]
        ]
      },
      "properties": {
        "segmentId": -368400001250037,
        "newSegmentId": "-0000554e-3200-0400-0000-0000004e9ef2",
        "speedLimit": 25,
        "frc": 6,
        "streetName": "W 50th St",
        "distance": 333.73,
        "segmentTimeResults": [
          {
            "timeSet": 2,
            "dateRange": 1,
            "harmonicAverageSpeed": 10.13,
            "medianSpeed": 12.43,
            "averageSpeed": 12.68,
            "standardDeviationSpeed": 5.03,
            "travelTimeStandardDeviation": 15.01,
            "sampleSize": 456,
            "normalizedSampleSize": 0.2005,
            "averageTravelTime": 22.52,
            "medianTravelTime": 18.31,
            "travelTimeRatio": 1.0,
            "speedPercentiles": [
              4, 6, 7, 8, 10, 11, 11, 11, 12, 12, 14, 14, 15, 16, 16, 17, 17,
              19, 20
            ]
          }
        ]
      }
    },
    {
      "type": "Feature",
      "geometry": {
        "type": "LineString",
        "coordinates": [
          [-73.97574, 40.76548],
          [-73.97449, 40.76496],
          [-73.9739, 40.76471],
          [-73.97383, 40.76468]
        ]
      },
      "properties": {
        "segmentId": -368400001073004,
        "newSegmentId": "-0000554e-3200-0400-0000-0000004edc99",
        "speedLimit": 25,
        "frc": 6,
        "streetName": "Central Park S",
        "distance": 604.69,
        "segmentTimeResults": [
          {
            "timeSet": 2,
            "dateRange": 1,
            "harmonicAverageSpeed": 6.34,
            "medianSpeed": 9.32,
            "averageSpeed": 9.82,
            "standardDeviationSpeed": 5.41,
            "travelTimeStandardDeviation": 51.73,
            "sampleSize": 665,
            "normalizedSampleSize": 0.2924,
            "averageTravelTime": 64.8,
            "medianTravelTime": 44.23,
            "travelTimeRatio": 1.0,
            "speedPercentiles": [
              2, 3, 4, 4, 5, 6, 7, 7, 9, 9, 11, 11, 12, 13, 14, 15, 16, 18, 19
            ]
          }
        ]
      }
    },
    {
      "type": "Feature",
      "geometry": {
        "type": "LineString",
        "coordinates": [
          [-73.97596, 40.76557],
          [-73.97574, 40.76548]
        ]
      },
      "properties": {
        "segmentId": -368400001132861,
        "newSegmentId": "-0000554e-3200-0400-0000-0000004edc9a",
        "speedLimit": 25,
        "frc": 6,
        "streetName": "Central Park S",
        "distance": 71.16,
        "segmentTimeResults": [
          {
            "timeSet": 2,
            "dateRange": 1,
            "harmonicAverageSpeed": 7.46,
            "medianSpeed": 13.05,
            "averageSpeed": 12.86,
            "standardDeviationSpeed": 6.46,
            "travelTimeStandardDeviation": 9.14,
            "sampleSize": 719,
            "normalizedSampleSize": 0.3162,
            "averageTravelTime": 6.5,
            "medianTravelTime": 3.72,
            "travelTimeRatio": 1.0,
            "speedPercentiles": [
              3, 4, 5, 7, 8, 9, 10, 11, 12, 13, 14, 15, 16, 16, 17, 19, 19, 21,
              24
            ]
          }
        ]
      }
    },
    {
      "type": "Feature",
      "geometry": {
        "type": "LineString",
        "coordinates": [
          [-73.99047, 40.7573],
          [-73.99063, 40.75739]
        ]
      },
      "properties": {
        "segmentId": -368400002054660,
        "newSegmentId": "-819e63af-b011-461c-948b-e9b80edf1d44",
        "speedLimit": 12,
        "frc": 7,
        "distance": 54.92,
        "segmentTimeResults": [
          {
            "timeSet": 2,
            "dateRange": 1,
            "harmonicAverageSpeed": 0.0,
            "medianSpeed": 0.0,
            "averageSpeed": 0.0,
            "sampleSize": 0,
            "normalizedSampleSize": 0.0,
            "averageTravelTime": 0.0,
            "medianTravelTime": 0.0,
            "travelTimeRatio": 0.0,
            "speedPercentiles": [
              0, 0, 0, 0, 0, 0, 0, 0, 0, 0, 0, 0, 0, 0, 0, 0, 0, 0, 0
            ]
          }
        ]
      }
    },
    {
      "type": "Feature",
      "geometry": {
        "type": "LineString",
        "coordinates": [
          [-73.98262, 40.76197],
          [-73.9828, 40.76172]
        ]
      },
      "properties": {
        "segmentId": -368400002062054,
        "newSegmentId": "-826eeee5-ab03-4f41-bead-63b49d825072",
        "speedLimit": 25,
        "frc": 4,
        "streetName": "7th Ave",
        "distance": 103.41,
        "segmentTimeResults": [
          {
            "timeSet": 2,
            "dateRange": 1,
            "harmonicAverageSpeed": 8.51,
            "medianSpeed": 14.29,
            "averageSpeed": 13.73,
            "standardDeviationSpeed": 6.4,
            "travelTimeStandardDeviation": 10.55,
            "sampleSize": 1012,
            "normalizedSampleSize": 0.445,
            "averageTravelTime": 8.3,
            "medianTravelTime": 4.93,
            "travelTimeRatio": 1.0,
            "speedPercentiles": [
              3, 5, 6, 8, 9, 10, 11, 12, 13, 14, 15, 16, 17, 17, 18, 19, 20, 21,
              24
            ]
          }
        ]
      }
    },
    {
      "type": "Feature",
      "geometry": {
        "type": "LineString",
        "coordinates": [
          [-73.98041, 40.75661],
          [-73.97963, 40.75628]
        ]
      },
      "properties": {
        "segmentId": -368400001762210,
        "newSegmentId": "-828381e3-4d80-40e1-bfdf-a895ef6c79ad",
        "speedLimit": 25,
        "frc": 6,
        "streetName": "W 46th St",
        "distance": 246.03,
        "segmentTimeResults": [
          {
            "timeSet": 2,
            "dateRange": 1,
            "harmonicAverageSpeed": 6.77,
            "medianSpeed": 12.43,
            "averageSpeed": 11.81,
            "standardDeviationSpeed": 6.65,
            "travelTimeStandardDeviation": 26.96,
            "sampleSize": 387,
            "normalizedSampleSize": 0.1702,
            "averageTravelTime": 24.67,
            "medianTravelTime": 13.5,
            "travelTimeRatio": 1.0,
            "speedPercentiles": [
              2, 3, 4, 5, 5, 7, 9, 10, 11, 12, 13, 14, 15, 16, 17, 17, 19, 21,
              23
            ]
          }
        ]
      }
    },
    {
      "type": "Feature",
      "geometry": {
        "type": "LineString",
        "coordinates": [
          [-73.97871, 40.76183],
          [-73.97881, 40.76168]
        ]
      },
      "properties": {
        "segmentId": -368400002090382,
        "newSegmentId": "-88f555d6-fd89-46fd-b59d-b03ce685553a",
        "speedLimit": 11,
        "frc": 7,
        "distance": 60.53,
        "segmentTimeResults": [
          {
            "timeSet": 2,
            "dateRange": 1,
            "harmonicAverageSpeed": 2.8,
            "medianSpeed": 3.67,
            "averageSpeed": 7.83,
            "standardDeviationSpeed": 9.2,
            "travelTimeStandardDeviation": 14.72,
            "sampleSize": 22,
            "normalizedSampleSize": 0.0097,
            "averageTravelTime": 14.75,
            "medianTravelTime": 11.26,
            "travelTimeRatio": 1.0,
            "speedPercentiles": [
              1, 1, 1, 2, 2, 3, 3, 3, 4, 4, 6, 7, 9, 10, 12, 12, 12, 13, 21
            ]
          }
        ]
      }
    },
    {
      "type": "Feature",
      "geometry": {
        "type": "LineString",
        "coordinates": [
          [-73.9767, 40.76411],
          [-73.9754, 40.76357],
          [-73.97477, 40.76331]
        ]
      },
      "properties": {
        "segmentId": -368400002054451,
        "newSegmentId": "-8938bb1e-19a8-47e4-a33d-4dbb3fd6c839",
        "speedLimit": 25,
        "frc": 4,
        "streetName": "W 57th St",
        "distance": 608.4,
        "segmentTimeResults": [
          {
            "timeSet": 2,
            "dateRange": 1,
            "harmonicAverageSpeed": 8.02,
            "medianSpeed": 9.94,
            "averageSpeed": 10.87,
            "standardDeviationSpeed": 5.59,
            "travelTimeStandardDeviation": 32.77,
            "sampleSize": 763,
            "normalizedSampleSize": 0.3355,
            "averageTravelTime": 51.71,
            "medianTravelTime": 41.72,
            "travelTimeRatio": 1.0,
            "speedPercentiles": [
              4, 5, 5, 5, 5, 6, 7, 9, 9, 10, 11, 12, 13, 14, 15, 16, 17, 19, 21
            ]
          }
        ]
      }
    },
    {
      "type": "Feature",
      "geometry": {
        "type": "LineString",
        "coordinates": [
          [-73.9822, 40.76066],
          [-73.9809, 40.76012]
        ]
      },
      "properties": {
        "segmentId": -368400001569999,
        "newSegmentId": "-8bfc8ecd-9582-4834-92e3-e8aba4b511e9",
        "speedLimit": 25,
        "frc": 6,
        "streetName": "W 50th St",
        "distance": 409.61,
        "segmentTimeResults": [
          {
            "timeSet": 2,
            "dateRange": 1,
            "harmonicAverageSpeed": 5.84,
            "medianSpeed": 6.84,
            "averageSpeed": 8.14,
            "standardDeviationSpeed": 4.66,
            "travelTimeStandardDeviation": 33.01,
            "sampleSize": 428,
            "normalizedSampleSize": 0.1882,
            "averageTravelTime": 47.88,
            "medianTravelTime": 40.86,
            "travelTimeRatio": 1.0,
            "speedPercentiles": [
              2, 3, 4, 4, 5, 5, 6, 6, 6, 7, 7, 8, 9, 9, 11, 11, 13, 14, 19
            ]
          }
        ]
      }
    },
    {
      "type": "Feature",
      "geometry": {
        "type": "LineString",
        "coordinates": [
          [-73.9767, 40.76411],
          [-73.97716, 40.76342]
        ]
      },
      "properties": {
        "segmentId": -368400002055947,
        "newSegmentId": "-8eeb44ec-ab6b-489e-82aa-35e78f10297b",
        "speedLimit": 11,
        "frc": 7,
        "distance": 281.63,
        "segmentTimeResults": [
          {
            "timeSet": 2,
            "dateRange": 1,
            "harmonicAverageSpeed": 9.51,
            "medianSpeed": 18.02,
            "averageSpeed": 18.27,
            "standardDeviationSpeed": 11.81,
            "travelTimeStandardDeviation": 20.19,
            "sampleSize": 10,
            "normalizedSampleSize": 0.0044,
            "averageTravelTime": 20.25,
            "medianTravelTime": 10.66,
            "travelTimeRatio": 1.0,
            "speedPercentiles": [
              3, 3, 4, 4, 6, 6, 12, 12, 18, 18, 21, 21, 24, 24, 27, 27, 29, 29,
              39
            ]
          }
        ]
      }
    },
    {
      "type": "Feature",
      "geometry": {
        "type": "LineString",
        "coordinates": [
          [-73.98719, 40.75948],
          [-73.9865, 40.75918]
        ]
      },
      "properties": {
        "segmentId": -368400001779063,
        "newSegmentId": "-8ff38df6-3518-48cb-b710-53efd6b18283",
        "speedLimit": 25,
        "frc": 6,
        "streetName": "W 46th St",
        "distance": 220.11,
        "segmentTimeResults": [
          {
            "timeSet": 2,
            "dateRange": 1,
            "harmonicAverageSpeed": 2.92,
            "medianSpeed": 3.29,
            "averageSpeed": 4.66,
            "standardDeviationSpeed": 3.42,
            "travelTimeStandardDeviation": 37.96,
            "sampleSize": 513,
            "normalizedSampleSize": 0.2256,
            "averageTravelTime": 51.65,
            "medianTravelTime": 45.57,
            "travelTimeRatio": 1.0,
            "speedPercentiles": [
              1, 1, 2, 2, 2, 3, 3, 3, 3, 3, 4, 4, 5, 5, 6, 7, 8, 11, 12
            ]
          }
        ]
      }
    },
    {
      "type": "Feature",
      "geometry": {
        "type": "LineString",
        "coordinates": [
          [-73.98178, 40.76626],
          [-73.98138, 40.76609]
        ]
      },
      "properties": {
        "segmentId": -368400001975660,
        "newSegmentId": "-912aa08d-8a02-47e0-a98b-461d6335a6fb",
        "speedLimit": 25,
        "frc": 4,
        "streetName": "W 57th St",
        "distance": 129.43,
        "segmentTimeResults": [
          {
            "timeSet": 2,
            "dateRange": 1,
            "harmonicAverageSpeed": 10.75,
            "medianSpeed": 14.91,
            "averageSpeed": 14.29,
            "standardDeviationSpeed": 5.78,
            "travelTimeStandardDeviation": 6.56,
            "sampleSize": 721,
            "normalizedSampleSize": 0.3171,
            "averageTravelTime": 8.23,
            "medianTravelTime": 5.92,
            "travelTimeRatio": 1.0,
            "speedPercentiles": [
              4, 6, 7, 9, 11, 12, 12, 14, 14, 15, 16, 16, 17, 17, 18, 19, 19,
              21, 23
            ]
          }
        ]
      }
    },
    {
      "type": "Feature",
      "geometry": {
        "type": "LineString",
        "coordinates": [
          [-73.9783, 40.7621],
          [-73.9782, 40.76222]
        ]
      },
      "properties": {
        "segmentId": -368400002090713,
        "newSegmentId": "-93a2e19f-5466-40ee-af41-35a5212a7264",
        "speedLimit": 11,
        "frc": 7,
        "distance": 53.31,
        "segmentTimeResults": [
          {
            "timeSet": 2,
            "dateRange": 1,
            "harmonicAverageSpeed": 5.03,
            "medianSpeed": 8.08,
            "averageSpeed": 10.87,
            "standardDeviationSpeed": 11.62,
            "travelTimeStandardDeviation": 6.83,
            "sampleSize": 28,
            "normalizedSampleSize": 0.0123,
            "averageTravelTime": 7.26,
            "medianTravelTime": 4.5,
            "travelTimeRatio": 1.0,
            "speedPercentiles": [
              1, 2, 4, 4, 4, 4, 5, 5, 6, 8, 8, 9, 10, 12, 13, 15, 16, 24, 35
            ]
          }
        ]
      }
    },
    {
      "type": "Feature",
      "geometry": {
        "type": "LineString",
        "coordinates": [
          [-73.97918, 40.76693],
          [-73.97908, 40.76689]
        ]
      },
      "properties": {
        "segmentId": -368400002032197,
        "newSegmentId": "-96a7bcdf-380d-4f86-ba91-f27c8697236b",
        "speedLimit": 25,
        "frc": 6,
        "streetName": "Central Park S",
        "distance": 31.33,
        "segmentTimeResults": [
          {
            "timeSet": 2,
            "dateRange": 1,
            "harmonicAverageSpeed": 8.95,
            "medianSpeed": 13.05,
            "averageSpeed": 13.24,
            "standardDeviationSpeed": 6.34,
            "travelTimeStandardDeviation": 2.47,
            "sampleSize": 622,
            "normalizedSampleSize": 0.2735,
            "averageTravelTime": 2.38,
            "medianTravelTime": 1.64,
            "travelTimeRatio": 1.0,
            "speedPercentiles": [
              3, 5, 6, 7, 9, 10, 11, 11, 12, 13, 14, 14, 15, 16, 17, 18, 20, 22,
              24
            ]
          }
        ]
      }
    },
    {
      "type": "Feature",
      "geometry": {
        "type": "LineString",
        "coordinates": [
          [-73.97694, 40.76421],
          [-73.9767, 40.76411]
        ]
      },
      "properties": {
        "segmentId": -368400002054395,
        "newSegmentId": "-96e38586-7802-4a52-8bbe-4391a98cff48",
        "speedLimit": 25,
        "frc": 4,
        "streetName": "W 57th St",
        "distance": 76.12,
        "segmentTimeResults": [
          {
            "timeSet": 2,
            "dateRange": 1,
            "harmonicAverageSpeed": 12.24,
            "medianSpeed": 17.4,
            "averageSpeed": 17.4,
            "standardDeviationSpeed": 7.64,
            "travelTimeStandardDeviation": 4.99,
            "sampleSize": 828,
            "normalizedSampleSize": 0.3641,
            "averageTravelTime": 4.25,
            "medianTravelTime": 2.98,
            "travelTimeRatio": 1.0,
            "speedPercentiles": [
              5, 7, 9, 11, 12, 14, 15, 16, 16, 17, 18, 19, 20, 21, 22, 24, 25,
              27, 30
            ]
          }
        ]
      }
    },
    {
      "type": "Feature",
      "geometry": {
        "type": "LineString",
        "coordinates": [
          [-73.97918, 40.76693],
          [-73.97921, 40.76701],
          [-73.97939, 40.76708]
        ]
      },
      "properties": {
        "segmentId": -368400002032782,
        "newSegmentId": "-96eeac1a-d181-46e0-8d80-6c70079cd132",
        "speedLimit": 25,
        "frc": 6,
        "streetName": "Central Park S",
        "distance": 85.93,
        "segmentTimeResults": [
          {
            "timeSet": 2,
            "dateRange": 1,
            "harmonicAverageSpeed": 16.09,
            "medianSpeed": 21.75,
            "averageSpeed": 21.44,
            "standardDeviationSpeed": 7.71,
            "travelTimeStandardDeviation": 6.75,
            "sampleSize": 1163,
            "normalizedSampleSize": 0.5114,
            "averageTravelTime": 3.65,
            "medianTravelTime": 2.69,
            "travelTimeRatio": 1.0,
            "speedPercentiles": [
              8, 10, 12, 15, 17, 18, 19, 20, 21, 22, 22, 24, 24, 25, 26, 27, 29,
              31, 35
            ]
          }
        ]
      }
    },
    {
      "type": "Feature",
      "geometry": {
        "type": "LineString",
        "coordinates": [
          [-73.98507, 40.75858],
          [-73.98407, 40.75816],
          [-73.98296, 40.75769]
        ]
      },
      "properties": {
        "segmentId": -368400001569345,
        "newSegmentId": "-984a85b6-f50a-4ac1-9eac-6c3317f6c838",
        "speedLimit": 25,
        "frc": 6,
        "streetName": "W 46th St",
        "distance": 668.44,
        "segmentTimeResults": [
          {
            "timeSet": 2,
            "dateRange": 1,
            "harmonicAverageSpeed": 8.57,
            "medianSpeed": 11.18,
            "averageSpeed": 11.0,
            "standardDeviationSpeed": 4.66,
            "travelTimeStandardDeviation": 33.62,
            "sampleSize": 294,
            "normalizedSampleSize": 0.1293,
            "averageTravelTime": 53.14,
            "medianTravelTime": 40.75,
            "travelTimeRatio": 1.0,
            "speedPercentiles": [
              4, 5, 6, 6, 7, 8, 8, 9, 11, 11, 12, 12, 14, 14, 14, 15, 17, 17, 19
            ]
          }
        ]
      }
    },
    {
      "type": "Feature",
      "geometry": {
        "type": "LineString",
        "coordinates": [
          [-73.98005, 40.76336],
          [-73.98023, 40.76309]
        ]
      },
      "properties": {
        "segmentId": -368400002051834,
        "newSegmentId": "-98724a04-f879-4910-a653-db4b167be7eb",
        "speedLimit": 11,
        "frc": 7,
        "distance": 113.12,
        "segmentTimeResults": [
          {
            "timeSet": 2,
            "dateRange": 1,
            "harmonicAverageSpeed": 0.0,
            "medianSpeed": 0.0,
            "averageSpeed": 0.0,
            "sampleSize": 0,
            "normalizedSampleSize": 0.0,
            "averageTravelTime": 0.0,
            "medianTravelTime": 0.0,
            "travelTimeRatio": 0.0,
            "speedPercentiles": [
              0, 0, 0, 0, 0, 0, 0, 0, 0, 0, 0, 0, 0, 0, 0, 0, 0, 0, 0
            ]
          }
        ]
      }
    },
    {
      "type": "Feature",
      "geometry": {
        "type": "LineString",
        "coordinates": [
          [-73.97716, 40.76342],
          [-73.97559, 40.76276],
          [-73.97443, 40.76229]
        ]
      },
      "properties": {
        "segmentId": -368400002054513,
        "newSegmentId": "-996d7e8e-a054-48ac-888a-1e2de9b66d93",
        "speedLimit": 25,
        "frc": 6,
        "streetName": "W 56th St",
        "distance": 860.33,
        "segmentTimeResults": [
          {
            "timeSet": 2,
            "dateRange": 1,
            "harmonicAverageSpeed": 4.47,
            "medianSpeed": 4.54,
            "averageSpeed": 5.47,
            "standardDeviationSpeed": 3.29,
            "travelTimeStandardDeviation": 52.36,
            "sampleSize": 248,
            "normalizedSampleSize": 0.1091,
            "averageTravelTime": 131.7,
            "medianTravelTime": 129.32,
            "travelTimeRatio": 1.0,
            "speedPercentiles": [
              3, 3, 3, 3, 4, 4, 4, 4, 4, 5, 5, 5, 5, 6, 6, 7, 7, 9, 11
            ]
          }
        ]
      }
    },
    {
      "type": "Feature",
      "geometry": {
        "type": "LineString",
        "coordinates": [
          [-73.98645, 40.7567],
          [-73.98658, 40.75652]
        ]
      },
      "properties": {
        "segmentId": -368400001977003,
        "newSegmentId": "-9da9d14a-2d7d-4038-9501-19a8e4f6f083",
        "speedLimit": 25,
        "frc": 4,
        "streetName": "7th Ave",
        "distance": 76.28,
        "segmentTimeResults": [
          {
            "timeSet": 2,
            "dateRange": 1,
            "harmonicAverageSpeed": 7.27,
            "medianSpeed": 11.81,
            "averageSpeed": 11.5,
            "standardDeviationSpeed": 5.78,
            "travelTimeStandardDeviation": 8.96,
            "sampleSize": 1568,
            "normalizedSampleSize": 0.6895,
            "averageTravelTime": 7.13,
            "medianTravelTime": 4.41,
            "travelTimeRatio": 1.0,
            "speedPercentiles": [
              3, 4, 5, 6, 7, 8, 9, 10, 11, 12, 12, 13, 14, 14, 15, 16, 17, 18,
              21
            ]
          }
        ]
      }
    },
    {
      "type": "Feature",
      "geometry": {
        "type": "LineString",
        "coordinates": [
          [-73.98368, 40.76197],
          [-73.98404, 40.76143]
        ]
      },
      "properties": {
        "segmentId": -368400001869075,
        "newSegmentId": "-a14c3b0b-fa89-422f-b621-b337a26959f2",
        "speedLimit": 25,
        "frc": 5,
        "streetName": "Broadway",
        "distance": 222.87,
        "segmentTimeResults": [
          {
            "timeSet": 2,
            "dateRange": 1,
            "harmonicAverageSpeed": 3.04,
            "medianSpeed": 5.28,
            "averageSpeed": 7.27,
            "standardDeviationSpeed": 7.08,
            "travelTimeStandardDeviation": 50.11,
            "sampleSize": 244,
            "normalizedSampleSize": 0.1073,
            "averageTravelTime": 49.95,
            "medianTravelTime": 28.77,
            "travelTimeRatio": 1.0,
            "speedPercentiles": [
              1, 1, 1, 2, 2, 3, 3, 4, 4, 5, 6, 7, 7, 9, 11, 11, 14, 16, 19
            ]
          }
        ]
      }
    },
    {
      "type": "Feature",
      "geometry": {
        "type": "LineString",
        "coordinates": [
          [-73.98219, 40.76771],
          [-73.9821, 40.76769],
          [-73.98194, 40.76765]
        ]
      },
      "properties": {
        "segmentId": -368400002019352,
        "newSegmentId": "-a18bb681-6978-4e11-954c-14387cd3c460",
        "speedLimit": 25,
        "frc": 4,
        "streetName": "Columbus Cir",
        "distance": 72.97,
        "segmentTimeResults": [
          {
            "timeSet": 2,
            "dateRange": 1,
            "harmonicAverageSpeed": 11.43,
            "medianSpeed": 14.91,
            "averageSpeed": 14.48,
            "standardDeviationSpeed": 5.41,
            "travelTimeStandardDeviation": 3.66,
            "sampleSize": 2274,
            "normalizedSampleSize": 1.0,
            "averageTravelTime": 4.36,
            "medianTravelTime": 3.34,
            "travelTimeRatio": 1.0,
            "speedPercentiles": [
              6, 7, 9, 10, 11, 12, 12, 14, 14, 15, 16, 16, 16, 17, 18, 19, 20,
              21, 23
            ]
          }
        ]
      }
    },
    {
      "type": "Feature",
      "geometry": {
        "type": "LineString",
        "coordinates": [
          [-73.97282, 40.76248],
          [-73.97384, 40.76292],
          [-73.97396, 40.76297]
        ]
      },
      "properties": {
        "segmentId": -368400002061183,
        "newSegmentId": "-a270fda8-fc60-4f9f-9347-d867311ce3a0",
        "speedLimit": 25,
        "frc": 4,
        "streetName": "E 57th St",
        "distance": 362.5,
        "segmentTimeResults": [
          {
            "timeSet": 2,
            "dateRange": 1,
            "harmonicAverageSpeed": 4.29,
            "medianSpeed": 4.1,
            "averageSpeed": 6.09,
            "standardDeviationSpeed": 4.6,
            "travelTimeStandardDeviation": 28.93,
            "sampleSize": 707,
            "normalizedSampleSize": 0.3109,
            "averageTravelTime": 58.06,
            "medianTravelTime": 60.27,
            "travelTimeRatio": 1.0,
            "speedPercentiles": [
              2, 3, 3, 3, 3, 3, 4, 4, 4, 4, 4, 5, 5, 6, 7, 9, 10, 12, 16
            ]
          }
        ]
      }
    },
    {
      "type": "Feature",
      "geometry": {
        "type": "LineString",
        "coordinates": [
          [-73.9874, 40.75624],
          [-73.98694, 40.75605]
        ]
      },
      "properties": {
        "segmentId": -368400002022366,
        "newSegmentId": "-a323c287-1956-4459-987b-851248163e4c",
        "speedLimit": 25,
        "frc": 4,
        "streetName": "W 42nd St",
        "distance": 145.11,
        "segmentTimeResults": [
          {
            "timeSet": 2,
            "dateRange": 1,
            "harmonicAverageSpeed": 3.67,
            "medianSpeed": 6.84,
            "averageSpeed": 7.71,
            "standardDeviationSpeed": 5.9,
            "travelTimeStandardDeviation": 23.44,
            "sampleSize": 476,
            "normalizedSampleSize": 0.2093,
            "averageTravelTime": 26.9,
            "medianTravelTime": 14.48,
            "travelTimeRatio": 1.0,
            "speedPercentiles": [
              1, 1, 2, 2, 2, 3, 3, 4, 5, 7, 8, 10, 11, 11, 12, 12, 14, 15, 17
            ]
          }
        ]
      }
    },
    {
      "type": "Feature",
      "geometry": {
        "type": "LineString",
        "coordinates": [
          [-73.98138, 40.76609],
          [-73.98003, 40.76552]
        ]
      },
      "properties": {
        "segmentId": -368400001968114,
        "newSegmentId": "-a703cf53-6f0b-4d91-b485-3531bd4cc62c",
        "speedLimit": 25,
        "frc": 4,
        "streetName": "W 57th St",
        "distance": 427.85,
        "segmentTimeResults": [
          {
            "timeSet": 2,
            "dateRange": 1,
            "harmonicAverageSpeed": 5.65,
            "medianSpeed": 7.46,
            "averageSpeed": 8.08,
            "standardDeviationSpeed": 4.47,
            "travelTimeStandardDeviation": 33.65,
            "sampleSize": 685,
            "normalizedSampleSize": 0.3012,
            "averageTravelTime": 51.57,
            "medianTravelTime": 39.12,
            "travelTimeRatio": 1.0,
            "speedPercentiles": [
              3, 3, 3, 3, 4, 5, 6, 6, 7, 7, 8, 9, 9, 10, 11, 12, 13, 14, 16
            ]
          }
        ]
      }
    },
    {
      "type": "Feature",
      "geometry": {
        "type": "LineString",
        "coordinates": [
          [-73.98746, 40.76286],
          [-73.98611, 40.76228]
        ]
      },
      "properties": {
        "segmentId": -368400001759178,
        "newSegmentId": "-a9decaf1-7801-4860-aeee-c37b63b36f75",
        "speedLimit": 25,
        "frc": 6,
        "streetName": "W 50th St",
        "distance": 430.05,
        "segmentTimeResults": [
          {
            "timeSet": 2,
            "dateRange": 1,
            "harmonicAverageSpeed": 4.54,
            "medianSpeed": 4.91,
            "averageSpeed": 6.71,
            "standardDeviationSpeed": 4.66,
            "travelTimeStandardDeviation": 42.35,
            "sampleSize": 371,
            "normalizedSampleSize": 0.1631,
            "averageTravelTime": 64.25,
            "medianTravelTime": 59.73,
            "travelTimeRatio": 1.0,
            "speedPercentiles": [
              2, 3, 3, 3, 4, 4, 4, 4, 5, 5, 5, 6, 7, 7, 9, 10, 11, 13, 17
            ]
          }
        ]
      }
    },
    {
      "type": "Feature",
      "geometry": {
        "type": "LineString",
        "coordinates": [
          [-73.98948, 40.7588],
          [-73.98884, 40.75853]
        ]
      },
      "properties": {
        "segmentId": -368400001779018,
        "newSegmentId": "-ab78c9a7-1017-4290-8f5b-e0341f8b355f",
        "speedLimit": 25,
        "frc": 6,
        "streetName": "W 44th St",
        "distance": 200.98,
        "segmentTimeResults": [
          {
            "timeSet": 2,
            "dateRange": 1,
            "harmonicAverageSpeed": 3.85,
            "medianSpeed": 6.84,
            "averageSpeed": 8.14,
            "standardDeviationSpeed": 6.59,
            "travelTimeStandardDeviation": 28.5,
            "sampleSize": 329,
            "normalizedSampleSize": 0.1447,
            "averageTravelTime": 35.51,
            "medianTravelTime": 20.05,
            "travelTimeRatio": 1.0,
            "speedPercentiles": [
              2, 2, 2, 2, 2, 2, 3, 3, 4, 7, 9, 9, 11, 12, 13, 14, 15, 17, 19
            ]
          }
        ]
      }
    },
    {
      "type": "Feature",
      "geometry": {
        "type": "LineString",
        "coordinates": [
          [-73.98336, 40.7595],
          [-73.98316, 40.75942]
        ]
      },
      "properties": {
        "segmentId": -368400002055325,
        "newSegmentId": "-acaba2fb-64eb-48b6-bddb-5eda7dfb6167",
        "speedLimit": 25,
        "frc": 6,
        "streetName": "W 48th St",
        "distance": 62.47,
        "segmentTimeResults": [
          {
            "timeSet": 2,
            "dateRange": 1,
            "harmonicAverageSpeed": 4.97,
            "medianSpeed": 9.94,
            "averageSpeed": 9.82,
            "standardDeviationSpeed": 5.53,
            "travelTimeStandardDeviation": 14.94,
            "sampleSize": 341,
            "normalizedSampleSize": 0.15,
            "averageTravelTime": 8.62,
            "medianTravelTime": 4.28,
            "travelTimeRatio": 1.0,
            "speedPercentiles": [
              2, 2, 4, 5, 6, 7, 7, 9, 9, 10, 10, 11, 11, 12, 13, 14, 15, 17, 19
            ]
          }
        ]
      }
    },
    {
      "type": "Feature",
      "geometry": {
        "type": "LineString",
        "coordinates": [
          [-73.99081, 40.75684],
          [-73.99057, 40.75674],
          [-73.99051, 40.75673],
          [-73.99047, 40.75675],
          [-73.99025, 40.7571],
          [-73.99025, 40.75712],
          [-73.99026, 40.75718],
          [-73.99028, 40.75721],
          [-73.99047, 40.7573]
        ]
      },
      "properties": {
        "segmentId": -368400002054772,
        "newSegmentId": "-af416d9d-a5a6-41a9-8fba-f8130484434e",
        "speedLimit": 12,
        "frc": 7,
        "distance": 351.71,
        "segmentTimeResults": [
          {
            "timeSet": 2,
            "dateRange": 1,
            "harmonicAverageSpeed": 0.0,
            "medianSpeed": 0.0,
            "averageSpeed": 0.0,
            "sampleSize": 0,
            "normalizedSampleSize": 0.0,
            "averageTravelTime": 0.0,
            "medianTravelTime": 0.0,
            "travelTimeRatio": 0.0,
            "speedPercentiles": [
              0, 0, 0, 0, 0, 0, 0, 0, 0, 0, 0, 0, 0, 0, 0, 0, 0, 0, 0
            ]
          }
        ]
      }
    },
    {
      "type": "Feature",
      "geometry": {
        "type": "LineString",
        "coordinates": [
          [-73.98051, 40.7632],
          [-73.98038, 40.76315]
        ]
      },
      "properties": {
        "segmentId": -368400001990538,
        "newSegmentId": "-af8b220b-ed27-4182-9cab-63ab1b5ddaab",
        "speedLimit": 25,
        "frc": 6,
        "streetName": "W 54th St",
        "distance": 38.91,
        "segmentTimeResults": [
          {
            "timeSet": 2,
            "dateRange": 1,
            "harmonicAverageSpeed": 7.77,
            "medianSpeed": 11.18,
            "averageSpeed": 12.43,
            "standardDeviationSpeed": 7.27,
            "travelTimeStandardDeviation": 4.44,
            "sampleSize": 351,
            "normalizedSampleSize": 0.1544,
            "averageTravelTime": 3.42,
            "medianTravelTime": 2.37,
            "travelTimeRatio": 1.0,
            "speedPercentiles": [
              3, 5, 6, 6, 7, 7, 8, 9, 10, 11, 12, 13, 14, 16, 17, 18, 21, 22, 26
            ]
          }
        ]
      }
    },
    {
      "type": "Feature",
      "geometry": {
        "type": "LineString",
        "coordinates": [
          [-73.98735, 40.75954],
          [-73.98719, 40.75948]
        ]
      },
      "properties": {
        "segmentId": -368400001795802,
        "newSegmentId": "-b11acb5f-e89c-4514-b15b-8525f8516232",
        "speedLimit": 25,
        "frc": 6,
        "streetName": "W 46th St",
        "distance": 46.92,
        "segmentTimeResults": [
          {
            "timeSet": 2,
            "dateRange": 1,
            "harmonicAverageSpeed": 4.41,
            "medianSpeed": 7.46,
            "averageSpeed": 8.26,
            "standardDeviationSpeed": 5.22,
            "travelTimeStandardDeviation": 9.5,
            "sampleSize": 548,
            "normalizedSampleSize": 0.241,
            "averageTravelTime": 7.28,
            "medianTravelTime": 4.29,
            "travelTimeRatio": 1.0,
            "speedPercentiles": [
              1, 2, 3, 3, 4, 5, 5, 6, 7, 7, 9, 9, 10, 11, 12, 12, 14, 15, 17
            ]
          }
        ]
      }
    },
    {
      "type": "Feature",
      "geometry": {
        "type": "LineString",
        "coordinates": [
          [-73.98023, 40.76309],
          [-73.97969, 40.76285]
        ]
      },
      "properties": {
        "segmentId": -368400001977192,
        "newSegmentId": "-b61b9835-92cb-4d69-adee-ab56585136d0",
        "speedLimit": 25,
        "frc": 6,
        "streetName": "W 54th St",
        "distance": 172.64,
        "segmentTimeResults": [
          {
            "timeSet": 2,
            "dateRange": 1,
            "harmonicAverageSpeed": 9.13,
            "medianSpeed": 11.81,
            "averageSpeed": 12.49,
            "standardDeviationSpeed": 6.03,
            "travelTimeStandardDeviation": 9.83,
            "sampleSize": 346,
            "normalizedSampleSize": 0.1522,
            "averageTravelTime": 12.88,
            "medianTravelTime": 9.97,
            "travelTimeRatio": 1.0,
            "speedPercentiles": [
              3, 5, 6, 7, 8, 9, 10, 11, 11, 12, 12, 13, 14, 15, 16, 17, 19, 20,
              24
            ]
          }
        ]
      }
    },
    {
      "type": "Feature",
      "geometry": {
        "type": "LineString",
        "coordinates": [
          [-73.9819, 40.7661],
          [-73.98191, 40.76599],
          [-73.98192, 40.76581]
        ]
      },
      "properties": {
        "segmentId": -368400001967905,
        "newSegmentId": "-b75f856a-7a45-46e8-ae7d-41771a0a54fa",
        "speedLimit": 25,
        "frc": 5,
        "streetName": "Broadway",
        "distance": 106.79,
        "segmentTimeResults": [
          {
            "timeSet": 2,
            "dateRange": 1,
            "harmonicAverageSpeed": 8.39,
            "medianSpeed": 14.29,
            "averageSpeed": 14.23,
            "standardDeviationSpeed": 6.77,
            "travelTimeStandardDeviation": 18.19,
            "sampleSize": 821,
            "normalizedSampleSize": 0.361,
            "averageTravelTime": 8.71,
            "medianTravelTime": 5.09,
            "travelTimeRatio": 1.0,
            "speedPercentiles": [
              3, 5, 7, 7, 9, 11, 12, 12, 14, 14, 16, 16, 17, 18, 19, 20, 21, 22,
              24
            ]
          }
        ]
      }
    },
    {
      "type": "Feature",
      "geometry": {
        "type": "LineString",
        "coordinates": [
          [-73.98832, 40.75662],
          [-73.98771, 40.75637]
        ]
      },
      "properties": {
        "segmentId": -368400002298804,
        "newSegmentId": "-b78b5e75-dfa1-4810-8915-a1fd96a77d2b",
        "speedLimit": 25,
        "frc": 4,
        "streetName": "W 42nd St",
        "distance": 194.26,
        "segmentTimeResults": [
          {
            "timeSet": 2,
            "dateRange": 1,
            "harmonicAverageSpeed": 3.17,
            "medianSpeed": 2.8,
            "averageSpeed": 6.21,
            "standardDeviationSpeed": 5.78,
            "travelTimeStandardDeviation": 25.99,
            "sampleSize": 445,
            "normalizedSampleSize": 0.1957,
            "averageTravelTime": 41.68,
            "medianTravelTime": 47.37,
            "travelTimeRatio": 1.0,
            "speedPercentiles": [
              2, 2, 2, 2, 2, 2, 2, 2, 3, 3, 3, 4, 6, 8, 10, 12, 14, 15, 18
            ]
          }
        ]
      }
    },
    {
      "type": "Feature",
      "geometry": {
        "type": "LineString",
        "coordinates": [
          [-73.9783, 40.7621],
          [-73.9784, 40.76214],
          [-73.97841, 40.76214],
          [-73.97842, 40.76213],
          [-73.9785, 40.76205],
          [-73.97852, 40.76205],
          [-73.97854, 40.76205],
          [-73.97867, 40.76187],
          [-73.97871, 40.76183]
        ]
      },
      "properties": {
        "segmentId": -368400002091415,
        "newSegmentId": "-b8e388d8-00e4-4fbc-9c7d-74da8c5173c5",
        "speedLimit": 11,
        "frc": 7,
        "distance": 179.82,
        "segmentTimeResults": [
          {
            "timeSet": 2,
            "dateRange": 1,
            "harmonicAverageSpeed": 1.8,
            "medianSpeed": 4.47,
            "averageSpeed": 5.84,
            "standardDeviationSpeed": 5.59,
            "travelTimeStandardDeviation": 110.39,
            "sampleSize": 14,
            "normalizedSampleSize": 0.0062,
            "averageTravelTime": 69.32,
            "medianTravelTime": 27.41,
            "travelTimeRatio": 1.0,
            "speedPercentiles": [
              0, 1, 1, 1, 2, 2, 2, 3, 4, 4, 5, 6, 6, 6, 7, 10, 10, 12, 21
            ]
          }
        ]
      }
    },
    {
      "type": "Feature",
      "geometry": {
        "type": "LineString",
        "coordinates": [
          [-73.9809, 40.76012],
          [-73.98068, 40.76003],
          [-73.98041, 40.75992]
        ]
      },
      "properties": {
        "segmentId": -368400001569583,
        "newSegmentId": "-bc39e9a2-5486-44c4-b9b8-05c1ddeaa60b",
        "speedLimit": 25,
        "frc": 6,
        "streetName": "W 50th St",
        "distance": 153.38,
        "segmentTimeResults": [
          {
            "timeSet": 2,
            "dateRange": 1,
            "harmonicAverageSpeed": 6.34,
            "medianSpeed": 12.43,
            "averageSpeed": 11.62,
            "standardDeviationSpeed": 6.46,
            "travelTimeStandardDeviation": 19.56,
            "sampleSize": 447,
            "normalizedSampleSize": 0.1966,
            "averageTravelTime": 16.49,
            "medianTravelTime": 8.41,
            "travelTimeRatio": 1.0,
            "speedPercentiles": [
              2, 3, 3, 4, 5, 7, 8, 10, 11, 12, 13, 14, 15, 16, 17, 17, 19, 20,
              21
            ]
          }
        ]
      }
    },
    {
      "type": "Feature",
      "geometry": {
        "type": "LineString",
        "coordinates": [
          [-73.98745, 40.76122],
          [-73.98702, 40.76104]
        ]
      },
      "properties": {
        "segmentId": -368400002311620,
        "newSegmentId": "-c0158f05-736e-45a9-9d2d-43ddf6ddc78a",
        "speedLimit": 25,
        "frc": 6,
        "streetName": "W 48th St",
        "distance": 133.76,
        "segmentTimeResults": [
          {
            "timeSet": 2,
            "dateRange": 1,
            "harmonicAverageSpeed": 6.65,
            "medianSpeed": 14.29,
            "averageSpeed": 13.17,
            "standardDeviationSpeed": 6.46,
            "travelTimeStandardDeviation": 18.48,
            "sampleSize": 306,
            "normalizedSampleSize": 0.1346,
            "averageTravelTime": 13.71,
            "medianTravelTime": 6.38,
            "travelTimeRatio": 1.0,
            "speedPercentiles": [
              1, 3, 4, 7, 9, 11, 12, 13, 14, 14, 15, 16, 17, 17, 17, 18, 19, 20,
              23
            ]
          }
        ]
      }
    },
    {
      "type": "Feature",
      "geometry": {
        "type": "LineString",
        "coordinates": [
          [-73.98771, 40.75637],
          [-73.9874, 40.75624]
        ]
      },
      "properties": {
        "segmentId": -368400002303498,
        "newSegmentId": "-c1aa8ecb-ee9c-4404-84e1-ce1e4d803569",
        "speedLimit": 25,
        "frc": 4,
        "streetName": "W 42nd St",
        "distance": 98.56,
        "segmentTimeResults": [
          {
            "timeSet": 2,
            "dateRange": 1,
            "harmonicAverageSpeed": 2.8,
            "medianSpeed": 4.97,
            "averageSpeed": 6.52,
            "standardDeviationSpeed": 5.16,
            "travelTimeStandardDeviation": 22.02,
            "sampleSize": 460,
            "normalizedSampleSize": 0.2023,
            "averageTravelTime": 24.06,
            "medianTravelTime": 13.52,
            "travelTimeRatio": 1.0,
            "speedPercentiles": [
              1, 1, 1, 1, 2, 2, 3, 3, 4, 5, 6, 7, 9, 10, 11, 12, 12, 14, 16
            ]
          }
        ]
      }
    },
    {
      "type": "Feature",
      "geometry": {
        "type": "LineString",
        "coordinates": [
          [-73.9812, 40.76784],
          [-73.98139, 40.76792]
        ]
      },
      "properties": {
        "segmentId": -368400002031666,
        "newSegmentId": "-c5254bdd-13f0-4120-8d42-61047fd71da7",
        "speedLimit": 25,
        "frc": 6,
        "streetName": "Central Park S",
        "distance": 58.79,
        "segmentTimeResults": [
          {
            "timeSet": 2,
            "dateRange": 1,
            "harmonicAverageSpeed": 11.0,
            "medianSpeed": 16.16,
            "averageSpeed": 16.22,
            "standardDeviationSpeed": 7.02,
            "travelTimeStandardDeviation": 5.03,
            "sampleSize": 1149,
            "normalizedSampleSize": 0.5053,
            "averageTravelTime": 3.64,
            "medianTravelTime": 2.48,
            "travelTimeRatio": 1.0,
            "speedPercentiles": [
              5, 7, 8, 10, 11, 12, 14, 14, 16, 16, 17, 18, 19, 20, 21, 22, 24,
              25, 29
            ]
          }
        ]
      }
    },
    {
      "type": "Feature",
      "geometry": {
        "type": "LineString",
        "coordinates": [
          [-73.98363, 40.76205],
          [-73.98368, 40.76197]
        ]
      },
      "properties": {
        "segmentId": -368400001871686,
        "newSegmentId": "-c5a713f9-9b57-4f25-8d66-52f78f8594d0",
        "speedLimit": 25,
        "frc": 5,
        "streetName": "Broadway",
        "distance": 31.2,
        "segmentTimeResults": [
          {
            "timeSet": 2,
            "dateRange": 1,
            "harmonicAverageSpeed": 5.72,
            "medianSpeed": 11.18,
            "averageSpeed": 12.12,
            "standardDeviationSpeed": 8.2,
            "travelTimeStandardDeviation": 4.87,
            "sampleSize": 276,
            "normalizedSampleSize": 0.1214,
            "averageTravelTime": 3.72,
            "medianTravelTime": 1.9,
            "travelTimeRatio": 1.0,
            "speedPercentiles": [
              2, 2, 3, 4, 6, 6, 7, 9, 10, 11, 12, 14, 15, 16, 17, 20, 21, 22, 25
            ]
          }
        ]
      }
    },
    {
      "type": "Feature",
      "geometry": {
        "type": "LineString",
        "coordinates": [
          [-73.98458, 40.76327],
          [-73.98322, 40.7627]
        ]
      },
      "properties": {
        "segmentId": -368400001579746,
        "newSegmentId": "-c7cdcacb-3f57-419c-aa3b-96454ccffe75",
        "speedLimit": 25,
        "frc": 6,
        "streetName": "W 52nd St",
        "distance": 428.61,
        "segmentTimeResults": [
          {
            "timeSet": 2,
            "dateRange": 1,
            "harmonicAverageSpeed": 5.16,
            "medianSpeed": 5.53,
            "averageSpeed": 6.52,
            "standardDeviationSpeed": 3.54,
            "travelTimeStandardDeviation": 28.52,
            "sampleSize": 313,
            "normalizedSampleSize": 0.1376,
            "averageTravelTime": 56.98,
            "medianTravelTime": 52.84,
            "travelTimeRatio": 1.0,
            "speedPercentiles": [
              3, 3, 3, 4, 4, 5, 5, 5, 5, 6, 6, 6, 7, 7, 7, 9, 11, 11, 14
            ]
          }
        ]
      }
    },
    {
      "type": "Feature",
      "geometry": {
        "type": "LineString",
        "coordinates": [
          [-73.98419, 40.76816],
          [-73.98408, 40.76812],
          [-73.98365, 40.76794],
          [-73.98293, 40.76764]
        ]
      },
      "properties": {
        "segmentId": -368400002298524,
        "newSegmentId": "-c868bcce-6a63-41db-b07d-f48a0b8180db",
        "speedLimit": 25,
        "frc": 6,
        "streetName": "W 58th St",
        "distance": 394.75,
        "segmentTimeResults": [
          {
            "timeSet": 2,
            "dateRange": 1,
            "harmonicAverageSpeed": 9.82,
            "medianSpeed": 14.91,
            "averageSpeed": 14.42,
            "standardDeviationSpeed": 6.59,
            "travelTimeStandardDeviation": 33.15,
            "sampleSize": 460,
            "normalizedSampleSize": 0.2023,
            "averageTravelTime": 27.49,
            "medianTravelTime": 18.05,
            "travelTimeRatio": 1.0,
            "speedPercentiles": [
              4, 5, 6, 7, 9, 11, 12, 13, 14, 15, 16, 17, 17, 18, 19, 20, 21, 22,
              25
            ]
          }
        ]
      }
    },
    {
      "type": "Feature",
      "geometry": {
        "type": "LineString",
        "coordinates": [
          [-73.97768, 40.76364],
          [-73.97743, 40.76353],
          [-73.97716, 40.76342]
        ]
      },
      "properties": {
        "segmentId": -368400002055155,
        "newSegmentId": "-cb446013-d350-4f8b-872a-2c473efa4246",
        "speedLimit": 25,
        "frc": 6,
        "streetName": "W 56th St",
        "distance": 166.11,
        "segmentTimeResults": [
          {
            "timeSet": 2,
            "dateRange": 1,
            "harmonicAverageSpeed": 6.03,
            "medianSpeed": 11.18,
            "averageSpeed": 10.56,
            "standardDeviationSpeed": 5.47,
            "travelTimeStandardDeviation": 23.65,
            "sampleSize": 311,
            "normalizedSampleSize": 0.1368,
            "averageTravelTime": 18.71,
            "medianTravelTime": 10.13,
            "travelTimeRatio": 1.0,
            "speedPercentiles": [
              2, 3, 4, 6, 6, 8, 9, 10, 11, 11, 12, 12, 12, 13, 14, 14, 15, 17,
              20
            ]
          }
        ]
      }
    },
    {
      "type": "Feature",
      "geometry": {
        "type": "LineString",
        "coordinates": [
          [-73.98192, 40.76581],
          [-73.98193, 40.76568],
          [-73.98198, 40.76546]
        ]
      },
      "properties": {
        "segmentId": -368400001964696,
        "newSegmentId": "-cc6fd0ad-ffd1-4156-b3c4-a7d984f08a9c",
        "speedLimit": 25,
        "frc": 5,
        "streetName": "Broadway",
        "distance": 127.76,
        "segmentTimeResults": [
          {
            "timeSet": 2,
            "dateRange": 1,
            "harmonicAverageSpeed": 5.53,
            "medianSpeed": 9.94,
            "averageSpeed": 11.18,
            "standardDeviationSpeed": 7.39,
            "travelTimeStandardDeviation": 18.02,
            "sampleSize": 795,
            "normalizedSampleSize": 0.3496,
            "averageTravelTime": 15.83,
            "medianTravelTime": 8.76,
            "travelTimeRatio": 1.0,
            "speedPercentiles": [
              2, 2, 3, 4, 5, 6, 7, 8, 9, 10, 11, 12, 14, 16, 17, 18, 19, 21, 23
            ]
          }
        ]
      }
    },
    {
      "type": "Feature",
      "geometry": {
        "type": "LineString",
        "coordinates": [
          [-73.98316, 40.75942],
          [-73.98309, 40.75938]
        ]
      },
      "properties": {
        "segmentId": -368400002055448,
        "newSegmentId": "-cca460c8-44d0-45af-afb6-90659e57d826",
        "speedLimit": 25,
        "frc": 6,
        "streetName": "W 48th St",
        "distance": 24.15,
        "segmentTimeResults": [
          {
            "timeSet": 2,
            "dateRange": 1,
            "harmonicAverageSpeed": 5.59,
            "medianSpeed": 10.56,
            "averageSpeed": 10.81,
            "standardDeviationSpeed": 5.28,
            "travelTimeStandardDeviation": 6.12,
            "sampleSize": 343,
            "normalizedSampleSize": 0.1508,
            "averageTravelTime": 2.93,
            "medianTravelTime": 1.56,
            "travelTimeRatio": 1.0,
            "speedPercentiles": [
              2, 3, 6, 6, 7, 8, 9, 9, 10, 11, 11, 12, 12, 13, 14, 15, 16, 17, 19
            ]
          }
        ]
      }
    },
    {
      "type": "Feature",
      "geometry": {
        "type": "LineString",
        "coordinates": [
          [-73.97931, 40.76694],
          [-73.97918, 40.76693]
        ]
      },
      "properties": {
        "segmentId": -368400002032196,
        "newSegmentId": "-cf275ea7-07fa-474a-b21f-5a551d0c8d1d",
        "speedLimit": 25,
        "frc": 6,
        "streetName": "Central Park S",
        "distance": 34.68,
        "segmentTimeResults": [
          {
            "timeSet": 2,
            "dateRange": 1,
            "harmonicAverageSpeed": 7.02,
            "medianSpeed": 13.05,
            "averageSpeed": 12.8,
            "standardDeviationSpeed": 6.65,
            "travelTimeStandardDeviation": 5.49,
            "sampleSize": 622,
            "normalizedSampleSize": 0.2735,
            "averageTravelTime": 3.37,
            "medianTravelTime": 1.81,
            "travelTimeRatio": 1.0,
            "speedPercentiles": [
              2, 4, 5, 7, 8, 9, 11, 11, 12, 13, 14, 14, 15, 16, 17, 18, 19, 21,
              24
            ]
          }
        ]
      }
    },
    {
      "type": "Feature",
      "geometry": {
        "type": "LineString",
        "coordinates": [
          [-73.97939, 40.76708],
          [-73.9812, 40.76784]
        ]
      },
      "properties": {
        "segmentId": -368400002032085,
        "newSegmentId": "-cf69b20a-4c20-48eb-a919-6f979ced429d",
        "speedLimit": 25,
        "frc": 6,
        "streetName": "Central Park S",
        "distance": 574.18,
        "segmentTimeResults": [
          {
            "timeSet": 2,
            "dateRange": 1,
            "harmonicAverageSpeed": 7.02,
            "medianSpeed": 6.84,
            "averageSpeed": 7.71,
            "standardDeviationSpeed": 2.61,
            "travelTimeStandardDeviation": 17.43,
            "sampleSize": 1110,
            "normalizedSampleSize": 0.4881,
            "averageTravelTime": 55.63,
            "medianTravelTime": 57.28,
            "travelTimeRatio": 1.0,
            "speedPercentiles": [
              5, 6, 6, 6, 6, 6, 6, 7, 7, 7, 7, 7, 8, 8, 9, 9, 10, 11, 12
            ]
          }
        ]
      }
    },
    {
      "type": "Feature",
      "geometry": {
        "type": "LineString",
        "coordinates": [
          [-73.98199, 40.75728],
          [-73.98041, 40.75661]
        ]
      },
      "properties": {
        "segmentId": -368400001756020,
        "newSegmentId": "-d0307862-815d-4dd6-a9ce-9f81b5df009d",
        "speedLimit": 25,
        "frc": 6,
        "streetName": "W 46th St",
        "distance": 502.43,
        "segmentTimeResults": [
          {
            "timeSet": 2,
            "dateRange": 1,
            "harmonicAverageSpeed": 5.16,
            "medianSpeed": 5.97,
            "averageSpeed": 7.46,
            "standardDeviationSpeed": 4.54,
            "travelTimeStandardDeviation": 41.96,
            "sampleSize": 360,
            "normalizedSampleSize": 0.1583,
            "averageTravelTime": 66.39,
            "medianTravelTime": 57.43,
            "travelTimeRatio": 1.0,
            "speedPercentiles": [
              2, 3, 3, 3, 4, 4, 5, 5, 6, 6, 7, 7, 9, 9, 10, 11, 12, 14, 16
            ]
          }
        ]
      }
    },
    {
      "type": "Feature",
      "geometry": {
        "type": "LineString",
        "coordinates": [
          [-73.99047, 40.7573],
          [-73.99081, 40.75684]
        ]
      },
      "properties": {
        "segmentId": -368400002055884,
        "newSegmentId": "-d29e71a7-af42-4562-9203-ee90769a7c7d",
        "speedLimit": 12,
        "frc": 7,
        "distance": 190.58,
        "segmentTimeResults": [
          {
            "timeSet": 2,
            "dateRange": 1,
            "harmonicAverageSpeed": 0.0,
            "medianSpeed": 0.0,
            "averageSpeed": 0.0,
            "sampleSize": 0,
            "normalizedSampleSize": 0.0,
            "averageTravelTime": 0.0,
            "medianTravelTime": 0.0,
            "travelTimeRatio": 0.0,
            "speedPercentiles": [
              0, 0, 0, 0, 0, 0, 0, 0, 0, 0, 0, 0, 0, 0, 0, 0, 0, 0, 0
            ]
          }
        ]
      }
    },
    {
      "type": "Feature",
      "geometry": {
        "type": "LineString",
        "coordinates": [
          [-73.97871, 40.76183],
          [-73.9786, 40.76178],
          [-73.97854, 40.76176],
          [-73.97853, 40.76175],
          [-73.97851, 40.76176],
          [-73.97833, 40.76198],
          [-73.97828, 40.76207],
          [-73.97828, 40.76208],
          [-73.97828, 40.76209],
          [-73.9783, 40.7621]
        ]
      },
      "properties": {
        "segmentId": -368400002091420,
        "newSegmentId": "-d2a242d1-0e4f-43cd-bd52-41e42bfcd9e8",
        "speedLimit": 11,
        "frc": 7,
        "distance": 204.79,
        "segmentTimeResults": [
          {
            "timeSet": 2,
            "dateRange": 1,
            "harmonicAverageSpeed": 1.62,
            "medianSpeed": 2.8,
            "averageSpeed": 3.91,
            "standardDeviationSpeed": 3.11,
            "travelTimeStandardDeviation": 134.49,
            "sampleSize": 12,
            "normalizedSampleSize": 0.0053,
            "averageTravelTime": 87.14,
            "medianTravelTime": 49.94,
            "travelTimeRatio": 1.0,
            "speedPercentiles": [
              0, 1, 1, 2, 2, 2, 2, 2, 3, 3, 3, 4, 4, 4, 4, 5, 7, 7, 12
            ]
          }
        ]
      }
    },
    {
      "type": "Feature",
      "geometry": {
        "type": "LineString",
        "coordinates": [
          [-73.98206, 40.76521],
          [-73.9821, 40.76505],
          [-73.98221, 40.76474]
        ]
      },
      "properties": {
        "segmentId": -368400001660032,
        "newSegmentId": "-d5018a96-ec36-4f14-a8f9-b6e3236dbfa8",
        "speedLimit": 25,
        "frc": 5,
        "streetName": "Broadway",
        "distance": 175.0,
        "segmentTimeResults": [
          {
            "timeSet": 2,
            "dateRange": 1,
            "harmonicAverageSpeed": 4.29,
            "medianSpeed": 8.7,
            "averageSpeed": 9.07,
            "standardDeviationSpeed": 6.4,
            "travelTimeStandardDeviation": 28.63,
            "sampleSize": 682,
            "normalizedSampleSize": 0.2999,
            "averageTravelTime": 27.84,
            "medianTravelTime": 13.72,
            "travelTimeRatio": 1.0,
            "speedPercentiles": [
              2, 2, 2, 2, 3, 4, 5, 7, 7, 9, 9, 11, 12, 12, 14, 14, 16, 19, 21
            ]
          }
        ]
      }
    },
    {
      "type": "Feature",
      "geometry": {
        "type": "LineString",
        "coordinates": [
          [-73.9782, 40.76222],
          [-73.9771, 40.76176],
          [-73.9763, 40.76143]
        ]
      },
      "properties": {
        "segmentId": -368400002089401,
        "newSegmentId": "-d5e05795-fcc2-43db-93fc-956ecf943c81",
        "speedLimit": 25,
        "frc": 6,
        "streetName": "W 54th St",
        "distance": 601.28,
        "segmentTimeResults": [
          {
            "timeSet": 2,
            "dateRange": 1,
            "harmonicAverageSpeed": 5.9,
            "medianSpeed": 7.46,
            "averageSpeed": 8.57,
            "standardDeviationSpeed": 5.65,
            "travelTimeStandardDeviation": 45.55,
            "sampleSize": 355,
            "normalizedSampleSize": 0.1561,
            "averageTravelTime": 69.66,
            "medianTravelTime": 54.98,
            "travelTimeRatio": 1.0,
            "speedPercentiles": [
              2, 3, 4, 4, 5, 5, 6, 6, 7, 7, 8, 8, 9, 11, 12, 13, 14, 16, 18
            ]
          }
        ]
      }
    },
    {
      "type": "Feature",
      "geometry": {
        "type": "LineString",
        "coordinates": [
          [-73.98188, 40.7663],
          [-73.9819, 40.7661]
        ]
      },
      "properties": {
        "segmentId": -368400001966916,
        "newSegmentId": "-dc5016f4-99f3-4365-8b02-e63bf440b526",
        "speedLimit": 25,
        "frc": 5,
        "streetName": "Broadway",
        "distance": 71.95,
        "segmentTimeResults": [
          {
            "timeSet": 2,
            "dateRange": 1,
            "harmonicAverageSpeed": 10.94,
            "medianSpeed": 15.53,
            "averageSpeed": 15.22,
            "standardDeviationSpeed": 6.21,
            "travelTimeStandardDeviation": 5.94,
            "sampleSize": 833,
            "normalizedSampleSize": 0.3663,
            "averageTravelTime": 4.48,
            "medianTravelTime": 3.16,
            "travelTimeRatio": 1.0,
            "speedPercentiles": [
              5, 7, 8, 9, 11, 12, 13, 14, 15, 16, 16, 17, 18, 19, 19, 20, 21,
              22, 24
            ]
          }
        ]
      }
    },
    {
      "type": "Feature",
      "geometry": {
        "type": "LineString",
        "coordinates": [
          [-73.98179, 40.76689],
          [-73.98188, 40.7663]
        ]
      },
      "properties": {
        "segmentId": -368400002019348,
        "newSegmentId": "-dc76db27-fdc2-487a-840a-a217afd8aaf6",
        "speedLimit": 25,
        "frc": 5,
        "streetName": "Broadway",
        "distance": 214.63,
        "segmentTimeResults": [
          {
            "timeSet": 2,
            "dateRange": 1,
            "harmonicAverageSpeed": 7.71,
            "medianSpeed": 11.81,
            "averageSpeed": 11.74,
            "standardDeviationSpeed": 6.09,
            "travelTimeStandardDeviation": 17.23,
            "sampleSize": 950,
            "normalizedSampleSize": 0.4178,
            "averageTravelTime": 18.98,
            "medianTravelTime": 12.4,
            "travelTimeRatio": 1.0,
            "speedPercentiles": [
              3, 4, 5, 6, 7, 7, 9, 10, 11, 12, 12, 14, 14, 16, 16, 17, 18, 19,
              21
            ]
          }
        ]
      }
    },
    {
      "type": "Feature",
      "geometry": {
        "type": "LineString",
        "coordinates": [
          [-73.98038, 40.76315],
          [-73.98023, 40.76309]
        ]
      },
      "properties": {
        "segmentId": -368400001984716,
        "newSegmentId": "-ddd9a74c-b718-4cbd-ac48-0f6945c54173",
        "speedLimit": 25,
        "frc": 6,
        "streetName": "W 54th St",
        "distance": 48.95,
        "segmentTimeResults": [
          {
            "timeSet": 2,
            "dateRange": 1,
            "harmonicAverageSpeed": 8.76,
            "medianSpeed": 11.18,
            "averageSpeed": 12.74,
            "standardDeviationSpeed": 7.15,
            "travelTimeStandardDeviation": 3.46,
            "sampleSize": 351,
            "normalizedSampleSize": 0.1544,
            "averageTravelTime": 3.8,
            "medianTravelTime": 2.98,
            "travelTimeRatio": 1.0,
            "speedPercentiles": [
              3, 5, 6, 6, 7, 8, 9, 10, 11, 11, 12, 13, 14, 16, 17, 18, 21, 22,
              26
            ]
          }
        ]
      }
    },
    {
      "type": "Feature",
      "geometry": {
        "type": "LineString",
        "coordinates": [
          [-73.97901, 40.76509],
          [-73.9772, 40.76432]
        ]
      },
      "properties": {
        "segmentId": -368400001963213,
        "newSegmentId": "-ddeb4d49-aa87-4e9f-ad67-25f35ebebf98",
        "speedLimit": 25,
        "frc": 4,
        "streetName": "W 57th St",
        "distance": 575.46,
        "segmentTimeResults": [
          {
            "timeSet": 2,
            "dateRange": 1,
            "harmonicAverageSpeed": 6.15,
            "medianSpeed": 8.08,
            "averageSpeed": 8.39,
            "standardDeviationSpeed": 4.35,
            "travelTimeStandardDeviation": 37.7,
            "sampleSize": 565,
            "normalizedSampleSize": 0.2485,
            "averageTravelTime": 63.53,
            "medianTravelTime": 48.57,
            "travelTimeRatio": 1.0,
            "speedPercentiles": [
              3, 3, 4, 4, 4, 5, 6, 7, 7, 8, 9, 9, 10, 11, 11, 12, 13, 14, 17
            ]
          }
        ]
      }
    },
    {
      "type": "Feature",
      "geometry": {
        "type": "LineString",
        "coordinates": [
          [-73.98175, 40.76714],
          [-73.98179, 40.76689]
        ]
      },
      "properties": {
        "segmentId": -368400002022731,
        "newSegmentId": "-df6314f2-e3a2-43ef-bf5a-cf34e2c1458a",
        "speedLimit": 25,
        "frc": 5,
        "streetName": "Broadway",
        "distance": 91.8,
        "segmentTimeResults": [
          {
            "timeSet": 2,
            "dateRange": 1,
            "harmonicAverageSpeed": 8.14,
            "medianSpeed": 11.81,
            "averageSpeed": 11.87,
            "standardDeviationSpeed": 5.53,
            "travelTimeStandardDeviation": 10.61,
            "sampleSize": 972,
            "normalizedSampleSize": 0.4274,
            "averageTravelTime": 7.67,
            "medianTravelTime": 5.3,
            "travelTimeRatio": 1.0,
            "speedPercentiles": [
              4, 5, 6, 7, 8, 9, 10, 11, 11, 12, 12, 13, 14, 14, 15, 16, 17, 17,
              19
            ]
          }
        ]
      }
    },
    {
      "type": "Feature",
      "geometry": {
        "type": "LineString",
        "coordinates": [
          [-73.98198, 40.76546],
          [-73.98203, 40.7653],
          [-73.98206, 40.76521]
        ]
      },
      "properties": {
        "segmentId": -368400001659355,
        "newSegmentId": "-e35b8dc6-2705-47da-a480-5e1e2a22f86d",
        "speedLimit": 25,
        "frc": 5,
        "streetName": "Broadway",
        "distance": 96.49,
        "segmentTimeResults": [
          {
            "timeSet": 2,
            "dateRange": 1,
            "harmonicAverageSpeed": 6.15,
            "medianSpeed": 10.56,
            "averageSpeed": 10.87,
            "standardDeviationSpeed": 6.21,
            "travelTimeStandardDeviation": 13.03,
            "sampleSize": 697,
            "normalizedSampleSize": 0.3065,
            "averageTravelTime": 10.7,
            "medianTravelTime": 6.23,
            "travelTimeRatio": 1.0,
            "speedPercentiles": [
              2, 3, 4, 5, 6, 7, 7, 8, 9, 11, 11, 12, 13, 14, 15, 16, 17, 19, 22
            ]
          }
        ]
      }
    },
    {
      "type": "Feature",
      "geometry": {
        "type": "LineString",
        "coordinates": [
          [-73.98183, 40.75885],
          [-73.98132, 40.75864]
        ]
      },
      "properties": {
        "segmentId": -368400001571020,
        "newSegmentId": "-e41e712b-62f5-4eec-a505-401727b2dcc1",
        "speedLimit": 25,
        "frc": 6,
        "streetName": "W 48th St",
        "distance": 160.5,
        "segmentTimeResults": [
          {
            "timeSet": 2,
            "dateRange": 1,
            "harmonicAverageSpeed": 4.1,
            "medianSpeed": 7.46,
            "averageSpeed": 8.08,
            "standardDeviationSpeed": 5.84,
            "travelTimeStandardDeviation": 26.63,
            "sampleSize": 361,
            "normalizedSampleSize": 0.1588,
            "averageTravelTime": 26.89,
            "medianTravelTime": 14.68,
            "travelTimeRatio": 1.0,
            "speedPercentiles": [
              1, 2, 2, 2, 3, 4, 5, 5, 6, 7, 8, 10, 11, 11, 11, 11, 11, 16, 22
            ]
          }
        ]
      }
    },
    {
      "type": "Feature",
      "geometry": {
        "type": "LineString",
        "coordinates": [
          [-73.9865, 40.75918],
          [-73.98629, 40.75947]
        ]
      },
      "properties": {
        "segmentId": -368400001858440,
        "newSegmentId": "-e501d5a3-d014-4d60-af21-72aa0c2219f8",
        "speedLimit": 11,
        "frc": 7,
        "distance": 120.05,
        "segmentTimeResults": [
          {
            "timeSet": 2,
            "dateRange": 1,
            "harmonicAverageSpeed": 2.92,
            "medianSpeed": 2.92,
            "averageSpeed": 2.92,
            "standardDeviationSpeed": 0.0,
            "travelTimeStandardDeviation": 0.0,
            "sampleSize": 1,
            "normalizedSampleSize": 4.0e-4,
            "averageTravelTime": 28.03,
            "medianTravelTime": 28.03,
            "travelTimeRatio": 1.0,
            "speedPercentiles": [
              3, 3, 3, 3, 3, 3, 3, 3, 3, 3, 3, 3, 3, 3, 3, 3, 3, 3, 3
            ]
          }
        ]
      }
    },
    {
      "type": "Feature",
      "geometry": {
        "type": "LineString",
        "coordinates": [
          [-73.98741, 40.75944],
          [-73.98749, 40.75931],
          [-73.98753, 40.75928],
          [-73.98757, 40.75928],
          [-73.98776, 40.75935],
          [-73.98813, 40.7595]
        ]
      },
      "properties": {
        "segmentId": -368400001854654,
        "newSegmentId": "-e634709f-18a1-49a1-a50a-7e6fb18fc840",
        "speedLimit": 11,
        "frc": 7,
        "distance": 252.07,
        "segmentTimeResults": [
          {
            "timeSet": 2,
            "dateRange": 1,
            "harmonicAverageSpeed": 2.92,
            "medianSpeed": 3.23,
            "averageSpeed": 7.64,
            "standardDeviationSpeed": 7.52,
            "travelTimeStandardDeviation": 65.48,
            "sampleSize": 4,
            "normalizedSampleSize": 0.0018,
            "averageTravelTime": 59.42,
            "medianTravelTime": 53.19,
            "travelTimeRatio": 1.0,
            "speedPercentiles": [
              1, 1, 1, 1, 1, 3, 3, 3, 3, 3, 8, 8, 8, 8, 8, 18, 18, 18, 18
            ]
          }
        ]
      }
    },
    {
      "type": "Feature",
      "geometry": {
        "type": "LineString",
        "coordinates": [
          [-73.98519, 40.76354],
          [-73.98458, 40.76327]
        ]
      },
      "properties": {
        "segmentId": -368400001579747,
        "newSegmentId": "-e6fa9acb-46f0-438d-9935-f4e1ee6e7cd2",
        "speedLimit": 25,
        "frc": 6,
        "streetName": "W 52nd St",
        "distance": 196.26,
        "segmentTimeResults": [
          {
            "timeSet": 2,
            "dateRange": 1,
            "harmonicAverageSpeed": 6.84,
            "medianSpeed": 9.94,
            "averageSpeed": 10.94,
            "standardDeviationSpeed": 6.28,
            "travelTimeStandardDeviation": 20.33,
            "sampleSize": 362,
            "normalizedSampleSize": 0.1592,
            "averageTravelTime": 19.67,
            "medianTravelTime": 13.46,
            "travelTimeRatio": 1.0,
            "speedPercentiles": [
              2, 4, 5, 6, 7, 8, 9, 9, 9, 10, 11, 12, 13, 13, 13, 13, 15, 21, 25
            ]
          }
        ]
      }
    },
    {
      "type": "Feature",
      "geometry": {
        "type": "LineString",
        "coordinates": [
          [-73.98658, 40.75652],
          [-73.98677, 40.75627]
        ]
      },
      "properties": {
        "segmentId": -368400001970328,
        "newSegmentId": "-e7c3d9ce-b84d-4f81-82ed-a90971717702",
        "speedLimit": 25,
        "frc": 4,
        "streetName": "7th Ave",
        "distance": 104.89,
        "segmentTimeResults": [
          {
            "timeSet": 2,
            "dateRange": 1,
            "harmonicAverageSpeed": 5.9,
            "medianSpeed": 10.56,
            "averageSpeed": 11.0,
            "standardDeviationSpeed": 6.4,
            "travelTimeStandardDeviation": 14.57,
            "sampleSize": 1575,
            "normalizedSampleSize": 0.6926,
            "averageTravelTime": 12.17,
            "medianTravelTime": 6.77,
            "travelTimeRatio": 1.0,
            "speedPercentiles": [
              1, 2, 4, 5, 6, 7, 8, 9, 10, 11, 12, 12, 14, 14, 16, 16, 17, 19, 21
            ]
          }
        ]
      }
    },
    {
      "type": "Feature",
      "geometry": {
        "type": "LineString",
        "coordinates": [
          [-73.97948, 40.7644],
          [-73.97815, 40.76384]
        ]
      },
      "properties": {
        "segmentId": -368400001964723,
        "newSegmentId": "-e9d000de-4ae5-4eda-8a3c-2f2660f20ef9",
        "speedLimit": 25,
        "frc": 6,
        "streetName": "W 56th St",
        "distance": 421.39,
        "segmentTimeResults": [
          {
            "timeSet": 2,
            "dateRange": 1,
            "harmonicAverageSpeed": 3.85,
            "medianSpeed": 4.41,
            "averageSpeed": 6.84,
            "standardDeviationSpeed": 5.97,
            "travelTimeStandardDeviation": 58.28,
            "sampleSize": 227,
            "normalizedSampleSize": 0.0998,
            "averageTravelTime": 74.61,
            "medianTravelTime": 65.12,
            "travelTimeRatio": 1.0,
            "speedPercentiles": [
              2, 2, 2, 3, 3, 4, 4, 4, 4, 4, 5, 5, 6, 7, 9, 11, 13, 16, 19
            ]
          }
        ]
      }
    },
    {
      "type": "Feature",
      "geometry": {
        "type": "LineString",
        "coordinates": [
          [-73.98296, 40.75769],
          [-73.98225, 40.75739]
        ]
      },
      "properties": {
        "segmentId": -368400001571023,
        "newSegmentId": "-ead6bf8a-ff83-49aa-9cc2-b06e6a1e326c",
        "speedLimit": 25,
        "frc": 6,
        "streetName": "W 46th St",
        "distance": 224.34,
        "segmentTimeResults": [
          {
            "timeSet": 2,
            "dateRange": 1,
            "harmonicAverageSpeed": 4.72,
            "medianSpeed": 6.09,
            "averageSpeed": 8.82,
            "standardDeviationSpeed": 6.77,
            "travelTimeStandardDeviation": 23.87,
            "sampleSize": 306,
            "normalizedSampleSize": 0.1346,
            "averageTravelTime": 32.61,
            "medianTravelTime": 25.12,
            "travelTimeRatio": 1.0,
            "speedPercentiles": [
              2, 2, 2, 3, 3, 3, 4, 4, 5, 6, 7, 9, 11, 13, 14, 16, 17, 19, 21
            ]
          }
        ]
      }
    },
    {
      "type": "Feature",
      "geometry": {
        "type": "LineString",
        "coordinates": [
          [-73.98416, 40.75984],
          [-73.98336, 40.7595]
        ]
      },
      "properties": {
        "segmentId": -368400002054464,
        "newSegmentId": "-ee8a785d-4e15-40f7-94eb-7085f7731b7b",
        "speedLimit": 25,
        "frc": 6,
        "streetName": "W 48th St",
        "distance": 252.99,
        "segmentTimeResults": [
          {
            "timeSet": 2,
            "dateRange": 1,
            "harmonicAverageSpeed": 4.41,
            "medianSpeed": 7.46,
            "averageSpeed": 8.08,
            "standardDeviationSpeed": 5.53,
            "travelTimeStandardDeviation": 43.64,
            "sampleSize": 324,
            "normalizedSampleSize": 0.1425,
            "averageTravelTime": 38.93,
            "medianTravelTime": 23.13,
            "travelTimeRatio": 1.0,
            "speedPercentiles": [
              2, 2, 2, 3, 4, 4, 5, 5, 6, 7, 8, 9, 10, 11, 11, 12, 14, 14, 17
            ]
          }
        ]
      }
    },
    {
      "type": "Feature",
      "geometry": {
        "type": "LineString",
        "coordinates": [
          [-73.98219, 40.76863],
          [-73.98218, 40.76858],
          [-73.98218, 40.76851],
          [-73.98218, 40.76847],
          [-73.98218, 40.76842],
          [-73.98219, 40.76836]
        ]
      },
      "properties": {
        "segmentId": -368400002142326,
        "newSegmentId": "-ef540c24-0017-4a15-8779-56f96495a092",
        "speedLimit": 25,
        "frc": 4,
        "streetName": "Broadway",
        "distance": 99.9,
        "segmentTimeResults": [
          {
            "timeSet": 2,
            "dateRange": 1,
            "harmonicAverageSpeed": 11.93,
            "medianSpeed": 15.53,
            "averageSpeed": 15.47,
            "standardDeviationSpeed": 5.03,
            "travelTimeStandardDeviation": 9.95,
            "sampleSize": 1117,
            "normalizedSampleSize": 0.4912,
            "averageTravelTime": 5.72,
            "medianTravelTime": 4.38,
            "travelTimeRatio": 1.0,
            "speedPercentiles": [
              7, 9, 11, 12, 12, 14, 14, 14, 15, 16, 16, 17, 17, 18, 19, 19, 20,
              21, 23
            ]
          }
        ]
      }
    },
    {
      "type": "Feature",
      "geometry": {
        "type": "LineString",
        "coordinates": [
          [-73.9865, 40.75918],
          [-73.98534, 40.7587]
        ]
      },
      "properties": {
        "segmentId": -368400001762913,
        "newSegmentId": "-efbc8348-65c3-4f56-a6e5-0533c742a7a2",
        "speedLimit": 25,
        "frc": 6,
        "streetName": "W 46th St",
        "distance": 366.04,
        "segmentTimeResults": [
          {
            "timeSet": 2,
            "dateRange": 1,
            "harmonicAverageSpeed": 3.11,
            "medianSpeed": 3.29,
            "averageSpeed": 3.79,
            "standardDeviationSpeed": 2.11,
            "travelTimeStandardDeviation": 41.32,
            "sampleSize": 439,
            "normalizedSampleSize": 0.1931,
            "averageTravelTime": 81.04,
            "medianTravelTime": 75.78,
            "travelTimeRatio": 1.0,
            "speedPercentiles": [
              2, 2, 2, 2, 3, 3, 3, 3, 3, 3, 3, 4, 4, 4, 4, 5, 5, 6, 7
            ]
          }
        ]
      }
    },
    {
      "type": "Feature",
      "geometry": {
        "type": "LineString",
        "coordinates": [
          [-73.9904, 40.75749],
          [-73.99032, 40.75745],
          [-73.98979, 40.75724]
        ]
      },
      "properties": {
        "segmentId": -368400001778440,
        "newSegmentId": "-f0d005bf-7a9d-45a0-a93f-075aa3375e63",
        "speedLimit": 25,
        "frc": 4,
        "streetName": "W 42nd St",
        "distance": 191.44,
        "segmentTimeResults": [
          {
            "timeSet": 2,
            "dateRange": 1,
            "harmonicAverageSpeed": 5.16,
            "medianSpeed": 11.81,
            "averageSpeed": 11.56,
            "standardDeviationSpeed": 7.71,
            "travelTimeStandardDeviation": 27.34,
            "sampleSize": 565,
            "normalizedSampleSize": 0.2485,
            "averageTravelTime": 25.47,
            "medianTravelTime": 11.06,
            "travelTimeRatio": 1.0,
            "speedPercentiles": [
              2, 2, 2, 3, 4, 5, 6, 8, 9, 12, 14, 14, 16, 17, 18, 19, 20, 22, 24
            ]
          }
        ]
      }
    },
    {
      "type": "Feature",
      "geometry": {
        "type": "LineString",
        "coordinates": [
          [-73.98735, 40.75954],
          [-73.98741, 40.75944]
        ]
      },
      "properties": {
        "segmentId": -368400001825265,
        "newSegmentId": "-f115e649-b873-48e9-a2fb-fab5a542f4aa",
        "speedLimit": 11,
        "frc": 7,
        "distance": 38.55,
        "segmentTimeResults": [
          {
            "timeSet": 2,
            "dateRange": 1,
            "harmonicAverageSpeed": 12.43,
            "medianSpeed": 13.05,
            "averageSpeed": 20.63,
            "standardDeviationSpeed": 18.52,
            "travelTimeStandardDeviation": 1.37,
            "sampleSize": 6,
            "normalizedSampleSize": 0.0026,
            "averageTravelTime": 2.12,
            "medianTravelTime": 2.01,
            "travelTimeRatio": 1.0,
            "speedPercentiles": [
              6, 6, 6, 9, 9, 9, 13, 13, 13, 13, 13, 13, 13, 27, 27, 27, 55, 55,
              55
            ]
          }
        ]
      }
    },
    {
      "type": "Feature",
      "geometry": {
        "type": "LineString",
        "coordinates": [
          [-73.97945, 40.76528],
          [-73.97901, 40.76509]
        ]
      },
      "properties": {
        "segmentId": -368400001963197,
        "newSegmentId": "-f19f62d7-c176-427d-a664-a1fc52534acf",
        "speedLimit": 25,
        "frc": 4,
        "streetName": "W 57th St",
        "distance": 140.09,
        "segmentTimeResults": [
          {
            "timeSet": 2,
            "dateRange": 1,
            "harmonicAverageSpeed": 8.51,
            "medianSpeed": 14.91,
            "averageSpeed": 14.23,
            "standardDeviationSpeed": 7.08,
            "travelTimeStandardDeviation": 12.89,
            "sampleSize": 619,
            "normalizedSampleSize": 0.2722,
            "averageTravelTime": 11.22,
            "medianTravelTime": 6.41,
            "travelTimeRatio": 1.0,
            "speedPercentiles": [
              2, 4, 6, 7, 9, 10, 11, 12, 14, 15, 16, 16, 17, 18, 19, 21, 22, 23,
              25
            ]
          }
        ]
      }
    },
    {
      "type": "Feature",
      "geometry": {
        "type": "LineString",
        "coordinates": [
          [-73.98802, 40.76146],
          [-73.98745, 40.76122]
        ]
      },
      "properties": {
        "segmentId": -368400002298040,
        "newSegmentId": "-f20ea853-2283-40a6-9f47-2deae5b890c1",
        "speedLimit": 25,
        "frc": 6,
        "streetName": "W 48th St",
        "distance": 180.31,
        "segmentTimeResults": [
          {
            "timeSet": 2,
            "dateRange": 1,
            "harmonicAverageSpeed": 2.73,
            "medianSpeed": 2.73,
            "averageSpeed": 5.65,
            "standardDeviationSpeed": 6.15,
            "travelTimeStandardDeviation": 28.25,
            "sampleSize": 304,
            "normalizedSampleSize": 0.1337,
            "averageTravelTime": 45.27,
            "medianTravelTime": 44.97,
            "travelTimeRatio": 1.0,
            "speedPercentiles": [
              1, 2, 2, 2, 2, 2, 2, 2, 2, 3, 3, 4, 4, 6, 8, 9, 12, 12, 21
            ]
          }
        ]
      }
    },
    {
      "type": "Feature",
      "geometry": {
        "type": "LineString",
        "coordinates": [
          [-73.98234, 40.76235],
          [-73.98262, 40.76197]
        ]
      },
      "properties": {
        "segmentId": -368400002063171,
        "newSegmentId": "-f5f5722e-eba2-4ac7-b4ba-c61b6fb1c0ce",
        "speedLimit": 25,
        "frc": 4,
        "streetName": "7th Ave",
        "distance": 160.99,
        "segmentTimeResults": [
          {
            "timeSet": 2,
            "dateRange": 1,
            "harmonicAverageSpeed": 7.89,
            "medianSpeed": 11.81,
            "averageSpeed": 12.12,
            "standardDeviationSpeed": 6.21,
            "travelTimeStandardDeviation": 16.25,
            "sampleSize": 1003,
            "normalizedSampleSize": 0.4411,
            "averageTravelTime": 13.95,
            "medianTravelTime": 9.3,
            "travelTimeRatio": 1.0,
            "speedPercentiles": [
              3, 5, 6, 7, 7, 8, 9, 11, 11, 12, 12, 13, 14, 15, 16, 17, 18, 20,
              23
            ]
          }
        ]
      }
    },
    {
      "type": "Feature",
      "geometry": {
        "type": "LineString",
        "coordinates": [
          [-73.98924, 40.76034],
          [-73.98892, 40.7602],
          [-73.98793, 40.75979]
        ]
      },
      "properties": {
        "segmentId": -368400002048317,
        "newSegmentId": "-f6f715c1-b1cb-4fc5-a30d-809d86a02c74",
        "speedLimit": 25,
        "frc": 6,
        "streetName": "W 46th St",
        "distance": 416.63,
        "segmentTimeResults": [
          {
            "timeSet": 2,
            "dateRange": 1,
            "harmonicAverageSpeed": 2.73,
            "medianSpeed": 3.11,
            "averageSpeed": 3.98,
            "standardDeviationSpeed": 2.86,
            "travelTimeStandardDeviation": 60.78,
            "sampleSize": 385,
            "normalizedSampleSize": 0.1693,
            "averageTravelTime": 103.33,
            "medianTravelTime": 91.43,
            "travelTimeRatio": 1.0,
            "speedPercentiles": [
              1, 2, 2, 2, 2, 2, 3, 3, 3, 3, 3, 3, 4, 5, 5, 6, 6, 7, 9
            ]
          }
        ]
      }
    },
    {
      "type": "Feature",
      "geometry": {
        "type": "LineString",
        "coordinates": [
          [-73.98309, 40.75938],
          [-73.98183, 40.75885]
        ]
      },
      "properties": {
        "segmentId": -368400001569346,
        "newSegmentId": "-fd910726-77f6-4955-bee5-5d2455cafb52",
        "speedLimit": 25,
        "frc": 6,
        "streetName": "W 48th St",
        "distance": 399.11,
        "segmentTimeResults": [
          {
            "timeSet": 2,
            "dateRange": 1,
            "harmonicAverageSpeed": 3.79,
            "medianSpeed": 4.35,
            "averageSpeed": 5.72,
            "standardDeviationSpeed": 3.85,
            "travelTimeStandardDeviation": 44.92,
            "sampleSize": 312,
            "normalizedSampleSize": 0.1372,
            "averageTravelTime": 71.34,
            "medianTravelTime": 62.56,
            "travelTimeRatio": 1.0,
            "speedPercentiles": [
              2, 2, 2, 3, 3, 3, 3, 4, 4, 4, 5, 5, 6, 7, 8, 9, 10, 12, 14
            ]
          }
        ]
      }
    },
    {
      "type": "Feature",
      "geometry": {
        "type": "LineString",
        "coordinates": [
          [-73.98194, 40.76765],
          [-73.98186, 40.76765],
          [-73.98176, 40.76766]
        ]
      },
      "properties": {
        "segmentId": -368400002026743,
        "newSegmentId": "-fdf56559-f051-4c55-8e25-cfc09049e38b",
        "speedLimit": 25,
        "frc": 4,
        "streetName": "Columbus Cir",
        "distance": 52.33,
        "segmentTimeResults": [
          {
            "timeSet": 2,
            "dateRange": 1,
            "harmonicAverageSpeed": 9.57,
            "medianSpeed": 14.29,
            "averageSpeed": 13.92,
            "standardDeviationSpeed": 6.03,
            "travelTimeStandardDeviation": 4.36,
            "sampleSize": 2267,
            "normalizedSampleSize": 0.9969,
            "averageTravelTime": 3.74,
            "medianTravelTime": 2.5,
            "travelTimeRatio": 1.0,
            "speedPercentiles": [
              4, 6, 7, 9, 10, 11, 12, 12, 14, 14, 15, 16, 16, 17, 18, 19, 20,
              21, 24
            ]
          }
        ]
      }
    },
    {
      "type": "Feature",
      "geometry": {
        "type": "LineString",
        "coordinates": [
          [-73.97861, 40.76239],
          [-73.97835, 40.76228],
          [-73.9782, 40.76222]
        ]
      },
      "properties": {
        "segmentId": -368400002089643,
        "newSegmentId": "-fe871133-2682-4bda-8887-0b0c18012a42",
        "speedLimit": 25,
        "frc": 6,
        "streetName": "W 54th St",
        "distance": 129.46,
        "segmentTimeResults": [
          {
            "timeSet": 2,
            "dateRange": 1,
            "harmonicAverageSpeed": 5.84,
            "medianSpeed": 8.7,
            "averageSpeed": 9.69,
            "standardDeviationSpeed": 5.9,
            "travelTimeStandardDeviation": 18.48,
            "sampleSize": 379,
            "normalizedSampleSize": 0.1667,
            "averageTravelTime": 15.16,
            "medianTravelTime": 10.15,
            "travelTimeRatio": 1.0,
            "speedPercentiles": [
              2, 3, 4, 5, 6, 6, 7, 7, 9, 9, 9, 9, 10, 11, 12, 15, 17, 17, 21
            ]
          }
        ]
      }
    },
    {
      "type": "Feature",
      "geometry": {
        "type": "LineString",
        "coordinates": [
          [-73.98052, 40.76484],
          [-73.97996, 40.7646],
          [-73.97948, 40.7644]
        ]
      },
      "properties": {
        "segmentId": -368400001963363,
        "newSegmentId": "-fead269b-d60b-4a8e-83b1-9b9e6afe68f9",
        "speedLimit": 25,
        "frc": 6,
        "streetName": "W 56th St",
        "distance": 329.99,
        "segmentTimeResults": [
          {
            "timeSet": 2,
            "dateRange": 1,
            "harmonicAverageSpeed": 5.65,
            "medianSpeed": 7.46,
            "averageSpeed": 8.2,
            "standardDeviationSpeed": 4.97,
            "travelTimeStandardDeviation": 31.32,
            "sampleSize": 253,
            "normalizedSampleSize": 0.1113,
            "averageTravelTime": 39.91,
            "medianTravelTime": 30.17,
            "travelTimeRatio": 1.0,
            "speedPercentiles": [
              2, 3, 4, 4, 5, 6, 6, 6, 7, 7, 9, 9, 9, 9, 11, 11, 12, 14, 15
            ]
          }
        ]
      }
    },
    {
      "type": "Feature",
      "geometry": {
        "type": "LineString",
        "coordinates": [
          [-73.9824, 40.76741],
          [-73.98219, 40.76771]
        ]
      },
      "properties": {
        "segmentId": 368400001129497,
        "newSegmentId": "0000554e-3200-0400-0000-00000040ee0f",
        "speedLimit": 25,
        "frc": 4,
        "streetName": "8th Ave",
        "distance": 125.49,
        "segmentTimeResults": [
          {
            "timeSet": 2,
            "dateRange": 1,
            "harmonicAverageSpeed": 7.46,
            "medianSpeed": 12.43,
            "averageSpeed": 12.49,
            "standardDeviationSpeed": 6.77,
            "travelTimeStandardDeviation": 11.69,
            "sampleSize": 1018,
            "normalizedSampleSize": 0.4477,
            "averageTravelTime": 11.52,
            "medianTravelTime": 6.89,
            "travelTimeRatio": 1.0,
            "speedPercentiles": [
              2, 3, 5, 6, 7, 8, 9, 11, 12, 12, 14, 14, 16, 16, 17, 19, 20, 21,
              24
            ]
          }
        ]
      }
    },
    {
      "type": "Feature",
      "geometry": {
        "type": "LineString",
        "coordinates": [
          [-73.98429, 40.76479],
          [-73.98382, 40.76542]
        ]
      },
      "properties": {
        "segmentId": 368400000933108,
        "newSegmentId": "0000554e-3200-0400-0000-00000040ee50",
        "speedLimit": 25,
        "frc": 4,
        "streetName": "8th Ave",
        "distance": 264.53,
        "segmentTimeResults": [
          {
            "timeSet": 2,
            "dateRange": 1,
            "harmonicAverageSpeed": 4.91,
            "medianSpeed": 8.7,
            "averageSpeed": 9.94,
            "standardDeviationSpeed": 7.02,
            "travelTimeStandardDeviation": 35.4,
            "sampleSize": 1094,
            "normalizedSampleSize": 0.4811,
            "averageTravelTime": 36.71,
            "medianTravelTime": 20.73,
            "travelTimeRatio": 1.0,
            "speedPercentiles": [
              2, 2, 2, 3, 3, 4, 5, 6, 7, 9, 10, 11, 12, 14, 16, 17, 18, 20, 22
            ]
          }
        ]
      }
    },
    {
      "type": "Feature",
      "geometry": {
        "type": "LineString",
        "coordinates": [
          [-73.98519, 40.76354],
          [-73.98473, 40.76417]
        ]
      },
      "properties": {
        "segmentId": 368400000986425,
        "newSegmentId": "0000554e-3200-0400-0000-00000040ee73",
        "speedLimit": 25,
        "frc": 4,
        "streetName": "8th Ave",
        "distance": 264.07,
        "segmentTimeResults": [
          {
            "timeSet": 2,
            "dateRange": 1,
            "harmonicAverageSpeed": 5.65,
            "medianSpeed": 11.81,
            "averageSpeed": 12.61,
            "standardDeviationSpeed": 8.33,
            "travelTimeStandardDeviation": 39.43,
            "sampleSize": 1072,
            "normalizedSampleSize": 0.4714,
            "averageTravelTime": 32.02,
            "medianTravelTime": 15.25,
            "travelTimeRatio": 1.0,
            "speedPercentiles": [
              2, 2, 3, 4, 5, 6, 7, 9, 11, 12, 13, 15, 17, 18, 19, 21, 22, 24, 26
            ]
          }
        ]
      }
    },
    {
      "type": "Feature",
      "geometry": {
        "type": "LineString",
        "coordinates": [
          [-73.98285, 40.76336],
          [-73.98473, 40.76417]
        ]
      },
      "properties": {
        "segmentId": 368400000985866,
        "newSegmentId": "0000554e-3200-0400-0000-00000040ee7d",
        "speedLimit": 25,
        "frc": 6,
        "streetName": "W 53rd St",
        "distance": 598.23,
        "segmentTimeResults": [
          {
            "timeSet": 2,
            "dateRange": 1,
            "harmonicAverageSpeed": 5.22,
            "medianSpeed": 6.15,
            "averageSpeed": 7.21,
            "standardDeviationSpeed": 4.04,
            "travelTimeStandardDeviation": 45.56,
            "sampleSize": 381,
            "normalizedSampleSize": 0.1675,
            "averageTravelTime": 77.89,
            "medianTravelTime": 66.31,
            "travelTimeRatio": 1.0,
            "speedPercentiles": [
              2, 3, 3, 4, 4, 4, 5, 5, 5, 6, 7, 8, 9, 9, 10, 11, 12, 13, 14
            ]
          }
        ]
      }
    },
    {
      "type": "Feature",
      "geometry": {
        "type": "LineString",
        "coordinates": [
          [-73.98189, 40.76297],
          [-73.98285, 40.76336]
        ]
      },
      "properties": {
        "segmentId": 368400001263722,
        "newSegmentId": "0000554e-3200-0400-0000-00000040ee84",
        "speedLimit": 25,
        "frc": 6,
        "streetName": "W 53rd St",
        "distance": 302.46,
        "segmentTimeResults": [
          {
            "timeSet": 2,
            "dateRange": 1,
            "harmonicAverageSpeed": 4.04,
            "medianSpeed": 4.1,
            "averageSpeed": 6.59,
            "standardDeviationSpeed": 5.72,
            "travelTimeStandardDeviation": 29.89,
            "sampleSize": 326,
            "normalizedSampleSize": 0.1434,
            "averageTravelTime": 51.44,
            "medianTravelTime": 50.29,
            "travelTimeRatio": 1.0,
            "speedPercentiles": [
              2, 2, 3, 3, 3, 3, 3, 3, 4, 4, 4, 5, 6, 7, 9, 11, 13, 14, 17
            ]
          }
        ]
      }
    },
    {
      "type": "Feature",
      "geometry": {
        "type": "LineString",
        "coordinates": [
          [-73.98611, 40.76228],
          [-73.98565, 40.76291]
        ]
      },
      "properties": {
        "segmentId": 368400001129504,
        "newSegmentId": "0000554e-3200-0400-0000-00000040ee94",
        "speedLimit": 25,
        "frc": 4,
        "streetName": "8th Ave",
        "distance": 265.03,
        "segmentTimeResults": [
          {
            "timeSet": 2,
            "dateRange": 1,
            "harmonicAverageSpeed": 9.44,
            "medianSpeed": 14.29,
            "averageSpeed": 13.48,
            "standardDeviationSpeed": 6.4,
            "travelTimeStandardDeviation": 16.13,
            "sampleSize": 1058,
            "normalizedSampleSize": 0.4653,
            "averageTravelTime": 19.17,
            "medianTravelTime": 12.64,
            "travelTimeRatio": 1.0,
            "speedPercentiles": [
              3, 5, 6, 7, 9, 10, 11, 12, 13, 14, 16, 16, 17, 17, 18, 19, 19, 21,
              23
            ]
          }
        ]
      }
    },
    {
      "type": "Feature",
      "geometry": {
        "type": "LineString",
        "coordinates": [
          [-73.9828, 40.76172],
          [-73.98363, 40.76205]
        ]
      },
      "properties": {
        "segmentId": 368400001411346,
        "newSegmentId": "0000554e-3200-0400-0000-00000040eea7",
        "speedLimit": 25,
        "frc": 6,
        "streetName": "W 51st St",
        "distance": 260.17,
        "segmentTimeResults": [
          {
            "timeSet": 2,
            "dateRange": 1,
            "harmonicAverageSpeed": 2.11,
            "medianSpeed": 2.24,
            "averageSpeed": 3.73,
            "standardDeviationSpeed": 4.23,
            "travelTimeStandardDeviation": 47.36,
            "sampleSize": 292,
            "normalizedSampleSize": 0.1284,
            "averageTravelTime": 83.86,
            "medianTravelTime": 79.3,
            "travelTimeRatio": 1.0,
            "speedPercentiles": [
              1, 1, 1, 1, 1, 2, 2, 2, 2, 2, 2, 3, 3, 3, 3, 4, 5, 8, 16
            ]
          }
        ]
      }
    },
    {
      "type": "Feature",
      "geometry": {
        "type": "LineString",
        "coordinates": [
          [-73.97952, 40.76115],
          [-73.97907, 40.76179]
        ]
      },
      "properties": {
        "segmentId": 368400001198732,
        "newSegmentId": "0000554e-3200-0400-0000-00000040eeb6",
        "speedLimit": 25,
        "frc": 6,
        "streetName": "Avenue of the Americas",
        "distance": 266.47,
        "segmentTimeResults": [
          {
            "timeSet": 2,
            "dateRange": 1,
            "harmonicAverageSpeed": 2.55,
            "medianSpeed": 2.61,
            "averageSpeed": 4.47,
            "standardDeviationSpeed": 4.1,
            "travelTimeStandardDeviation": 47.07,
            "sampleSize": 952,
            "normalizedSampleSize": 0.4186,
            "averageTravelTime": 71.28,
            "medianTravelTime": 69.62,
            "travelTimeRatio": 1.0,
            "speedPercentiles": [
              1, 1, 2, 2, 2, 2, 2, 2, 2, 3, 3, 3, 4, 5, 6, 7, 9, 10, 14
            ]
          }
        ]
      }
    },
    {
      "type": "Feature",
      "geometry": {
        "type": "LineString",
        "coordinates": [
          [-73.98702, 40.76104],
          [-73.98656, 40.76166]
        ]
      },
      "properties": {
        "segmentId": 368400001129506,
        "newSegmentId": "0000554e-3200-0400-0000-00000040eeba",
        "speedLimit": 25,
        "frc": 4,
        "streetName": "8th Ave",
        "distance": 260.27,
        "segmentTimeResults": [
          {
            "timeSet": 2,
            "dateRange": 1,
            "harmonicAverageSpeed": 6.52,
            "medianSpeed": 9.32,
            "averageSpeed": 10.07,
            "standardDeviationSpeed": 5.53,
            "travelTimeStandardDeviation": 22.93,
            "sampleSize": 1094,
            "normalizedSampleSize": 0.4811,
            "averageTravelTime": 27.11,
            "medianTravelTime": 19.04,
            "travelTimeRatio": 1.0,
            "speedPercentiles": [
              2, 3, 4, 5, 5, 6, 7, 8, 9, 9, 11, 11, 12, 13, 14, 15, 16, 18, 19
            ]
          }
        ]
      }
    },
    {
      "type": "Feature",
      "geometry": {
        "type": "LineString",
        "coordinates": [
          [-73.98448, 40.76078],
          [-73.98472, 40.76088],
          [-73.98656, 40.76166]
        ]
      },
      "properties": {
        "segmentId": 368400000978747,
        "newSegmentId": "0000554e-3200-0400-0000-00000040eec0",
        "speedLimit": 25,
        "frc": 6,
        "streetName": "W 49th St",
        "distance": 659.84,
        "segmentTimeResults": [
          {
            "timeSet": 2,
            "dateRange": 1,
            "harmonicAverageSpeed": 18.77,
            "medianSpeed": 22.37,
            "averageSpeed": 33.74,
            "standardDeviationSpeed": 31.13,
            "travelTimeStandardDeviation": 19.65,
            "sampleSize": 3,
            "normalizedSampleSize": 0.0013,
            "averageTravelTime": 23.96,
            "medianTravelTime": 20.11,
            "travelTimeRatio": 1.0,
            "speedPercentiles": [
              10, 10, 10, 10, 10, 10, 22, 22, 22, 22, 22, 22, 22, 69, 69, 69,
              69, 69, 69
            ]
          }
        ]
      }
    },
    {
      "type": "Feature",
      "geometry": {
        "type": "LineString",
        "coordinates": [
          [-73.98369, 40.76047],
          [-73.98448, 40.76078]
        ]
      },
      "properties": {
        "segmentId": 368400001321817,
        "newSegmentId": "0000554e-3200-0400-0000-00000040eec2",
        "speedLimit": 25,
        "frc": 6,
        "streetName": "W 49th St",
        "distance": 247.05,
        "segmentTimeResults": [
          {
            "timeSet": 2,
            "dateRange": 1,
            "harmonicAverageSpeed": 1.55,
            "medianSpeed": 2.17,
            "averageSpeed": 4.41,
            "standardDeviationSpeed": 5.41,
            "travelTimeStandardDeviation": 90.04,
            "sampleSize": 123,
            "normalizedSampleSize": 0.0541,
            "averageTravelTime": 107.63,
            "medianTravelTime": 77.45,
            "travelTimeRatio": 1.0,
            "speedPercentiles": [
              1, 1, 1, 1, 1, 1, 1, 2, 2, 2, 3, 4, 4, 5, 6, 7, 7, 10, 17
            ]
          }
        ]
      }
    },
    {
      "type": "Feature",
      "geometry": {
        "type": "LineString",
        "coordinates": [
          [-73.97997, 40.76052],
          [-73.97952, 40.76115]
        ]
      },
      "properties": {
        "segmentId": 368400000993576,
        "newSegmentId": "0000554e-3200-0400-0000-00000040eec4",
        "speedLimit": 25,
        "frc": 6,
        "streetName": "Avenue of the Americas",
        "distance": 258.63,
        "segmentTimeResults": [
          {
            "timeSet": 2,
            "dateRange": 1,
            "harmonicAverageSpeed": 3.11,
            "medianSpeed": 3.42,
            "averageSpeed": 5.59,
            "standardDeviationSpeed": 4.78,
            "travelTimeStandardDeviation": 39.61,
            "sampleSize": 1026,
            "normalizedSampleSize": 0.4512,
            "averageTravelTime": 56.41,
            "medianTravelTime": 51.6,
            "travelTimeRatio": 1.0,
            "speedPercentiles": [
              1, 2, 2, 2, 2, 2, 3, 3, 3, 3, 4, 5, 6, 7, 8, 9, 11, 12, 15
            ]
          }
        ]
      }
    },
    {
      "type": "Feature",
      "geometry": {
        "type": "LineString",
        "coordinates": [
          [-73.98747, 40.7604],
          [-73.98702, 40.76104]
        ]
      },
      "properties": {
        "segmentId": 368400000972226,
        "newSegmentId": "0000554e-3200-0400-0000-00000040eec6",
        "speedLimit": 25,
        "frc": 4,
        "streetName": "8th Ave",
        "distance": 264.07,
        "segmentTimeResults": [
          {
            "timeSet": 2,
            "dateRange": 1,
            "harmonicAverageSpeed": 5.34,
            "medianSpeed": 6.84,
            "averageSpeed": 7.95,
            "standardDeviationSpeed": 4.91,
            "travelTimeStandardDeviation": 23.02,
            "sampleSize": 1158,
            "normalizedSampleSize": 0.5092,
            "averageTravelTime": 33.76,
            "medianTravelTime": 26.34,
            "travelTimeRatio": 1.0,
            "speedPercentiles": [
              2, 3, 3, 3, 4, 4, 5, 5, 6, 7, 7, 8, 9, 10, 11, 12, 13, 14, 17
            ]
          }
        ]
      }
    },
    {
      "type": "Feature",
      "geometry": {
        "type": "LineString",
        "coordinates": [
          [-73.98041, 40.75992],
          [-73.97997, 40.76052]
        ]
      },
      "properties": {
        "segmentId": 368400000972454,
        "newSegmentId": "0000554e-3200-0400-0000-00000040eed0",
        "speedLimit": 25,
        "frc": 6,
        "streetName": "Avenue of the Americas",
        "distance": 252.36,
        "segmentTimeResults": [
          {
            "timeSet": 2,
            "dateRange": 1,
            "harmonicAverageSpeed": 2.24,
            "medianSpeed": 2.36,
            "averageSpeed": 4.23,
            "standardDeviationSpeed": 3.98,
            "travelTimeStandardDeviation": 52.09,
            "sampleSize": 1092,
            "normalizedSampleSize": 0.4802,
            "averageTravelTime": 76.59,
            "medianTravelTime": 72.87,
            "travelTimeRatio": 1.0,
            "speedPercentiles": [
              1, 1, 1, 1, 2, 2, 2, 2, 2, 2, 3, 3, 4, 5, 6, 7, 8, 10, 12
            ]
          }
        ]
      }
    },
    {
      "type": "Feature",
      "geometry": {
        "type": "LineString",
        "coordinates": [
          [-73.98087, 40.75927],
          [-73.98041, 40.75992]
        ]
      },
      "properties": {
        "segmentId": 368400000909513,
        "newSegmentId": "0000554e-3200-0400-0000-00000040eedd",
        "speedLimit": 25,
        "frc": 6,
        "streetName": "Avenue of the Americas",
        "distance": 266.54,
        "segmentTimeResults": [
          {
            "timeSet": 2,
            "dateRange": 1,
            "harmonicAverageSpeed": 3.17,
            "medianSpeed": 4.16,
            "averageSpeed": 5.9,
            "standardDeviationSpeed": 4.6,
            "travelTimeStandardDeviation": 42.91,
            "sampleSize": 1126,
            "normalizedSampleSize": 0.4952,
            "averageTravelTime": 57.08,
            "medianTravelTime": 43.65,
            "travelTimeRatio": 1.0,
            "speedPercentiles": [
              1, 2, 2, 2, 2, 2, 3, 3, 3, 4, 5, 6, 7, 8, 9, 10, 12, 12, 14
            ]
          }
        ]
      }
    },
    {
      "type": "Feature",
      "geometry": {
        "type": "LineString",
        "coordinates": [
          [-73.98461, 40.75921],
          [-73.98506, 40.7594]
        ]
      },
      "properties": {
        "segmentId": 368400001176308,
        "newSegmentId": "0000554e-3200-0400-0000-00000040eee2",
        "speedLimit": 25,
        "frc": 6,
        "streetName": "W 47th St",
        "distance": 144.69,
        "segmentTimeResults": [
          {
            "timeSet": 2,
            "dateRange": 1,
            "harmonicAverageSpeed": 2.3,
            "medianSpeed": 2.61,
            "averageSpeed": 4.16,
            "standardDeviationSpeed": 3.98,
            "travelTimeStandardDeviation": 31.38,
            "sampleSize": 300,
            "normalizedSampleSize": 0.1319,
            "averageTravelTime": 42.79,
            "medianTravelTime": 37.8,
            "travelTimeRatio": 1.0,
            "speedPercentiles": [
              1, 1, 1, 1, 2, 2, 2, 2, 2, 3, 3, 3, 4, 4, 5, 6, 8, 9, 12
            ]
          }
        ]
      }
    },
    {
      "type": "Feature",
      "geometry": {
        "type": "LineString",
        "coordinates": [
          [-73.98931, 40.75792],
          [-73.98884, 40.75853]
        ]
      },
      "properties": {
        "segmentId": 368400000976576,
        "newSegmentId": "0000554e-3200-0400-0000-00000040eef7",
        "speedLimit": 25,
        "frc": 4,
        "streetName": "8th Ave",
        "distance": 258.43,
        "segmentTimeResults": [
          {
            "timeSet": 2,
            "dateRange": 1,
            "harmonicAverageSpeed": 3.23,
            "medianSpeed": 3.29,
            "averageSpeed": 5.59,
            "standardDeviationSpeed": 5.03,
            "travelTimeStandardDeviation": 35.04,
            "sampleSize": 1050,
            "normalizedSampleSize": 0.4617,
            "averageTravelTime": 54.08,
            "medianTravelTime": 53.5,
            "travelTimeRatio": 1.0,
            "speedPercentiles": [
              1, 2, 2, 2, 2, 2, 3, 3, 3, 3, 4, 5, 5, 6, 7, 9, 12, 12, 17
            ]
          }
        ]
      }
    },
    {
      "type": "Feature",
      "geometry": {
        "type": "LineString",
        "coordinates": [
          [-73.98225, 40.75739],
          [-73.98179, 40.75801]
        ]
      },
      "properties": {
        "segmentId": 368400000972453,
        "newSegmentId": "0000554e-3200-0400-0000-00000040eeff",
        "speedLimit": 25,
        "frc": 6,
        "streetName": "Avenue of the Americas",
        "distance": 259.91,
        "segmentTimeResults": [
          {
            "timeSet": 2,
            "dateRange": 1,
            "harmonicAverageSpeed": 4.29,
            "medianSpeed": 5.9,
            "averageSpeed": 7.64,
            "standardDeviationSpeed": 5.97,
            "travelTimeStandardDeviation": 30.57,
            "sampleSize": 1312,
            "normalizedSampleSize": 0.577,
            "averageTravelTime": 41.62,
            "medianTravelTime": 30.02,
            "travelTimeRatio": 1.0,
            "speedPercentiles": [
              2, 2, 2, 3, 3, 3, 3, 4, 5, 6, 7, 7, 9, 10, 12, 12, 14, 17, 18
            ]
          }
        ]
      }
    },
    {
      "type": "Feature",
      "geometry": {
        "type": "LineString",
        "coordinates": [
          [-73.98979, 40.75724],
          [-73.98972, 40.75734],
          [-73.98966, 40.75743],
          [-73.98958, 40.75753],
          [-73.98931, 40.75792]
        ]
      },
      "properties": {
        "segmentId": 368400000978740,
        "newSegmentId": "0000554e-3200-0400-0000-00000040ef01",
        "speedLimit": 25,
        "frc": 4,
        "streetName": "8th Ave",
        "distance": 281.59,
        "segmentTimeResults": [
          {
            "timeSet": 2,
            "dateRange": 1,
            "harmonicAverageSpeed": 2.3,
            "medianSpeed": 2.61,
            "averageSpeed": 3.73,
            "standardDeviationSpeed": 3.23,
            "travelTimeStandardDeviation": 58.68,
            "sampleSize": 989,
            "normalizedSampleSize": 0.4349,
            "averageTravelTime": 84.73,
            "medianTravelTime": 73.57,
            "travelTimeRatio": 1.0,
            "speedPercentiles": [
              1, 1, 1, 2, 2, 2, 2, 2, 2, 3, 3, 3, 4, 4, 5, 6, 6, 8, 10
            ]
          }
        ]
      }
    },
    {
      "type": "Feature",
      "geometry": {
        "type": "LineString",
        "coordinates": [
          [-73.9827, 40.75675],
          [-73.98225, 40.75739]
        ]
      },
      "properties": {
        "segmentId": 368400001108568,
        "newSegmentId": "0000554e-3200-0400-0000-00000040ef07",
        "speedLimit": 25,
        "frc": 6,
        "streetName": "Avenue of the Americas",
        "distance": 266.8,
        "segmentTimeResults": [
          {
            "timeSet": 2,
            "dateRange": 1,
            "harmonicAverageSpeed": 5.1,
            "medianSpeed": 6.84,
            "averageSpeed": 8.26,
            "standardDeviationSpeed": 5.53,
            "travelTimeStandardDeviation": 26.97,
            "sampleSize": 1434,
            "normalizedSampleSize": 0.6306,
            "averageTravelTime": 35.77,
            "medianTravelTime": 26.61,
            "travelTimeRatio": 1.0,
            "speedPercentiles": [
              2, 2, 3, 3, 4, 4, 5, 6, 6, 7, 8, 9, 9, 11, 12, 13, 15, 17, 19
            ]
          }
        ]
      }
    },
    {
      "type": "Feature",
      "geometry": {
        "type": "LineString",
        "coordinates": [
          [-73.9827, 40.75675],
          [-73.98332, 40.75701],
          [-73.98475, 40.75761],
          [-73.98553, 40.75796]
        ]
      },
      "properties": {
        "segmentId": 368400000981346,
        "newSegmentId": "0000554e-3200-0400-0000-00000040ef08",
        "speedLimit": 25,
        "frc": 6,
        "streetName": "W 45th St",
        "distance": 898.36,
        "segmentTimeResults": [
          {
            "timeSet": 2,
            "dateRange": 1,
            "harmonicAverageSpeed": 2.55,
            "medianSpeed": 2.49,
            "averageSpeed": 3.17,
            "standardDeviationSpeed": 2.67,
            "travelTimeStandardDeviation": 85.43,
            "sampleSize": 307,
            "normalizedSampleSize": 0.135,
            "averageTravelTime": 243.29,
            "medianTravelTime": 246.44,
            "travelTimeRatio": 1.0,
            "speedPercentiles": [
              2, 2, 2, 2, 2, 2, 2, 2, 2, 2, 3, 3, 3, 3, 3, 4, 4, 5, 7
            ]
          }
        ]
      }
    },
    {
      "type": "Feature",
      "geometry": {
        "type": "LineString",
        "coordinates": [
          [-73.98316, 40.75612],
          [-73.9827, 40.75675]
        ]
      },
      "properties": {
        "segmentId": 368400000984308,
        "newSegmentId": "0000554e-3200-0400-0000-00000040ef12",
        "speedLimit": 25,
        "frc": 6,
        "streetName": "Avenue of the Americas",
        "distance": 261.09,
        "segmentTimeResults": [
          {
            "timeSet": 2,
            "dateRange": 1,
            "harmonicAverageSpeed": 4.54,
            "medianSpeed": 6.84,
            "averageSpeed": 8.39,
            "standardDeviationSpeed": 6.15,
            "travelTimeStandardDeviation": 32.58,
            "sampleSize": 1490,
            "normalizedSampleSize": 0.6552,
            "averageTravelTime": 39.2,
            "medianTravelTime": 26.04,
            "travelTimeRatio": 1.0,
            "speedPercentiles": [
              2, 2, 2, 3, 3, 3, 4, 5, 6, 7, 8, 9, 10, 11, 12, 14, 16, 17, 20
            ]
          }
        ]
      }
    },
    {
      "type": "Feature",
      "geometry": {
        "type": "LineString",
        "coordinates": [
          [-73.98087, 40.75348],
          [-73.97928, 40.75281]
        ]
      },
      "properties": {
        "segmentId": 368400000931119,
        "newSegmentId": "0000554e-3200-0400-0000-00000040ef47",
        "speedLimit": 25,
        "frc": 4,
        "streetName": "E 42nd St",
        "distance": 504.66,
        "segmentTimeResults": [
          {
            "timeSet": 2,
            "dateRange": 1,
            "harmonicAverageSpeed": 4.91,
            "medianSpeed": 5.03,
            "averageSpeed": 6.46,
            "standardDeviationSpeed": 3.91,
            "travelTimeStandardDeviation": 35.26,
            "sampleSize": 438,
            "normalizedSampleSize": 0.1926,
            "averageTravelTime": 70.58,
            "medianTravelTime": 68.36,
            "travelTimeRatio": 1.0,
            "speedPercentiles": [
              3, 3, 3, 3, 4, 4, 4, 5, 5, 5, 6, 6, 7, 7, 8, 9, 11, 12, 15
            ]
          }
        ]
      }
    },
    {
      "type": "Feature",
      "geometry": {
        "type": "LineString",
        "coordinates": [
          [-73.97811, 40.75729],
          [-73.97649, 40.75659]
        ]
      },
      "properties": {
        "segmentId": 368400000977882,
        "newSegmentId": "0000554e-3200-0400-0000-00000040f493",
        "speedLimit": 25,
        "frc": 6,
        "streetName": "E 48th St",
        "distance": 516.5,
        "segmentTimeResults": [
          {
            "timeSet": 2,
            "dateRange": 1,
            "harmonicAverageSpeed": 5.34,
            "medianSpeed": 6.09,
            "averageSpeed": 7.27,
            "standardDeviationSpeed": 4.35,
            "travelTimeStandardDeviation": 38.36,
            "sampleSize": 262,
            "normalizedSampleSize": 0.1152,
            "averageTravelTime": 66.26,
            "medianTravelTime": 57.83,
            "travelTimeRatio": 1.0,
            "speedPercentiles": [
              3, 3, 4, 4, 4, 4, 5, 5, 6, 6, 6, 7, 8, 9, 10, 10, 12, 12, 16
            ]
          }
        ]
      }
    },
    {
      "type": "Feature",
      "geometry": {
        "type": "LineString",
        "coordinates": [
          [-73.98506, 40.7594],
          [-73.98688, 40.76015],
          [-73.98747, 40.7604]
        ]
      },
      "properties": {
        "segmentId": 368400000892816,
        "newSegmentId": "0000554e-3200-0400-0000-00000040f4b0",
        "speedLimit": 25,
        "frc": 5,
        "streetName": "W 47th St",
        "distance": 760.3,
        "segmentTimeResults": [
          {
            "timeSet": 2,
            "dateRange": 1,
            "harmonicAverageSpeed": 3.23,
            "medianSpeed": 3.48,
            "averageSpeed": 3.91,
            "standardDeviationSpeed": 2.36,
            "travelTimeStandardDeviation": 62.86,
            "sampleSize": 418,
            "normalizedSampleSize": 0.1838,
            "averageTravelTime": 160.85,
            "medianTravelTime": 148.98,
            "travelTimeRatio": 1.0,
            "speedPercentiles": [
              2, 2, 2, 2, 2, 3, 3, 3, 3, 3, 4, 4, 4, 4, 4, 5, 5, 6, 7
            ]
          }
        ]
      }
    },
    {
      "type": "Feature",
      "geometry": {
        "type": "LineString",
        "coordinates": [
          [-73.98709, 40.75697],
          [-73.98816, 40.75741],
          [-73.98914, 40.75784],
          [-73.98931, 40.75792]
        ]
      },
      "properties": {
        "segmentId": 368400000926357,
        "newSegmentId": "0000554e-3200-0400-0000-00000040f6fd",
        "speedLimit": 25,
        "frc": 6,
        "streetName": "W 43rd St",
        "distance": 704.4,
        "segmentTimeResults": [
          {
            "timeSet": 2,
            "dateRange": 1,
            "harmonicAverageSpeed": 5.16,
            "medianSpeed": 6.09,
            "averageSpeed": 6.77,
            "standardDeviationSpeed": 3.6,
            "travelTimeStandardDeviation": 54.79,
            "sampleSize": 279,
            "normalizedSampleSize": 0.1227,
            "averageTravelTime": 93.48,
            "medianTravelTime": 78.87,
            "travelTimeRatio": 1.0,
            "speedPercentiles": [
              2, 3, 3, 4, 4, 5, 5, 5, 6, 6, 6, 7, 7, 8, 9, 9, 10, 11, 14
            ]
          }
        ]
      }
    },
    {
      "type": "Feature",
      "geometry": {
        "type": "LineString",
        "coordinates": [
          [-73.98406, 40.75571],
          [-73.98445, 40.75588]
        ]
      },
      "properties": {
        "segmentId": 368400000976575,
        "newSegmentId": "0000554e-3200-0400-0000-00000040f6fe",
        "speedLimit": 25,
        "frc": 6,
        "streetName": "W 43rd St",
        "distance": 122.31,
        "segmentTimeResults": [
          {
            "timeSet": 2,
            "dateRange": 1,
            "harmonicAverageSpeed": 2.42,
            "medianSpeed": 4.47,
            "averageSpeed": 6.96,
            "standardDeviationSpeed": 6.84,
            "travelTimeStandardDeviation": 35.52,
            "sampleSize": 279,
            "normalizedSampleSize": 0.1227,
            "averageTravelTime": 34.85,
            "medianTravelTime": 18.64,
            "travelTimeRatio": 1.0,
            "speedPercentiles": [
              1, 1, 1, 1, 2, 2, 2, 2, 3, 4, 5, 7, 7, 10, 12, 13, 15, 17, 19
            ]
          }
        ]
      }
    },
    {
      "type": "Feature",
      "geometry": {
        "type": "LineString",
        "coordinates": [
          [-73.98087, 40.75348],
          [-73.98082, 40.75354],
          [-73.98078, 40.7536],
          [-73.98038, 40.75414]
        ]
      },
      "properties": {
        "segmentId": 368400000831967,
        "newSegmentId": "0000554e-3200-0400-0000-00000040f7b5",
        "speedLimit": 25,
        "frc": 6,
        "streetName": "5th Ave",
        "distance": 277.89,
        "segmentTimeResults": [
          {
            "timeSet": 2,
            "dateRange": 1,
            "harmonicAverageSpeed": 8.64,
            "medianSpeed": 8.7,
            "averageSpeed": 17.71,
            "standardDeviationSpeed": 17.96,
            "travelTimeStandardDeviation": 15.54,
            "sampleSize": 10,
            "normalizedSampleSize": 0.0044,
            "averageTravelTime": 21.87,
            "medianTravelTime": 21.78,
            "travelTimeRatio": 1.0,
            "speedPercentiles": [
              4, 4, 5, 5, 6, 6, 6, 6, 9, 9, 12, 12, 13, 13, 26, 26, 38, 38, 58
            ]
          }
        ]
      }
    },
    {
      "type": "Feature",
      "geometry": {
        "type": "LineString",
        "coordinates": [
          [-73.98361, 40.75552],
          [-73.98406, 40.75571]
        ]
      },
      "properties": {
        "segmentId": 368400001237258,
        "newSegmentId": "0000554e-3200-0400-0000-00000040f7b6",
        "speedLimit": 25,
        "frc": 6,
        "streetName": "W 43rd St",
        "distance": 144.42,
        "segmentTimeResults": [
          {
            "timeSet": 2,
            "dateRange": 1,
            "harmonicAverageSpeed": 2.98,
            "medianSpeed": 5.97,
            "averageSpeed": 7.21,
            "standardDeviationSpeed": 5.97,
            "travelTimeStandardDeviation": 37.21,
            "sampleSize": 278,
            "normalizedSampleSize": 0.1223,
            "averageTravelTime": 32.85,
            "medianTravelTime": 16.51,
            "travelTimeRatio": 1.0,
            "speedPercentiles": [
              1, 1, 1, 2, 2, 3, 4, 5, 5, 6, 7, 7, 9, 9, 11, 12, 13, 15, 16
            ]
          }
        ]
      }
    },
    {
      "type": "Feature",
      "geometry": {
        "type": "LineString",
        "coordinates": [
          [-73.98188, 40.7663],
          [-73.98287, 40.76673]
        ]
      },
      "properties": {
        "segmentId": 368400001255759,
        "newSegmentId": "0000554e-3200-0400-0000-00000040f8e9",
        "speedLimit": 25,
        "frc": 4,
        "streetName": "W 57th St",
        "distance": 314.63,
        "segmentTimeResults": [
          {
            "timeSet": 2,
            "dateRange": 1,
            "harmonicAverageSpeed": 4.1,
            "medianSpeed": 3.73,
            "averageSpeed": 7.15,
            "standardDeviationSpeed": 6.59,
            "travelTimeStandardDeviation": 30.73,
            "sampleSize": 548,
            "normalizedSampleSize": 0.241,
            "averageTravelTime": 52.1,
            "medianTravelTime": 57.54,
            "travelTimeRatio": 1.0,
            "speedPercentiles": [
              2, 3, 3, 3, 3, 3, 3, 3, 3, 4, 4, 5, 6, 8, 11, 12, 14, 16, 21
            ]
          }
        ]
      }
    },
    {
      "type": "Feature",
      "geometry": {
        "type": "LineString",
        "coordinates": [
          [-73.98221, 40.76474],
          [-73.98272, 40.76495],
          [-73.98369, 40.76536],
          [-73.98382, 40.76542]
        ]
      },
      "properties": {
        "segmentId": 368400000843516,
        "newSegmentId": "0000554e-3200-0400-0000-00000040f8f2",
        "speedLimit": 25,
        "frc": 6,
        "streetName": "W 55th St",
        "distance": 510.99,
        "segmentTimeResults": [
          {
            "timeSet": 2,
            "dateRange": 1,
            "harmonicAverageSpeed": 2.73,
            "medianSpeed": 2.92,
            "averageSpeed": 3.48,
            "standardDeviationSpeed": 1.93,
            "travelTimeStandardDeviation": 64.04,
            "sampleSize": 278,
            "normalizedSampleSize": 0.1223,
            "averageTravelTime": 128.99,
            "medianTravelTime": 119.3,
            "travelTimeRatio": 1.0,
            "speedPercentiles": [
              1, 2, 2, 2, 2, 2, 2, 2, 3, 3, 3, 4, 4, 4, 5, 5, 5, 6, 7
            ]
          }
        ]
      }
    },
    {
      "type": "Feature",
      "geometry": {
        "type": "LineString",
        "coordinates": [
          [-73.98097, 40.76423],
          [-73.98221, 40.76474]
        ]
      },
      "properties": {
        "segmentId": 368400001028887,
        "newSegmentId": "0000554e-3200-0400-0000-00000040f8f6",
        "speedLimit": 25,
        "frc": 6,
        "streetName": "W 55th St",
        "distance": 389.57,
        "segmentTimeResults": [
          {
            "timeSet": 2,
            "dateRange": 1,
            "harmonicAverageSpeed": 2.98,
            "medianSpeed": 3.48,
            "averageSpeed": 4.97,
            "standardDeviationSpeed": 5.9,
            "travelTimeStandardDeviation": 54.71,
            "sampleSize": 290,
            "normalizedSampleSize": 0.1275,
            "averageTravelTime": 90.03,
            "medianTravelTime": 76.33,
            "travelTimeRatio": 1.0,
            "speedPercentiles": [
              1, 2, 2, 2, 2, 3, 3, 3, 3, 3, 4, 4, 4, 4, 5, 6, 7, 9, 13
            ]
          }
        ]
      }
    },
    {
      "type": "Feature",
      "geometry": {
        "type": "LineString",
        "coordinates": [
          [-73.97945, 40.76528],
          [-73.98003, 40.76552]
        ]
      },
      "properties": {
        "segmentId": 368400000982287,
        "newSegmentId": "0000554e-3200-0400-0000-00000040f8fd",
        "speedLimit": 25,
        "frc": 4,
        "streetName": "W 57th St",
        "distance": 181.56,
        "segmentTimeResults": [
          {
            "timeSet": 2,
            "dateRange": 1,
            "harmonicAverageSpeed": 3.91,
            "medianSpeed": 6.21,
            "averageSpeed": 8.7,
            "standardDeviationSpeed": 6.84,
            "travelTimeStandardDeviation": 34.38,
            "sampleSize": 470,
            "normalizedSampleSize": 0.2067,
            "averageTravelTime": 31.67,
            "medianTravelTime": 19.92,
            "travelTimeRatio": 1.0,
            "speedPercentiles": [
              2, 2, 2, 2, 2, 3, 3, 4, 5, 6, 9, 11, 12, 13, 14, 16, 17, 19, 21
            ]
          }
        ]
      }
    },
    {
      "type": "Feature",
      "geometry": {
        "type": "LineString",
        "coordinates": [
          [-73.97861, 40.76239],
          [-73.97813, 40.76304]
        ]
      },
      "properties": {
        "segmentId": 368400001028886,
        "newSegmentId": "0000554e-3200-0400-0000-00000040f905",
        "speedLimit": 25,
        "frc": 6,
        "streetName": "Avenue of the Americas",
        "distance": 269.78,
        "segmentTimeResults": [
          {
            "timeSet": 2,
            "dateRange": 1,
            "harmonicAverageSpeed": 5.9,
            "medianSpeed": 9.94,
            "averageSpeed": 10.31,
            "standardDeviationSpeed": 6.34,
            "travelTimeStandardDeviation": 32.91,
            "sampleSize": 1049,
            "normalizedSampleSize": 0.4613,
            "averageTravelTime": 31.08,
            "medianTravelTime": 18.5,
            "travelTimeRatio": 1.0,
            "speedPercentiles": [
              2, 3, 3, 4, 5, 6, 7, 8, 9, 10, 11, 11, 12, 14, 14, 16, 17, 19, 21
            ]
          }
        ]
      }
    },
    {
      "type": "Feature",
      "geometry": {
        "type": "LineString",
        "coordinates": [
          [-73.97671, 40.76501],
          [-73.97623, 40.76568]
        ]
      },
      "properties": {
        "segmentId": 368400001357810,
        "newSegmentId": "0000554e-3200-0400-0000-00000040f906",
        "speedLimit": 25,
        "frc": 6,
        "streetName": "Avenue of the Americas",
        "distance": 278.77,
        "segmentTimeResults": [
          {
            "timeSet": 2,
            "dateRange": 1,
            "harmonicAverageSpeed": 4.6,
            "medianSpeed": 6.84,
            "averageSpeed": 7.46,
            "standardDeviationSpeed": 5.03,
            "travelTimeStandardDeviation": 29.03,
            "sampleSize": 948,
            "normalizedSampleSize": 0.4169,
            "averageTravelTime": 41.3,
            "medianTravelTime": 27.81,
            "travelTimeRatio": 1.0,
            "speedPercentiles": [
              2, 2, 2, 3, 3, 3, 4, 5, 6, 7, 7, 9, 9, 10, 11, 11, 12, 14, 17
            ]
          }
        ]
      }
    },
    {
      "type": "Feature",
      "geometry": {
        "type": "LineString",
        "coordinates": [
          [-73.97535, 40.76103],
          [-73.97376, 40.76035]
        ]
      },
      "properties": {
        "segmentId": 368400000985249,
        "newSegmentId": "0000554e-3200-0400-0000-00000040f95a",
        "speedLimit": 25,
        "frc": 6,
        "streetName": "E 54th St",
        "distance": 505.97,
        "segmentTimeResults": [
          {
            "timeSet": 2,
            "dateRange": 1,
            "harmonicAverageSpeed": 3.17,
            "medianSpeed": 3.29,
            "averageSpeed": 3.91,
            "standardDeviationSpeed": 2.17,
            "travelTimeStandardDeviation": 44.38,
            "sampleSize": 456,
            "normalizedSampleSize": 0.2005,
            "averageTravelTime": 108.71,
            "medianTravelTime": 104.75,
            "travelTimeRatio": 1.0,
            "speedPercentiles": [
              2, 2, 2, 2, 3, 3, 3, 3, 3, 3, 3, 4, 4, 4, 4, 5, 5, 7, 9
            ]
          }
        ]
      }
    },
    {
      "type": "Feature",
      "geometry": {
        "type": "LineString",
        "coordinates": [
          [-73.97443, 40.76229],
          [-73.97284, 40.76162]
        ]
      },
      "properties": {
        "segmentId": 368400001073966,
        "newSegmentId": "0000554e-3200-0400-0000-00000040f960",
        "speedLimit": 11,
        "frc": 7,
        "streetName": "E 56th St",
        "distance": 504.95,
        "segmentTimeResults": [
          {
            "timeSet": 2,
            "dateRange": 1,
            "harmonicAverageSpeed": 7.27,
            "medianSpeed": 8.08,
            "averageSpeed": 11.18,
            "standardDeviationSpeed": 9.69,
            "travelTimeStandardDeviation": 27.04,
            "sampleSize": 15,
            "normalizedSampleSize": 0.0066,
            "averageTravelTime": 47.33,
            "medianTravelTime": 42.62,
            "travelTimeRatio": 1.0,
            "speedPercentiles": [
              3, 4, 5, 5, 5, 5, 7, 7, 7, 8, 10, 10, 10, 11, 14, 14, 14, 23, 41
            ]
          }
        ]
      }
    },
    {
      "type": "Feature",
      "geometry": {
        "type": "LineString",
        "coordinates": [
          [-73.97348, 40.76364],
          [-73.97187, 40.76295]
        ]
      },
      "properties": {
        "segmentId": 368400000986424,
        "newSegmentId": "0000554e-3200-0400-0000-00000040f966",
        "speedLimit": 25,
        "frc": 5,
        "streetName": "E 58th St",
        "distance": 511.25,
        "segmentTimeResults": [
          {
            "timeSet": 2,
            "dateRange": 1,
            "harmonicAverageSpeed": 5.65,
            "medianSpeed": 5.72,
            "averageSpeed": 7.08,
            "standardDeviationSpeed": 3.85,
            "travelTimeStandardDeviation": 28.06,
            "sampleSize": 539,
            "normalizedSampleSize": 0.237,
            "averageTravelTime": 61.93,
            "medianTravelTime": 61.04,
            "travelTimeRatio": 1.0,
            "speedPercentiles": [
              3, 4, 4, 4, 4, 5, 5, 5, 5, 6, 6, 6, 7, 8, 9, 10, 11, 13, 16
            ]
          }
        ]
      }
    },
    {
      "type": "Feature",
      "geometry": {
        "type": "LineString",
        "coordinates": [
          [-73.97299, 40.76429],
          [-73.97283, 40.76422],
          [-73.97261, 40.76412],
          [-73.97197, 40.76384],
          [-73.9717, 40.76371],
          [-73.97141, 40.76359]
        ]
      },
      "properties": {
        "segmentId": 368400000999254,
        "newSegmentId": "0000554e-3200-0400-0000-00000040f980",
        "speedLimit": 25,
        "frc": 6,
        "streetName": "E 59th St",
        "distance": 506.82,
        "segmentTimeResults": [
          {
            "timeSet": 2,
            "dateRange": 1,
            "harmonicAverageSpeed": 2.92,
            "medianSpeed": 3.23,
            "averageSpeed": 3.67,
            "standardDeviationSpeed": 2.24,
            "travelTimeStandardDeviation": 55.63,
            "sampleSize": 425,
            "normalizedSampleSize": 0.1869,
            "averageTravelTime": 119.39,
            "medianTravelTime": 106.95,
            "travelTimeRatio": 1.0,
            "speedPercentiles": [
              2, 2, 2, 2, 2, 3, 3, 3, 3, 3, 3, 4, 4, 4, 4, 5, 5, 6, 7
            ]
          }
        ]
      }
    },
    {
      "type": "Feature",
      "geometry": {
        "type": "LineString",
        "coordinates": [
          [-73.97993, 40.75476],
          [-73.97834, 40.75409]
        ]
      },
      "properties": {
        "segmentId": 368400000891069,
        "newSegmentId": "0000554e-3200-0400-0000-00000040fa22",
        "speedLimit": 25,
        "frc": 6,
        "streetName": "E 44th St",
        "distance": 504.99,
        "segmentTimeResults": [
          {
            "timeSet": 2,
            "dateRange": 1,
            "harmonicAverageSpeed": 3.54,
            "medianSpeed": 4.04,
            "averageSpeed": 4.91,
            "standardDeviationSpeed": 3.48,
            "travelTimeStandardDeviation": 54.11,
            "sampleSize": 287,
            "normalizedSampleSize": 0.1262,
            "averageTravelTime": 97.71,
            "medianTravelTime": 85.25,
            "travelTimeRatio": 1.0,
            "speedPercentiles": [
              2, 2, 2, 2, 3, 3, 3, 3, 4, 4, 4, 5, 5, 5, 6, 7, 8, 9, 11
            ]
          }
        ]
      }
    },
    {
      "type": "Feature",
      "geometry": {
        "type": "LineString",
        "coordinates": [
          [-73.97718, 40.75853],
          [-73.97558, 40.75782]
        ]
      },
      "properties": {
        "segmentId": 368400000998447,
        "newSegmentId": "0000554e-3200-0400-0000-00000040fa2d",
        "speedLimit": 25,
        "frc": 6,
        "streetName": "E 50th St",
        "distance": 514.63,
        "segmentTimeResults": [
          {
            "timeSet": 2,
            "dateRange": 1,
            "harmonicAverageSpeed": 3.67,
            "medianSpeed": 3.85,
            "averageSpeed": 5.1,
            "standardDeviationSpeed": 4.35,
            "travelTimeStandardDeviation": 49.45,
            "sampleSize": 403,
            "normalizedSampleSize": 0.1772,
            "averageTravelTime": 96.44,
            "medianTravelTime": 91.08,
            "travelTimeRatio": 1.0,
            "speedPercentiles": [
              2, 2, 2, 3, 3, 3, 3, 3, 4, 4, 4, 4, 5, 5, 6, 7, 7, 9, 12
            ]
          }
        ]
      }
    },
    {
      "type": "Feature",
      "geometry": {
        "type": "LineString",
        "coordinates": [
          [-73.97891, 40.75843],
          [-73.98087, 40.75927]
        ]
      },
      "properties": {
        "segmentId": 368400001210069,
        "newSegmentId": "0000554e-3200-0400-0000-00000040fa34",
        "speedLimit": 25,
        "frc": 6,
        "streetName": "W 49th St",
        "distance": 621.98,
        "segmentTimeResults": [
          {
            "timeSet": 2,
            "dateRange": 1,
            "harmonicAverageSpeed": 4.85,
            "medianSpeed": 5.34,
            "averageSpeed": 6.09,
            "standardDeviationSpeed": 3.48,
            "travelTimeStandardDeviation": 44.78,
            "sampleSize": 365,
            "normalizedSampleSize": 0.1605,
            "averageTravelTime": 87.73,
            "medianTravelTime": 79.36,
            "travelTimeRatio": 1.0,
            "speedPercentiles": [
              2, 3, 4, 4, 4, 5, 5, 5, 5, 5, 6, 6, 6, 6, 7, 7, 8, 9, 14
            ]
          }
        ]
      }
    },
    {
      "type": "Feature",
      "geometry": {
        "type": "LineString",
        "coordinates": [
          [-73.97764, 40.7579],
          [-73.97891, 40.75843]
        ]
      },
      "properties": {
        "segmentId": 368400001210068,
        "newSegmentId": "0000554e-3200-0400-0000-00000040fa36",
        "speedLimit": 25,
        "frc": 6,
        "streetName": "W 49th St",
        "distance": 402.4,
        "segmentTimeResults": [
          {
            "timeSet": 2,
            "dateRange": 1,
            "harmonicAverageSpeed": 5.34,
            "medianSpeed": 5.47,
            "averageSpeed": 7.83,
            "standardDeviationSpeed": 4.91,
            "travelTimeStandardDeviation": 41.4,
            "sampleSize": 415,
            "normalizedSampleSize": 0.1825,
            "averageTravelTime": 51.14,
            "medianTravelTime": 50.17,
            "travelTimeRatio": 1.0,
            "speedPercentiles": [
              3, 3, 4, 4, 4, 4, 5, 5, 5, 5, 6, 7, 9, 10, 11, 14, 14, 15, 18
            ]
          }
        ]
      }
    },
    {
      "type": "Feature",
      "geometry": {
        "type": "LineString",
        "coordinates": [
          [-73.97627, 40.75979],
          [-73.97465, 40.75908]
        ]
      },
      "properties": {
        "segmentId": 368400000840551,
        "newSegmentId": "0000554e-3200-0400-0000-00000040fa43",
        "speedLimit": 25,
        "frc": 6,
        "streetName": "E 52nd St",
        "distance": 517.81,
        "segmentTimeResults": [
          {
            "timeSet": 2,
            "dateRange": 1,
            "harmonicAverageSpeed": 3.17,
            "medianSpeed": 3.36,
            "averageSpeed": 4.04,
            "standardDeviationSpeed": 2.86,
            "travelTimeStandardDeviation": 46.75,
            "sampleSize": 337,
            "normalizedSampleSize": 0.1482,
            "averageTravelTime": 111.53,
            "medianTravelTime": 105.22,
            "travelTimeRatio": 1.0,
            "speedPercentiles": [
              2, 2, 2, 2, 3, 3, 3, 3, 3, 3, 3, 4, 4, 4, 4, 4, 5, 7, 10
            ]
          }
        ]
      }
    },
    {
      "type": "Feature",
      "geometry": {
        "type": "LineString",
        "coordinates": [
          [-73.97672, 40.75915],
          [-73.97799, 40.75969]
        ]
      },
      "properties": {
        "segmentId": 368400001007033,
        "newSegmentId": "0000554e-3200-0400-0000-00000040fa66",
        "speedLimit": 25,
        "frc": 6,
        "streetName": "W 51st St",
        "distance": 401.54,
        "segmentTimeResults": [
          {
            "timeSet": 2,
            "dateRange": 1,
            "harmonicAverageSpeed": 6.09,
            "medianSpeed": 8.08,
            "averageSpeed": 9.01,
            "standardDeviationSpeed": 5.22,
            "travelTimeStandardDeviation": 33.71,
            "sampleSize": 464,
            "normalizedSampleSize": 0.204,
            "averageTravelTime": 45.21,
            "medianTravelTime": 33.89,
            "travelTimeRatio": 1.0,
            "speedPercentiles": [
              3, 3, 4, 4, 5, 5, 6, 7, 7, 8, 9, 9, 11, 12, 13, 14, 16, 16, 18
            ]
          }
        ]
      }
    },
    {
      "type": "Feature",
      "geometry": {
        "type": "LineString",
        "coordinates": [
          [-73.98227, 40.76779],
          [-73.98219, 40.76771]
        ]
      },
      "properties": {
        "segmentId": 368400001132784,
        "newSegmentId": "0000554e-3200-0400-0000-000000410de4",
        "speedLimit": 25,
        "frc": 4,
        "streetName": "Columbus Cir",
        "distance": 34.25,
        "segmentTimeResults": [
          {
            "timeSet": 2,
            "dateRange": 1,
            "harmonicAverageSpeed": 11.06,
            "medianSpeed": 14.29,
            "averageSpeed": 13.86,
            "standardDeviationSpeed": 5.03,
            "travelTimeStandardDeviation": 1.91,
            "sampleSize": 1244,
            "normalizedSampleSize": 0.5471,
            "averageTravelTime": 2.11,
            "medianTravelTime": 1.63,
            "travelTimeRatio": 1.0,
            "speedPercentiles": [
              6, 7, 9, 10, 11, 12, 12, 13, 14, 14, 14, 15, 16, 16, 17, 17, 18,
              19, 21
            ]
          }
        ]
      }
    },
    {
      "type": "Feature",
      "geometry": {
        "type": "LineString",
        "coordinates": [
          [-73.9841, 40.75485],
          [-73.98518, 40.7553],
          [-73.98597, 40.75563],
          [-73.98641, 40.75581]
        ]
      },
      "properties": {
        "segmentId": 368400000991670,
        "newSegmentId": "0000554e-3200-0400-0000-000000410f95",
        "speedLimit": 25,
        "frc": 4,
        "streetName": "W 42nd St",
        "distance": 729.72,
        "segmentTimeResults": [
          {
            "timeSet": 2,
            "dateRange": 1,
            "harmonicAverageSpeed": 6.9,
            "medianSpeed": 8.7,
            "averageSpeed": 9.38,
            "standardDeviationSpeed": 5.16,
            "travelTimeStandardDeviation": 43.41,
            "sampleSize": 502,
            "normalizedSampleSize": 0.2208,
            "averageTravelTime": 72.47,
            "medianTravelTime": 57.19,
            "travelTimeRatio": 1.0,
            "speedPercentiles": [
              3, 4, 4, 5, 5, 5, 6, 7, 8, 9, 9, 10, 11, 12, 13, 14, 15, 16, 18
            ]
          }
        ]
      }
    },
    {
      "type": "Feature",
      "geometry": {
        "type": "LineString",
        "coordinates": [
          [-73.98645, 40.7567],
          [-73.98709, 40.75697]
        ]
      },
      "properties": {
        "segmentId": 368400001492746,
        "newSegmentId": "0000554e-3200-0400-0000-000000410f97",
        "speedLimit": 25,
        "frc": 6,
        "streetName": "W 43rd St",
        "distance": 204.23,
        "segmentTimeResults": [
          {
            "timeSet": 2,
            "dateRange": 1,
            "harmonicAverageSpeed": 6.59,
            "medianSpeed": 9.32,
            "averageSpeed": 10.19,
            "standardDeviationSpeed": 5.9,
            "travelTimeStandardDeviation": 18.21,
            "sampleSize": 331,
            "normalizedSampleSize": 0.1456,
            "averageTravelTime": 21.07,
            "medianTravelTime": 14.94,
            "travelTimeRatio": 1.0,
            "speedPercentiles": [
              2, 3, 4, 5, 5, 7, 8, 9, 9, 9, 10, 11, 12, 13, 14, 14, 16, 17, 20
            ]
          }
        ]
      }
    },
    {
      "type": "Feature",
      "geometry": {
        "type": "LineString",
        "coordinates": [
          [-73.98614, 40.75658],
          [-73.98645, 40.7567]
        ]
      },
      "properties": {
        "segmentId": 368400001210159,
        "newSegmentId": "0000554e-3200-0400-0000-000000410f9a",
        "speedLimit": 25,
        "frc": 6,
        "streetName": "W 43rd St",
        "distance": 94.82,
        "segmentTimeResults": [
          {
            "timeSet": 2,
            "dateRange": 1,
            "harmonicAverageSpeed": 6.71,
            "medianSpeed": 12.43,
            "averageSpeed": 12.68,
            "standardDeviationSpeed": 6.71,
            "travelTimeStandardDeviation": 25.47,
            "sampleSize": 281,
            "normalizedSampleSize": 0.1236,
            "averageTravelTime": 9.67,
            "medianTravelTime": 5.2,
            "travelTimeRatio": 1.0,
            "speedPercentiles": [
              3, 4, 5, 6, 8, 9, 10, 12, 12, 12, 14, 14, 14, 16, 16, 17, 19, 21,
              22
            ]
          }
        ]
      }
    },
    {
      "type": "Feature",
      "geometry": {
        "type": "LineString",
        "coordinates": [
          [-73.98641, 40.75581],
          [-73.98694, 40.75605]
        ]
      },
      "properties": {
        "segmentId": 368400001295867,
        "newSegmentId": "0000554e-3200-0400-0000-000000410f9d",
        "speedLimit": 25,
        "frc": 4,
        "streetName": "W 42nd St",
        "distance": 171.1,
        "segmentTimeResults": [
          {
            "timeSet": 2,
            "dateRange": 1,
            "harmonicAverageSpeed": 6.65,
            "medianSpeed": 11.81,
            "averageSpeed": 14.23,
            "standardDeviationSpeed": 9.44,
            "travelTimeStandardDeviation": 20.33,
            "sampleSize": 354,
            "normalizedSampleSize": 0.1557,
            "averageTravelTime": 17.61,
            "medianTravelTime": 9.88,
            "travelTimeRatio": 1.0,
            "speedPercentiles": [
              2, 2, 3, 5, 6, 8, 11, 12, 12, 12, 12, 15, 18, 21, 22, 24, 24, 26,
              30
            ]
          }
        ]
      }
    },
    {
      "type": "Feature",
      "geometry": {
        "type": "LineString",
        "coordinates": [
          [-73.97901, 40.75603],
          [-73.97741, 40.75534]
        ]
      },
      "properties": {
        "segmentId": 368400000985956,
        "newSegmentId": "0000554e-3200-0400-0000-000000410fa4",
        "speedLimit": 25,
        "frc": 6,
        "streetName": "E 46th St",
        "distance": 507.87,
        "segmentTimeResults": [
          {
            "timeSet": 2,
            "dateRange": 1,
            "harmonicAverageSpeed": 3.17,
            "medianSpeed": 3.6,
            "averageSpeed": 4.66,
            "standardDeviationSpeed": 4.23,
            "travelTimeStandardDeviation": 95.98,
            "sampleSize": 368,
            "normalizedSampleSize": 0.1618,
            "averageTravelTime": 108.84,
            "medianTravelTime": 96.08,
            "travelTimeRatio": 1.0,
            "speedPercentiles": [
              2, 2, 2, 2, 3, 3, 3, 3, 3, 4, 4, 4, 5, 5, 6, 6, 7, 9, 11
            ]
          }
        ]
      }
    },
    {
      "type": "Feature",
      "geometry": {
        "type": "LineString",
        "coordinates": [
          [-73.98675, 40.75846],
          [-73.98711, 40.75861],
          [-73.98837, 40.75916]
        ]
      },
      "properties": {
        "segmentId": 368400000895700,
        "newSegmentId": "0000554e-3200-0400-0000-0000004113e1",
        "speedLimit": 25,
        "frc": 6,
        "streetName": "W 45th St",
        "distance": 515.49,
        "segmentTimeResults": [
          {
            "timeSet": 2,
            "dateRange": 1,
            "harmonicAverageSpeed": 3.6,
            "medianSpeed": 4.04,
            "averageSpeed": 4.97,
            "standardDeviationSpeed": 4.16,
            "travelTimeStandardDeviation": 49.16,
            "sampleSize": 436,
            "normalizedSampleSize": 0.1917,
            "averageTravelTime": 97.7,
            "medianTravelTime": 87.02,
            "travelTimeRatio": 1.0,
            "speedPercentiles": [
              2, 2, 2, 2, 3, 3, 3, 4, 4, 4, 4, 4, 5, 5, 5, 6, 7, 9, 13
            ]
          }
        ]
      }
    },
    {
      "type": "Feature",
      "geometry": {
        "type": "LineString",
        "coordinates": [
          [-73.98719, 40.75782],
          [-73.98675, 40.75846]
        ]
      },
      "properties": {
        "segmentId": 368400001129835,
        "newSegmentId": "0000554e-3200-0400-0000-0000004113e2",
        "speedLimit": 11,
        "frc": 7,
        "streetName": "Shubert Aly",
        "distance": 263.19,
        "segmentTimeResults": [
          {
            "timeSet": 2,
            "dateRange": 1,
            "harmonicAverageSpeed": 0.0,
            "medianSpeed": 0.0,
            "averageSpeed": 0.0,
            "sampleSize": 0,
            "normalizedSampleSize": 0.0,
            "averageTravelTime": 0.0,
            "medianTravelTime": 0.0,
            "travelTimeRatio": 0.0,
            "speedPercentiles": [
              0, 0, 0, 0, 0, 0, 0, 0, 0, 0, 0, 0, 0, 0, 0, 0, 0, 0, 0
            ]
          }
        ]
      }
    },
    {
      "type": "Feature",
      "geometry": {
        "type": "LineString",
        "coordinates": [
          [-73.98302, 40.76651],
          [-73.98287, 40.76673]
        ]
      },
      "properties": {
        "segmentId": 368400001129499,
        "newSegmentId": "0000554e-3200-0400-0000-0000004122cf",
        "speedLimit": 25,
        "frc": 4,
        "streetName": "8th Ave",
        "distance": 90.78,
        "segmentTimeResults": [
          {
            "timeSet": 2,
            "dateRange": 1,
            "harmonicAverageSpeed": 5.53,
            "medianSpeed": 12.43,
            "averageSpeed": 12.18,
            "standardDeviationSpeed": 7.02,
            "travelTimeStandardDeviation": 17.32,
            "sampleSize": 1146,
            "normalizedSampleSize": 0.504,
            "averageTravelTime": 11.14,
            "medianTravelTime": 4.98,
            "travelTimeRatio": 1.0,
            "speedPercentiles": [
              1, 2, 4, 5, 6, 7, 9, 10, 11, 12, 14, 14, 16, 16, 17, 18, 19, 21,
              22
            ]
          }
        ]
      }
    },
    {
      "type": "Feature",
      "geometry": {
        "type": "LineString",
        "coordinates": [
          [-73.98219, 40.76836],
          [-73.98227, 40.7683]
        ]
      },
      "properties": {
        "segmentId": 368400000886482,
        "newSegmentId": "0000554e-3200-0400-0000-000000412356",
        "speedLimit": 25,
        "frc": 4,
        "streetName": "Columbus Cir",
        "distance": 28.64,
        "segmentTimeResults": [
          {
            "timeSet": 2,
            "dateRange": 1,
            "harmonicAverageSpeed": 6.96,
            "medianSpeed": 14.91,
            "averageSpeed": 14.91,
            "standardDeviationSpeed": 5.53,
            "travelTimeStandardDeviation": 12.63,
            "sampleSize": 1245,
            "normalizedSampleSize": 0.5475,
            "averageTravelTime": 2.82,
            "medianTravelTime": 1.31,
            "travelTimeRatio": 1.0,
            "speedPercentiles": [
              5, 8, 10, 11, 12, 13, 14, 14, 15, 15, 16, 16, 17, 17, 18, 19, 19,
              21, 23
            ]
          }
        ]
      }
    },
    {
      "type": "Feature",
      "geometry": {
        "type": "LineString",
        "coordinates": [
          [-73.98565, 40.75801],
          [-73.98675, 40.75846]
        ]
      },
      "properties": {
        "segmentId": 368400001076655,
        "newSegmentId": "0000554e-3200-0400-0000-0000004127e2",
        "speedLimit": 25,
        "frc": 6,
        "streetName": "W 45th St",
        "distance": 345.05,
        "segmentTimeResults": [
          {
            "timeSet": 2,
            "dateRange": 1,
            "harmonicAverageSpeed": 6.71,
            "medianSpeed": 9.94,
            "averageSpeed": 10.25,
            "standardDeviationSpeed": 5.78,
            "travelTimeStandardDeviation": 27.73,
            "sampleSize": 412,
            "normalizedSampleSize": 0.1812,
            "averageTravelTime": 35.09,
            "medianTravelTime": 23.66,
            "travelTimeRatio": 1.0,
            "speedPercentiles": [
              3, 3, 4, 5, 5, 6, 7, 7, 9, 10, 11, 12, 12, 14, 14, 16, 16, 17, 20
            ]
          }
        ]
      }
    },
    {
      "type": "Feature",
      "geometry": {
        "type": "LineString",
        "coordinates": [
          [-73.9841, 40.75485],
          [-73.98387, 40.75516]
        ]
      },
      "properties": {
        "segmentId": 368400000987093,
        "newSegmentId": "0000554e-3200-0400-0000-00000041337e",
        "speedLimit": 25,
        "frc": 6,
        "streetName": "Avenue of the Americas",
        "distance": 132.25,
        "segmentTimeResults": [
          {
            "timeSet": 2,
            "dateRange": 1,
            "harmonicAverageSpeed": 5.84,
            "medianSpeed": 8.7,
            "averageSpeed": 10.0,
            "standardDeviationSpeed": 6.09,
            "travelTimeStandardDeviation": 15.17,
            "sampleSize": 1736,
            "normalizedSampleSize": 0.7634,
            "averageTravelTime": 15.39,
            "medianTravelTime": 10.37,
            "travelTimeRatio": 1.0,
            "speedPercentiles": [
              2, 3, 4, 4, 5, 6, 6, 7, 8, 9, 10, 11, 12, 13, 14, 16, 17, 19, 21
            ]
          }
        ]
      }
    },
    {
      "type": "Feature",
      "geometry": {
        "type": "LineString",
        "coordinates": [
          [-73.98038, 40.75414],
          [-73.98165, 40.75467],
          [-73.98207, 40.75486]
        ]
      },
      "properties": {
        "segmentId": 368400001102305,
        "newSegmentId": "0000554e-3200-0400-0000-0000004135f0",
        "speedLimit": 25,
        "frc": 6,
        "streetName": "W 43rd St",
        "distance": 535.37,
        "segmentTimeResults": [
          {
            "timeSet": 2,
            "dateRange": 1,
            "harmonicAverageSpeed": 4.1,
            "medianSpeed": 5.34,
            "averageSpeed": 6.65,
            "standardDeviationSpeed": 4.47,
            "travelTimeStandardDeviation": 66.01,
            "sampleSize": 264,
            "normalizedSampleSize": 0.1161,
            "averageTravelTime": 88.82,
            "medianTravelTime": 68.31,
            "travelTimeRatio": 1.0,
            "speedPercentiles": [
              2, 2, 2, 3, 3, 3, 4, 4, 5, 5, 6, 7, 8, 9, 10, 11, 11, 12, 14
            ]
          }
        ]
      }
    },
    {
      "type": "Feature",
      "geometry": {
        "type": "LineString",
        "coordinates": [
          [-73.98207, 40.75486],
          [-73.98283, 40.75518]
        ]
      },
      "properties": {
        "segmentId": 368400001050430,
        "newSegmentId": "0000554e-3200-0400-0000-0000004135f2",
        "speedLimit": 25,
        "frc": 6,
        "streetName": "W 43rd St",
        "distance": 240.75,
        "segmentTimeResults": [
          {
            "timeSet": 2,
            "dateRange": 1,
            "harmonicAverageSpeed": 2.17,
            "medianSpeed": 2.3,
            "averageSpeed": 4.04,
            "standardDeviationSpeed": 4.35,
            "travelTimeStandardDeviation": 47.86,
            "sampleSize": 264,
            "normalizedSampleSize": 0.1161,
            "averageTravelTime": 75.7,
            "medianTravelTime": 71.4,
            "travelTimeRatio": 1.0,
            "speedPercentiles": [
              1, 1, 1, 1, 2, 2, 2, 2, 2, 2, 2, 3, 3, 4, 4, 5, 7, 10, 14
            ]
          }
        ]
      }
    },
    {
      "type": "Feature",
      "geometry": {
        "type": "LineString",
        "coordinates": [
          [-73.98283, 40.75518],
          [-73.98361, 40.75552]
        ]
      },
      "properties": {
        "segmentId": 368400001229921,
        "newSegmentId": "0000554e-3200-0400-0000-0000004135f3",
        "speedLimit": 25,
        "frc": 6,
        "streetName": "W 43rd St",
        "distance": 248.43,
        "segmentTimeResults": [
          {
            "timeSet": 2,
            "dateRange": 1,
            "harmonicAverageSpeed": 2.92,
            "medianSpeed": 2.61,
            "averageSpeed": 5.41,
            "standardDeviationSpeed": 5.16,
            "travelTimeStandardDeviation": 35.87,
            "sampleSize": 245,
            "normalizedSampleSize": 0.1077,
            "averageTravelTime": 57.81,
            "medianTravelTime": 64.9,
            "travelTimeRatio": 1.0,
            "speedPercentiles": [
              1, 2, 2, 2, 2, 2, 2, 2, 2, 3, 3, 4, 4, 5, 7, 9, 11, 14, 16
            ]
          }
        ]
      }
    },
    {
      "type": "Feature",
      "geometry": {
        "type": "LineString",
        "coordinates": [
          [-73.97366, 40.7646],
          [-73.97383, 40.76468]
        ]
      },
      "properties": {
        "segmentId": 368400001132860,
        "newSegmentId": "0000554e-3200-0400-0000-000000413b5d",
        "speedLimit": 25,
        "frc": 6,
        "streetName": "Central Park S",
        "distance": 53.67,
        "segmentTimeResults": [
          {
            "timeSet": 2,
            "dateRange": 1,
            "harmonicAverageSpeed": 11.5,
            "medianSpeed": 13.67,
            "averageSpeed": 13.42,
            "standardDeviationSpeed": 4.29,
            "travelTimeStandardDeviation": 1.82,
            "sampleSize": 894,
            "normalizedSampleSize": 0.3931,
            "averageTravelTime": 3.19,
            "medianTravelTime": 2.68,
            "travelTimeRatio": 1.0,
            "speedPercentiles": [
              6, 7, 9, 11, 11, 12, 12, 12, 13, 14, 14, 14, 15, 16, 16, 16, 17,
              19, 21
            ]
          }
        ]
      }
    },
    {
      "type": "Feature",
      "geometry": {
        "type": "LineString",
        "coordinates": [
          [-73.99015, 40.75672],
          [-73.98979, 40.75724]
        ]
      },
      "properties": {
        "segmentId": 368400001045183,
        "newSegmentId": "0000554e-3200-0400-0000-000000413d63",
        "speedLimit": 25,
        "frc": 4,
        "streetName": "8th Ave",
        "distance": 211.32,
        "segmentTimeResults": [
          {
            "timeSet": 2,
            "dateRange": 1,
            "harmonicAverageSpeed": 1.99,
            "medianSpeed": 1.93,
            "averageSpeed": 4.1,
            "standardDeviationSpeed": 4.91,
            "travelTimeStandardDeviation": 49.42,
            "sampleSize": 801,
            "normalizedSampleSize": 0.3522,
            "averageTravelTime": 73.51,
            "medianTravelTime": 74.8,
            "travelTimeRatio": 1.0,
            "speedPercentiles": [
              1, 1, 1, 1, 1, 2, 2, 2, 2, 2, 2, 2, 3, 4, 5, 7, 9, 11, 13
            ]
          }
        ]
      }
    },
    {
      "type": "Feature",
      "geometry": {
        "type": "LineString",
        "coordinates": [
          [-73.98837, 40.75916],
          [-73.98821, 40.75938]
        ]
      },
      "properties": {
        "segmentId": 368400000849965,
        "newSegmentId": "0000554e-3200-0400-0000-000000413d66",
        "speedLimit": 25,
        "frc": 4,
        "streetName": "8th Ave",
        "distance": 93.67,
        "segmentTimeResults": [
          {
            "timeSet": 2,
            "dateRange": 1,
            "harmonicAverageSpeed": 5.22,
            "medianSpeed": 8.08,
            "averageSpeed": 9.07,
            "standardDeviationSpeed": 6.15,
            "travelTimeStandardDeviation": 12.32,
            "sampleSize": 1124,
            "normalizedSampleSize": 0.4943,
            "averageTravelTime": 12.27,
            "medianTravelTime": 7.91,
            "travelTimeRatio": 1.0,
            "speedPercentiles": [
              2, 3, 3, 4, 4, 5, 6, 6, 7, 8, 9, 9, 11, 11, 12, 14, 16, 17, 21
            ]
          }
        ]
      }
    },
    {
      "type": "Feature",
      "geometry": {
        "type": "LineString",
        "coordinates": [
          [-73.98656, 40.76166],
          [-73.98632, 40.76199]
        ]
      },
      "properties": {
        "segmentId": 368400001021111,
        "newSegmentId": "0000554e-3200-0400-0000-000000413d6b",
        "speedLimit": 25,
        "frc": 4,
        "streetName": "8th Ave",
        "distance": 135.86,
        "segmentTimeResults": [
          {
            "timeSet": 2,
            "dateRange": 1,
            "harmonicAverageSpeed": 11.06,
            "medianSpeed": 14.91,
            "averageSpeed": 15.16,
            "standardDeviationSpeed": 6.52,
            "travelTimeStandardDeviation": 7.35,
            "sampleSize": 1029,
            "normalizedSampleSize": 0.4525,
            "averageTravelTime": 8.37,
            "medianTravelTime": 6.21,
            "travelTimeRatio": 1.0,
            "speedPercentiles": [
              5, 6, 8, 9, 11, 12, 13, 14, 15, 15, 16, 17, 17, 18, 19, 20, 21,
              23, 25
            ]
          }
        ]
      }
    },
    {
      "type": "Feature",
      "geometry": {
        "type": "LineString",
        "coordinates": [
          [-73.98632, 40.76199],
          [-73.98611, 40.76228]
        ]
      },
      "properties": {
        "segmentId": 368400001129505,
        "newSegmentId": "0000554e-3200-0400-0000-000000413d6c",
        "speedLimit": 25,
        "frc": 4,
        "streetName": "8th Ave",
        "distance": 120.31,
        "segmentTimeResults": [
          {
            "timeSet": 2,
            "dateRange": 1,
            "harmonicAverageSpeed": 6.46,
            "medianSpeed": 13.05,
            "averageSpeed": 12.55,
            "standardDeviationSpeed": 7.08,
            "travelTimeStandardDeviation": 15.22,
            "sampleSize": 1035,
            "normalizedSampleSize": 0.4551,
            "averageTravelTime": 12.73,
            "medianTravelTime": 6.29,
            "travelTimeRatio": 1.0,
            "speedPercentiles": [
              2, 2, 4, 6, 7, 9, 10, 11, 12, 13, 14, 15, 16, 17, 17, 19, 20, 21,
              24
            ]
          }
        ]
      }
    },
    {
      "type": "Feature",
      "geometry": {
        "type": "LineString",
        "coordinates": [
          [-73.98565, 40.76291],
          [-73.98542, 40.76324]
        ]
      },
      "properties": {
        "segmentId": 368400001129503,
        "newSegmentId": "0000554e-3200-0400-0000-000000413d6d",
        "speedLimit": 25,
        "frc": 4,
        "streetName": "8th Ave",
        "distance": 134.15,
        "segmentTimeResults": [
          {
            "timeSet": 2,
            "dateRange": 1,
            "harmonicAverageSpeed": 12.18,
            "medianSpeed": 18.02,
            "averageSpeed": 17.71,
            "standardDeviationSpeed": 7.89,
            "travelTimeStandardDeviation": 8.41,
            "sampleSize": 1129,
            "normalizedSampleSize": 0.4965,
            "averageTravelTime": 7.5,
            "medianTravelTime": 5.08,
            "travelTimeRatio": 1.0,
            "speedPercentiles": [
              5, 7, 9, 11, 12, 14, 15, 16, 17, 18, 19, 20, 21, 22, 23, 24, 25,
              27, 30
            ]
          }
        ]
      }
    },
    {
      "type": "Feature",
      "geometry": {
        "type": "LineString",
        "coordinates": [
          [-73.98542, 40.76324],
          [-73.98519, 40.76354]
        ]
      },
      "properties": {
        "segmentId": 368400000985957,
        "newSegmentId": "0000554e-3200-0400-0000-000000413d6e",
        "speedLimit": 25,
        "frc": 4,
        "streetName": "8th Ave",
        "distance": 125.59,
        "segmentTimeResults": [
          {
            "timeSet": 2,
            "dateRange": 1,
            "harmonicAverageSpeed": 7.64,
            "medianSpeed": 15.53,
            "averageSpeed": 15.29,
            "standardDeviationSpeed": 8.82,
            "travelTimeStandardDeviation": 15.49,
            "sampleSize": 1134,
            "normalizedSampleSize": 0.4987,
            "averageTravelTime": 11.21,
            "medianTravelTime": 5.51,
            "travelTimeRatio": 1.0,
            "speedPercentiles": [
              2, 3, 5, 6, 8, 9, 11, 13, 14, 16, 17, 18, 19, 20, 21, 22, 24, 26,
              29
            ]
          }
        ]
      }
    },
    {
      "type": "Feature",
      "geometry": {
        "type": "LineString",
        "coordinates": [
          [-73.98473, 40.76417],
          [-73.98451, 40.76449]
        ]
      },
      "properties": {
        "segmentId": 368400001129502,
        "newSegmentId": "0000554e-3200-0400-0000-000000413d6f",
        "speedLimit": 25,
        "frc": 4,
        "streetName": "8th Ave",
        "distance": 131.23,
        "segmentTimeResults": [
          {
            "timeSet": 2,
            "dateRange": 1,
            "harmonicAverageSpeed": 7.52,
            "medianSpeed": 14.29,
            "averageSpeed": 14.29,
            "standardDeviationSpeed": 7.95,
            "travelTimeStandardDeviation": 15.11,
            "sampleSize": 1186,
            "normalizedSampleSize": 0.5215,
            "averageTravelTime": 11.91,
            "medianTravelTime": 6.26,
            "travelTimeRatio": 1.0,
            "speedPercentiles": [
              2, 3, 5, 6, 9, 11, 11, 12, 13, 14, 15, 16, 17, 18, 19, 21, 23, 25,
              28
            ]
          }
        ]
      }
    },
    {
      "type": "Feature",
      "geometry": {
        "type": "LineString",
        "coordinates": [
          [-73.98451, 40.76449],
          [-73.98429, 40.76479]
        ]
      },
      "properties": {
        "segmentId": 368400001129501,
        "newSegmentId": "0000554e-3200-0400-0000-000000413d70",
        "speedLimit": 25,
        "frc": 4,
        "streetName": "8th Ave",
        "distance": 124.21,
        "segmentTimeResults": [
          {
            "timeSet": 2,
            "dateRange": 1,
            "harmonicAverageSpeed": 4.29,
            "medianSpeed": 9.32,
            "averageSpeed": 10.81,
            "standardDeviationSpeed": 8.2,
            "travelTimeStandardDeviation": 24.95,
            "sampleSize": 1180,
            "normalizedSampleSize": 0.5189,
            "averageTravelTime": 19.9,
            "medianTravelTime": 9.09,
            "travelTimeRatio": 1.0,
            "speedPercentiles": [
              1, 1, 2, 3, 4, 5, 6, 6, 8, 9, 11, 12, 14, 16, 17, 18, 20, 22, 25
            ]
          }
        ]
      }
    },
    {
      "type": "Feature",
      "geometry": {
        "type": "LineString",
        "coordinates": [
          [-73.98382, 40.76542],
          [-73.98359, 40.76573]
        ]
      },
      "properties": {
        "segmentId": 368400000981350,
        "newSegmentId": "0000554e-3200-0400-0000-000000413d71",
        "speedLimit": 25,
        "frc": 4,
        "streetName": "8th Ave",
        "distance": 131.96,
        "segmentTimeResults": [
          {
            "timeSet": 2,
            "dateRange": 1,
            "harmonicAverageSpeed": 6.09,
            "medianSpeed": 12.43,
            "averageSpeed": 12.86,
            "standardDeviationSpeed": 7.95,
            "travelTimeStandardDeviation": 18.36,
            "sampleSize": 1132,
            "normalizedSampleSize": 0.4978,
            "averageTravelTime": 14.78,
            "medianTravelTime": 7.24,
            "travelTimeRatio": 1.0,
            "speedPercentiles": [
              1, 2, 4, 5, 6, 8, 9, 9, 10, 12, 15, 16, 17, 18, 18, 20, 21, 23, 25
            ]
          }
        ]
      }
    },
    {
      "type": "Feature",
      "geometry": {
        "type": "LineString",
        "coordinates": [
          [-73.98359, 40.76573],
          [-73.98336, 40.76604]
        ]
      },
      "properties": {
        "segmentId": 368400001112581,
        "newSegmentId": "0000554e-3200-0400-0000-000000413d72",
        "speedLimit": 25,
        "frc": 4,
        "streetName": "8th Ave",
        "distance": 127.82,
        "segmentTimeResults": [
          {
            "timeSet": 2,
            "dateRange": 1,
            "harmonicAverageSpeed": 7.71,
            "medianSpeed": 14.91,
            "averageSpeed": 13.98,
            "standardDeviationSpeed": 7.08,
            "travelTimeStandardDeviation": 16.31,
            "sampleSize": 1137,
            "normalizedSampleSize": 0.5,
            "averageTravelTime": 11.33,
            "medianTravelTime": 5.84,
            "travelTimeRatio": 1.0,
            "speedPercentiles": [
              2, 4, 5, 7, 9, 11, 12, 13, 14, 15, 16, 16, 17, 18, 18, 19, 21, 22,
              25
            ]
          }
        ]
      }
    },
    {
      "type": "Feature",
      "geometry": {
        "type": "LineString",
        "coordinates": [
          [-73.98336, 40.76604],
          [-73.98322, 40.76624],
          [-73.98312, 40.76637]
        ]
      },
      "properties": {
        "segmentId": 368400000884864,
        "newSegmentId": "0000554e-3200-0400-0000-000000413d73",
        "speedLimit": 25,
        "frc": 4,
        "streetName": "8th Ave",
        "distance": 138.32,
        "segmentTimeResults": [
          {
            "timeSet": 2,
            "dateRange": 1,
            "harmonicAverageSpeed": 7.39,
            "medianSpeed": 13.67,
            "averageSpeed": 13.11,
            "standardDeviationSpeed": 6.71,
            "travelTimeStandardDeviation": 17.24,
            "sampleSize": 1123,
            "normalizedSampleSize": 0.4938,
            "averageTravelTime": 12.74,
            "medianTravelTime": 6.9,
            "travelTimeRatio": 1.0,
            "speedPercentiles": [
              2, 4, 5, 7, 8, 9, 10, 11, 12, 14, 15, 16, 16, 17, 18, 19, 20, 21,
              23
            ]
          }
        ]
      }
    },
    {
      "type": "Feature",
      "geometry": {
        "type": "LineString",
        "coordinates": [
          [-73.98312, 40.76637],
          [-73.98302, 40.76651]
        ]
      },
      "properties": {
        "segmentId": 368400001129500,
        "newSegmentId": "0000554e-3200-0400-0000-000000413d74",
        "speedLimit": 25,
        "frc": 4,
        "streetName": "8th Ave",
        "distance": 57.09,
        "segmentTimeResults": [
          {
            "timeSet": 2,
            "dateRange": 1,
            "harmonicAverageSpeed": 5.97,
            "medianSpeed": 13.05,
            "averageSpeed": 12.8,
            "standardDeviationSpeed": 6.77,
            "travelTimeStandardDeviation": 12.57,
            "sampleSize": 1131,
            "normalizedSampleSize": 0.4974,
            "averageTravelTime": 6.56,
            "medianTravelTime": 2.98,
            "travelTimeRatio": 1.0,
            "speedPercentiles": [
              2, 4, 5, 7, 8, 9, 10, 11, 12, 13, 14, 15, 16, 16, 17, 19, 20, 21,
              23
            ]
          }
        ]
      }
    },
    {
      "type": "Feature",
      "geometry": {
        "type": "LineString",
        "coordinates": [
          [-73.98368, 40.75465],
          [-73.9841, 40.75485]
        ]
      },
      "properties": {
        "segmentId": 368400001144873,
        "newSegmentId": "0000554e-3200-0400-0000-000000413da9",
        "speedLimit": 25,
        "frc": 4,
        "streetName": "W 42nd St",
        "distance": 135.4,
        "segmentTimeResults": [
          {
            "timeSet": 2,
            "dateRange": 1,
            "harmonicAverageSpeed": 2.61,
            "medianSpeed": 4.16,
            "averageSpeed": 6.52,
            "standardDeviationSpeed": 6.59,
            "travelTimeStandardDeviation": 33.09,
            "sampleSize": 634,
            "normalizedSampleSize": 0.2788,
            "averageTravelTime": 35.21,
            "medianTravelTime": 22.17,
            "travelTimeRatio": 1.0,
            "speedPercentiles": [
              1, 1, 1, 1, 2, 2, 2, 3, 4, 4, 5, 6, 7, 8, 9, 11, 13, 15, 18
            ]
          }
        ]
      }
    },
    {
      "type": "Feature",
      "geometry": {
        "type": "LineString",
        "coordinates": [
          [-73.98087, 40.75348],
          [-73.98144, 40.75371]
        ]
      },
      "properties": {
        "segmentId": 368400001110727,
        "newSegmentId": "0000554e-3200-0400-0000-000000413daa",
        "speedLimit": 25,
        "frc": 4,
        "streetName": "W 42nd St",
        "distance": 177.49,
        "segmentTimeResults": [
          {
            "timeSet": 2,
            "dateRange": 1,
            "harmonicAverageSpeed": 13.92,
            "medianSpeed": 19.26,
            "averageSpeed": 18.89,
            "standardDeviationSpeed": 7.95,
            "travelTimeStandardDeviation": 7.93,
            "sampleSize": 667,
            "normalizedSampleSize": 0.2933,
            "averageTravelTime": 8.7,
            "medianTravelTime": 6.28,
            "travelTimeRatio": 1.0,
            "speedPercentiles": [
              5, 7, 10, 12, 15, 16, 17, 18, 19, 19, 20, 21, 22, 22, 24, 24, 26,
              27, 31
            ]
          }
        ]
      }
    },
    {
      "type": "Feature",
      "geometry": {
        "type": "LineString",
        "coordinates": [
          [-73.98144, 40.75371],
          [-73.9824, 40.75412]
        ]
      },
      "properties": {
        "segmentId": 368400000984876,
        "newSegmentId": "0000554e-3200-0400-0000-000000413dab",
        "speedLimit": 25,
        "frc": 4,
        "streetName": "W 42nd St",
        "distance": 304.82,
        "segmentTimeResults": [
          {
            "timeSet": 2,
            "dateRange": 1,
            "harmonicAverageSpeed": 13.05,
            "medianSpeed": 18.02,
            "averageSpeed": 16.59,
            "standardDeviationSpeed": 6.4,
            "travelTimeStandardDeviation": 12.7,
            "sampleSize": 664,
            "normalizedSampleSize": 0.292,
            "averageTravelTime": 15.95,
            "medianTravelTime": 11.53,
            "travelTimeRatio": 1.0,
            "speedPercentiles": [
              6, 7, 9, 11, 12, 14, 16, 16, 17, 18, 19, 19, 20, 20, 21, 21, 21,
              22, 24
            ]
          }
        ]
      }
    },
    {
      "type": "Feature",
      "geometry": {
        "type": "LineString",
        "coordinates": [
          [-73.97743, 40.76399],
          [-73.9772, 40.76432]
        ]
      },
      "properties": {
        "segmentId": 368400001112579,
        "newSegmentId": "0000554e-3200-0400-0000-000000413e18",
        "speedLimit": 25,
        "frc": 6,
        "streetName": "Avenue of the Americas",
        "distance": 134.78,
        "segmentTimeResults": [
          {
            "timeSet": 2,
            "dateRange": 1,
            "harmonicAverageSpeed": 5.28,
            "medianSpeed": 9.32,
            "averageSpeed": 9.63,
            "standardDeviationSpeed": 5.59,
            "travelTimeStandardDeviation": 18.65,
            "sampleSize": 1073,
            "normalizedSampleSize": 0.4719,
            "averageTravelTime": 17.47,
            "medianTravelTime": 9.86,
            "travelTimeRatio": 1.0,
            "speedPercentiles": [
              2, 2, 3, 4, 5, 6, 7, 8, 9, 9, 11, 11, 12, 13, 14, 15, 16, 17, 19
            ]
          }
        ]
      }
    },
    {
      "type": "Feature",
      "geometry": {
        "type": "LineString",
        "coordinates": [
          [-73.97768, 40.76364],
          [-73.97743, 40.76399]
        ]
      },
      "properties": {
        "segmentId": 368400001175541,
        "newSegmentId": "0000554e-3200-0400-0000-000000413e19",
        "speedLimit": 25,
        "frc": 6,
        "streetName": "Avenue of the Americas",
        "distance": 146.23,
        "segmentTimeResults": [
          {
            "timeSet": 2,
            "dateRange": 1,
            "harmonicAverageSpeed": 7.46,
            "medianSpeed": 11.18,
            "averageSpeed": 11.06,
            "standardDeviationSpeed": 5.41,
            "travelTimeStandardDeviation": 12.18,
            "sampleSize": 1072,
            "normalizedSampleSize": 0.4714,
            "averageTravelTime": 13.39,
            "medianTravelTime": 8.91,
            "travelTimeRatio": 1.0,
            "speedPercentiles": [
              3, 4, 5, 6, 7, 7, 9, 9, 10, 11, 12, 12, 13, 14, 15, 16, 17, 18, 20
            ]
          }
        ]
      }
    },
    {
      "type": "Feature",
      "geometry": {
        "type": "LineString",
        "coordinates": [
          [-73.97813, 40.76304],
          [-73.97783, 40.76345]
        ]
      },
      "properties": {
        "segmentId": 368400001318448,
        "newSegmentId": "0000554e-3200-0400-0000-000000413e1a",
        "speedLimit": 25,
        "frc": 6,
        "streetName": "Avenue of the Americas",
        "distance": 170.34,
        "segmentTimeResults": [
          {
            "timeSet": 2,
            "dateRange": 1,
            "harmonicAverageSpeed": 6.65,
            "medianSpeed": 10.56,
            "averageSpeed": 11.25,
            "standardDeviationSpeed": 6.15,
            "travelTimeStandardDeviation": 20.27,
            "sampleSize": 1032,
            "normalizedSampleSize": 0.4538,
            "averageTravelTime": 17.47,
            "medianTravelTime": 10.99,
            "travelTimeRatio": 1.0,
            "speedPercentiles": [
              2, 3, 5, 5, 6, 7, 8, 9, 10, 11, 12, 12, 14, 14, 16, 17, 18, 20, 22
            ]
          }
        ]
      }
    },
    {
      "type": "Feature",
      "geometry": {
        "type": "LineString",
        "coordinates": [
          [-73.97783, 40.76345],
          [-73.97768, 40.76364]
        ]
      },
      "properties": {
        "segmentId": 368400001277074,
        "newSegmentId": "0000554e-3200-0400-0000-000000413e1b",
        "speedLimit": 25,
        "frc": 6,
        "streetName": "Avenue of the Americas",
        "distance": 82.58,
        "segmentTimeResults": [
          {
            "timeSet": 2,
            "dateRange": 1,
            "harmonicAverageSpeed": 6.21,
            "medianSpeed": 10.56,
            "averageSpeed": 11.06,
            "standardDeviationSpeed": 6.09,
            "travelTimeStandardDeviation": 11.54,
            "sampleSize": 1064,
            "normalizedSampleSize": 0.4679,
            "averageTravelTime": 9.08,
            "medianTravelTime": 5.33,
            "travelTimeRatio": 1.0,
            "speedPercentiles": [
              2, 3, 4, 5, 6, 7, 8, 9, 10, 11, 11, 12, 14, 14, 16, 16, 18, 19, 21
            ]
          }
        ]
      }
    },
    {
      "type": "Feature",
      "geometry": {
        "type": "LineString",
        "coordinates": [
          [-73.98179, 40.75801],
          [-73.98147, 40.75844]
        ]
      },
      "properties": {
        "segmentId": 368400001110726,
        "newSegmentId": "0000554e-3200-0400-0000-000000413e1e",
        "speedLimit": 25,
        "frc": 6,
        "streetName": "Avenue of the Americas",
        "distance": 177.69,
        "segmentTimeResults": [
          {
            "timeSet": 2,
            "dateRange": 1,
            "harmonicAverageSpeed": 6.03,
            "medianSpeed": 9.94,
            "averageSpeed": 10.69,
            "standardDeviationSpeed": 6.71,
            "travelTimeStandardDeviation": 19.56,
            "sampleSize": 1210,
            "normalizedSampleSize": 0.5321,
            "averageTravelTime": 20.2,
            "medianTravelTime": 12.19,
            "travelTimeRatio": 1.0,
            "speedPercentiles": [
              2, 2, 3, 4, 5, 6, 7, 7, 9, 10, 11, 12, 13, 14, 16, 17, 18, 20, 22
            ]
          }
        ]
      }
    },
    {
      "type": "Feature",
      "geometry": {
        "type": "LineString",
        "coordinates": [
          [-73.98147, 40.75844],
          [-73.98132, 40.75864]
        ]
      },
      "properties": {
        "segmentId": 368400001079089,
        "newSegmentId": "0000554e-3200-0400-0000-000000413e1f",
        "speedLimit": 25,
        "frc": 6,
        "streetName": "Avenue of the Americas",
        "distance": 84.35,
        "segmentTimeResults": [
          {
            "timeSet": 2,
            "dateRange": 1,
            "harmonicAverageSpeed": 3.6,
            "medianSpeed": 6.84,
            "averageSpeed": 8.33,
            "standardDeviationSpeed": 6.52,
            "travelTimeStandardDeviation": 18.34,
            "sampleSize": 1234,
            "normalizedSampleSize": 0.5427,
            "averageTravelTime": 15.87,
            "medianTravelTime": 8.41,
            "travelTimeRatio": 1.0,
            "speedPercentiles": [
              1, 1, 2, 3, 3, 4, 5, 5, 6, 7, 8, 9, 10, 11, 12, 13, 15, 17, 21
            ]
          }
        ]
      }
    },
    {
      "type": "Feature",
      "geometry": {
        "type": "LineString",
        "coordinates": [
          [-73.98361, 40.75552],
          [-73.98341, 40.75579],
          [-73.9833, 40.75593]
        ]
      },
      "properties": {
        "segmentId": 368400001156158,
        "newSegmentId": "0000554e-3200-0400-0000-000000413e22",
        "speedLimit": 25,
        "frc": 6,
        "streetName": "Avenue of the Americas",
        "distance": 172.93,
        "segmentTimeResults": [
          {
            "timeSet": 2,
            "dateRange": 1,
            "harmonicAverageSpeed": 5.78,
            "medianSpeed": 9.32,
            "averageSpeed": 9.82,
            "standardDeviationSpeed": 5.9,
            "travelTimeStandardDeviation": 19.24,
            "sampleSize": 1734,
            "normalizedSampleSize": 0.7625,
            "averageTravelTime": 20.36,
            "medianTravelTime": 12.65,
            "travelTimeRatio": 1.0,
            "speedPercentiles": [
              2, 3, 3, 4, 5, 6, 6, 7, 8, 9, 10, 11, 12, 13, 14, 15, 16, 17, 20
            ]
          }
        ]
      }
    },
    {
      "type": "Feature",
      "geometry": {
        "type": "LineString",
        "coordinates": [
          [-73.9833, 40.75593],
          [-73.98316, 40.75612]
        ]
      },
      "properties": {
        "segmentId": 368400001240680,
        "newSegmentId": "0000554e-3200-0400-0000-000000413e23",
        "speedLimit": 25,
        "frc": 6,
        "streetName": "Avenue of the Americas",
        "distance": 78.54,
        "segmentTimeResults": [
          {
            "timeSet": 2,
            "dateRange": 1,
            "harmonicAverageSpeed": 4.29,
            "medianSpeed": 9.32,
            "averageSpeed": 10.19,
            "standardDeviationSpeed": 6.96,
            "travelTimeStandardDeviation": 15.93,
            "sampleSize": 1723,
            "normalizedSampleSize": 0.7577,
            "averageTravelTime": 12.45,
            "medianTravelTime": 5.75,
            "travelTimeRatio": 1.0,
            "speedPercentiles": [
              1, 1, 2, 3, 4, 5, 6, 7, 8, 9, 11, 11, 12, 14, 15, 17, 18, 19, 22
            ]
          }
        ]
      }
    },
    {
      "type": "Feature",
      "geometry": {
        "type": "LineString",
        "coordinates": [
          [-73.98884, 40.75853],
          [-73.98855, 40.75892],
          [-73.98837, 40.75916]
        ]
      },
      "properties": {
        "segmentId": 368400000924301,
        "newSegmentId": "0000554e-3200-0400-0000-0000004a0585",
        "speedLimit": 25,
        "frc": 4,
        "streetName": "8th Ave",
        "distance": 263.06,
        "segmentTimeResults": [
          {
            "timeSet": 2,
            "dateRange": 1,
            "harmonicAverageSpeed": 5.03,
            "medianSpeed": 6.84,
            "averageSpeed": 9.44,
            "standardDeviationSpeed": 7.52,
            "travelTimeStandardDeviation": 27.16,
            "sampleSize": 946,
            "normalizedSampleSize": 0.416,
            "averageTravelTime": 35.61,
            "medianTravelTime": 26.24,
            "travelTimeRatio": 1.0,
            "speedPercentiles": [
              2, 2, 3, 3, 3, 4, 4, 5, 6, 7, 8, 10, 11, 12, 14, 16, 18, 21, 24
            ]
          }
        ]
      }
    },
    {
      "type": "Feature",
      "geometry": {
        "type": "LineString",
        "coordinates": [
          [-73.98439, 40.75445],
          [-73.9841, 40.75485]
        ]
      },
      "properties": {
        "segmentId": 368400000926356,
        "newSegmentId": "0000554e-3200-0400-0000-0000004b87ed",
        "speedLimit": 25,
        "frc": 6,
        "streetName": "Avenue of the Americas",
        "distance": 166.01,
        "segmentTimeResults": [
          {
            "timeSet": 2,
            "dateRange": 1,
            "harmonicAverageSpeed": 4.41,
            "medianSpeed": 8.7,
            "averageSpeed": 9.44,
            "standardDeviationSpeed": 6.77,
            "travelTimeStandardDeviation": 23.73,
            "sampleSize": 1781,
            "normalizedSampleSize": 0.7832,
            "averageTravelTime": 25.54,
            "medianTravelTime": 13.01,
            "travelTimeRatio": 1.0,
            "speedPercentiles": [
              2, 2, 2, 2, 3, 4, 5, 6, 7, 9, 10, 11, 12, 14, 14, 16, 17, 19, 21
            ]
          }
        ]
      }
    },
    {
      "type": "Feature",
      "geometry": {
        "type": "LineString",
        "coordinates": [
          [-73.98334, 40.75451],
          [-73.98364, 40.75463],
          [-73.98368, 40.75465]
        ]
      },
      "properties": {
        "segmentId": 368400001144875,
        "newSegmentId": "0000554e-3200-0400-0000-0000004b87ef",
        "speedLimit": 25,
        "frc": 4,
        "streetName": "W 42nd St",
        "distance": 106.23,
        "segmentTimeResults": [
          {
            "timeSet": 2,
            "dateRange": 1,
            "harmonicAverageSpeed": 3.48,
            "medianSpeed": 6.84,
            "averageSpeed": 8.57,
            "standardDeviationSpeed": 7.39,
            "travelTimeStandardDeviation": 26.01,
            "sampleSize": 635,
            "normalizedSampleSize": 0.2792,
            "averageTravelTime": 20.91,
            "medianTravelTime": 10.6,
            "travelTimeRatio": 1.0,
            "speedPercentiles": [
              1, 1, 2, 2, 3, 3, 4, 5, 6, 7, 7, 9, 10, 11, 12, 14, 16, 19, 22
            ]
          }
        ]
      }
    },
    {
      "type": "Feature",
      "geometry": {
        "type": "LineString",
        "coordinates": [
          [-73.98227, 40.7683],
          [-73.98231, 40.76826],
          [-73.98234, 40.76821],
          [-73.98237, 40.76812]
        ]
      },
      "properties": {
        "segmentId": 368400001075048,
        "newSegmentId": "0000554e-3200-0400-0000-0000004bba3c",
        "speedLimit": 25,
        "frc": 4,
        "streetName": "Columbus Cir",
        "distance": 72.21,
        "segmentTimeResults": [
          {
            "timeSet": 2,
            "dateRange": 1,
            "harmonicAverageSpeed": 7.39,
            "medianSpeed": 14.29,
            "averageSpeed": 13.92,
            "standardDeviationSpeed": 5.53,
            "travelTimeStandardDeviation": 19.83,
            "sampleSize": 1242,
            "normalizedSampleSize": 0.5462,
            "averageTravelTime": 6.64,
            "medianTravelTime": 3.45,
            "travelTimeRatio": 1.0,
            "speedPercentiles": [
              5, 7, 9, 10, 11, 12, 12, 13, 14, 14, 15, 15, 16, 16, 17, 17, 19,
              20, 22
            ]
          }
        ]
      }
    },
    {
      "type": "Feature",
      "geometry": {
        "type": "LineString",
        "coordinates": [
          [-73.98237, 40.76812],
          [-73.98237, 40.76809],
          [-73.98237, 40.76803],
          [-73.98237, 40.76798],
          [-73.98236, 40.76793],
          [-73.98234, 40.76789],
          [-73.98232, 40.76785],
          [-73.98227, 40.76779]
        ]
      },
      "properties": {
        "segmentId": 368400001132783,
        "newSegmentId": "0000554e-3200-0400-0000-0000004bba3d",
        "speedLimit": 25,
        "frc": 4,
        "streetName": "Columbus Cir",
        "distance": 129.23,
        "segmentTimeResults": [
          {
            "timeSet": 2,
            "dateRange": 1,
            "harmonicAverageSpeed": 7.83,
            "medianSpeed": 12.43,
            "averageSpeed": 12.24,
            "standardDeviationSpeed": 5.59,
            "travelTimeStandardDeviation": 13.53,
            "sampleSize": 1227,
            "normalizedSampleSize": 0.5396,
            "averageTravelTime": 11.23,
            "medianTravelTime": 7.09,
            "travelTimeRatio": 1.0,
            "speedPercentiles": [
              2, 5, 7, 8, 9, 10, 11, 11, 12, 12, 13, 14, 14, 15, 16, 16, 17, 18,
              21
            ]
          }
        ]
      }
    },
    {
      "type": "Feature",
      "geometry": {
        "type": "LineString",
        "coordinates": [
          [-73.98553, 40.75796],
          [-73.9856, 40.75799]
        ]
      },
      "properties": {
        "segmentId": 368400001132791,
        "newSegmentId": "0000554e-3200-0400-0000-0000004c0a13",
        "speedLimit": 25,
        "frc": 6,
        "streetName": "W 45th St",
        "distance": 22.44,
        "segmentTimeResults": [
          {
            "timeSet": 2,
            "dateRange": 1,
            "harmonicAverageSpeed": 6.52,
            "medianSpeed": 10.56,
            "averageSpeed": 11.25,
            "standardDeviationSpeed": 6.65,
            "travelTimeStandardDeviation": 3.05,
            "sampleSize": 468,
            "normalizedSampleSize": 0.2058,
            "averageTravelTime": 2.36,
            "medianTravelTime": 1.45,
            "travelTimeRatio": 1.0,
            "speedPercentiles": [
              2, 3, 4, 5, 6, 7, 8, 9, 9, 11, 11, 12, 12, 14, 15, 16, 17, 20, 22
            ]
          }
        ]
      }
    },
    {
      "type": "Feature",
      "geometry": {
        "type": "LineString",
        "coordinates": [
          [-73.9856, 40.75799],
          [-73.98565, 40.75801]
        ]
      },
      "properties": {
        "segmentId": 368400001132790,
        "newSegmentId": "0000554e-3200-0400-0000-0000004c0a14",
        "speedLimit": 25,
        "frc": 6,
        "streetName": "W 45th St",
        "distance": 17.29,
        "segmentTimeResults": [
          {
            "timeSet": 2,
            "dateRange": 1,
            "harmonicAverageSpeed": 6.71,
            "medianSpeed": 11.18,
            "averageSpeed": 11.5,
            "standardDeviationSpeed": 6.77,
            "travelTimeStandardDeviation": 2.44,
            "sampleSize": 465,
            "normalizedSampleSize": 0.2045,
            "averageTravelTime": 1.77,
            "medianTravelTime": 1.05,
            "travelTimeRatio": 1.0,
            "speedPercentiles": [
              2, 3, 4, 5, 7, 8, 9, 9, 10, 11, 12, 12, 13, 14, 16, 16, 18, 20, 22
            ]
          }
        ]
      }
    },
    {
      "type": "Feature",
      "geometry": {
        "type": "LineString",
        "coordinates": [
          [-73.98287, 40.76673],
          [-73.98336, 40.76693]
        ]
      },
      "properties": {
        "segmentId": 368400001233343,
        "newSegmentId": "0000554e-3200-0400-0000-0000004cd278",
        "speedLimit": 25,
        "frc": 7,
        "streetName": "W 57th St",
        "distance": 153.67,
        "segmentTimeResults": [
          {
            "timeSet": 2,
            "dateRange": 1,
            "harmonicAverageSpeed": 8.57,
            "medianSpeed": 13.05,
            "averageSpeed": 12.37,
            "standardDeviationSpeed": 5.84,
            "travelTimeStandardDeviation": 11.05,
            "sampleSize": 536,
            "normalizedSampleSize": 0.2357,
            "averageTravelTime": 12.21,
            "medianTravelTime": 8.03,
            "travelTimeRatio": 1.0,
            "speedPercentiles": [
              3, 4, 6, 7, 7, 9, 10, 11, 12, 13, 14, 14, 15, 16, 16, 17, 18, 19,
              21
            ]
          }
        ]
      }
    },
    {
      "type": "Feature",
      "geometry": {
        "type": "LineString",
        "coordinates": [
          [-73.98336, 40.76693],
          [-73.98457, 40.76744],
          [-73.98542, 40.7678]
        ]
      },
      "properties": {
        "segmentId": 368400000883295,
        "newSegmentId": "0000554e-3200-0400-0000-0000004cd279",
        "speedLimit": 25,
        "frc": 7,
        "streetName": "W 57th St",
        "distance": 652.95,
        "segmentTimeResults": [
          {
            "timeSet": 2,
            "dateRange": 1,
            "harmonicAverageSpeed": 6.71,
            "medianSpeed": 7.46,
            "averageSpeed": 8.26,
            "standardDeviationSpeed": 4.1,
            "travelTimeStandardDeviation": 35.51,
            "sampleSize": 510,
            "normalizedSampleSize": 0.2243,
            "averageTravelTime": 66.12,
            "medianTravelTime": 59.71,
            "travelTimeRatio": 1.0,
            "speedPercentiles": [
              3, 4, 5, 6, 6, 6, 7, 7, 7, 7, 8, 8, 9, 9, 9, 10, 11, 12, 16
            ]
          }
        ]
      }
    },
    {
      "type": "Feature",
      "geometry": {
        "type": "LineString",
        "coordinates": [
          [-73.98363, 40.76205],
          [-73.98539, 40.7628]
        ]
      },
      "properties": {
        "segmentId": 368400000970711,
        "newSegmentId": "0000554e-3200-0400-0000-0000004cd29c",
        "speedLimit": 25,
        "frc": 6,
        "streetName": "W 51st St",
        "distance": 559.71,
        "segmentTimeResults": [
          {
            "timeSet": 2,
            "dateRange": 1,
            "harmonicAverageSpeed": 2.3,
            "medianSpeed": 2.3,
            "averageSpeed": 2.67,
            "standardDeviationSpeed": 1.37,
            "travelTimeStandardDeviation": 51.19,
            "sampleSize": 305,
            "normalizedSampleSize": 0.1341,
            "averageTravelTime": 166.35,
            "medianTravelTime": 165.99,
            "travelTimeRatio": 1.0,
            "speedPercentiles": [
              1, 2, 2, 2, 2, 2, 2, 2, 2, 2, 2, 2, 2, 3, 3, 3, 3, 4, 5
            ]
          }
        ]
      }
    },
    {
      "type": "Feature",
      "geometry": {
        "type": "LineString",
        "coordinates": [
          [-73.98539, 40.7628],
          [-73.98565, 40.76291]
        ]
      },
      "properties": {
        "segmentId": 368400001112215,
        "newSegmentId": "0000554e-3200-0400-0000-0000004cd29d",
        "speedLimit": 25,
        "frc": 6,
        "streetName": "W 51st St",
        "distance": 82.09,
        "segmentTimeResults": [
          {
            "timeSet": 2,
            "dateRange": 1,
            "harmonicAverageSpeed": 6.84,
            "medianSpeed": 12.43,
            "averageSpeed": 13.36,
            "standardDeviationSpeed": 7.21,
            "travelTimeStandardDeviation": 15.17,
            "sampleSize": 346,
            "normalizedSampleSize": 0.1522,
            "averageTravelTime": 8.16,
            "medianTravelTime": 4.5,
            "travelTimeRatio": 1.0,
            "speedPercentiles": [
              2, 3, 5, 7, 9, 9, 10, 11, 12, 12, 14, 15, 16, 17, 18, 19, 21, 22,
              25
            ]
          }
        ]
      }
    },
    {
      "type": "Feature",
      "geometry": {
        "type": "LineString",
        "coordinates": [
          [-73.98837, 40.75916],
          [-73.98918, 40.75949]
        ]
      },
      "properties": {
        "segmentId": 368400000989038,
        "newSegmentId": "0000554e-3200-0400-0000-0000004cd2b2",
        "speedLimit": 25,
        "frc": 6,
        "streetName": "W 45th St",
        "distance": 256.17,
        "segmentTimeResults": [
          {
            "timeSet": 2,
            "dateRange": 1,
            "harmonicAverageSpeed": 10.44,
            "medianSpeed": 14.29,
            "averageSpeed": 13.79,
            "standardDeviationSpeed": 5.53,
            "travelTimeStandardDeviation": 14.91,
            "sampleSize": 358,
            "normalizedSampleSize": 0.1574,
            "averageTravelTime": 16.78,
            "medianTravelTime": 12.22,
            "travelTimeRatio": 1.0,
            "speedPercentiles": [
              5, 6, 7, 9, 11, 12, 12, 12, 13, 14, 16, 17, 17, 17, 17, 17, 17,
              18, 22
            ]
          }
        ]
      }
    },
    {
      "type": "Feature",
      "geometry": {
        "type": "LineString",
        "coordinates": [
          [-73.98436, 40.7591],
          [-73.98461, 40.75921]
        ]
      },
      "properties": {
        "segmentId": 368400001421623,
        "newSegmentId": "0000554e-3200-0400-0000-0000004cd2b9",
        "speedLimit": 25,
        "frc": 6,
        "streetName": "W 47th St",
        "distance": 78.15,
        "segmentTimeResults": [
          {
            "timeSet": 2,
            "dateRange": 1,
            "harmonicAverageSpeed": 4.29,
            "medianSpeed": 9.32,
            "averageSpeed": 8.76,
            "standardDeviationSpeed": 5.34,
            "travelTimeStandardDeviation": 13.93,
            "sampleSize": 251,
            "normalizedSampleSize": 0.1104,
            "averageTravelTime": 12.45,
            "medianTravelTime": 5.72,
            "travelTimeRatio": 1.0,
            "speedPercentiles": [
              1, 2, 2, 3, 4, 4, 5, 6, 7, 9, 10, 11, 12, 12, 13, 14, 15, 16, 17
            ]
          }
        ]
      }
    },
    {
      "type": "Feature",
      "geometry": {
        "type": "LineString",
        "coordinates": [
          [-73.98153, 40.75791],
          [-73.98179, 40.75801]
        ]
      },
      "properties": {
        "segmentId": 368400000973441,
        "newSegmentId": "0000554e-3200-0400-0000-0000004cd333",
        "speedLimit": 25,
        "frc": 6,
        "streetName": "W 47th St",
        "distance": 82.02,
        "segmentTimeResults": [
          {
            "timeSet": 2,
            "dateRange": 1,
            "harmonicAverageSpeed": 3.73,
            "medianSpeed": 8.7,
            "averageSpeed": 8.76,
            "standardDeviationSpeed": 6.4,
            "travelTimeStandardDeviation": 20.22,
            "sampleSize": 238,
            "normalizedSampleSize": 0.1047,
            "averageTravelTime": 14.89,
            "medianTravelTime": 6.43,
            "travelTimeRatio": 1.0,
            "speedPercentiles": [
              1, 2, 2, 3, 4, 5, 5, 6, 7, 9, 9, 10, 11, 11, 11, 11, 15, 17, 21
            ]
          }
        ]
      }
    },
    {
      "type": "Feature",
      "geometry": {
        "type": "LineString",
        "coordinates": [
          [-73.97856, 40.75667],
          [-73.97872, 40.75673],
          [-73.97935, 40.75699]
        ]
      },
      "properties": {
        "segmentId": 368400001095876,
        "newSegmentId": "0000554e-3200-0400-0000-0000004cd334",
        "speedLimit": 25,
        "frc": 6,
        "streetName": "W 47th St",
        "distance": 248.43,
        "segmentTimeResults": [
          {
            "timeSet": 2,
            "dateRange": 1,
            "harmonicAverageSpeed": 6.77,
            "medianSpeed": 8.7,
            "averageSpeed": 9.69,
            "standardDeviationSpeed": 4.97,
            "travelTimeStandardDeviation": 19.77,
            "sampleSize": 258,
            "normalizedSampleSize": 0.1135,
            "averageTravelTime": 24.99,
            "medianTravelTime": 19.47,
            "travelTimeRatio": 1.0,
            "speedPercentiles": [
              3, 4, 4, 5, 6, 7, 7, 8, 9, 9, 11, 11, 11, 11, 12, 14, 17, 17, 17
            ]
          }
        ]
      }
    },
    {
      "type": "Feature",
      "geometry": {
        "type": "LineString",
        "coordinates": [
          [-73.97935, 40.75699],
          [-73.98009, 40.7573],
          [-73.98153, 40.75791]
        ]
      },
      "properties": {
        "segmentId": 368400000830674,
        "newSegmentId": "0000554e-3200-0400-0000-0000004cd335",
        "speedLimit": 25,
        "frc": 6,
        "streetName": "W 47th St",
        "distance": 689.6,
        "segmentTimeResults": [
          {
            "timeSet": 2,
            "dateRange": 1,
            "harmonicAverageSpeed": 3.67,
            "medianSpeed": 3.73,
            "averageSpeed": 4.78,
            "standardDeviationSpeed": 3.04,
            "travelTimeStandardDeviation": 63.02,
            "sampleSize": 194,
            "normalizedSampleSize": 0.0853,
            "averageTravelTime": 128.7,
            "medianTravelTime": 126.11,
            "travelTimeRatio": 1.0,
            "speedPercentiles": [
              2, 2, 3, 3, 3, 3, 3, 3, 4, 4, 4, 4, 5, 6, 6, 6, 7, 9, 9
            ]
          }
        ]
      }
    },
    {
      "type": "Feature",
      "geometry": {
        "type": "LineString",
        "coordinates": [
          [-73.98244, 40.75664],
          [-73.9827, 40.75675]
        ]
      },
      "properties": {
        "segmentId": 368400001494653,
        "newSegmentId": "0000554e-3200-0400-0000-0000004cd33f",
        "speedLimit": 25,
        "frc": 6,
        "streetName": "W 45th St",
        "distance": 82.05,
        "segmentTimeResults": [
          {
            "timeSet": 2,
            "dateRange": 1,
            "harmonicAverageSpeed": 5.41,
            "medianSpeed": 9.94,
            "averageSpeed": 9.51,
            "standardDeviationSpeed": 5.65,
            "travelTimeStandardDeviation": 10.14,
            "sampleSize": 430,
            "normalizedSampleSize": 0.1891,
            "averageTravelTime": 10.34,
            "medianTravelTime": 5.63,
            "travelTimeRatio": 1.0,
            "speedPercentiles": [
              2, 2, 3, 3, 4, 5, 7, 8, 9, 10, 11, 11, 11, 12, 14, 14, 16, 17, 19
            ]
          }
        ]
      }
    },
    {
      "type": "Feature",
      "geometry": {
        "type": "LineString",
        "coordinates": [
          [-73.97947, 40.75541],
          [-73.98015, 40.75569]
        ]
      },
      "properties": {
        "segmentId": 368400001086550,
        "newSegmentId": "0000554e-3200-0400-0000-0000004cd340",
        "speedLimit": 25,
        "frc": 6,
        "streetName": "W 45th St",
        "distance": 214.17,
        "segmentTimeResults": [
          {
            "timeSet": 2,
            "dateRange": 1,
            "harmonicAverageSpeed": 5.28,
            "medianSpeed": 7.46,
            "averageSpeed": 8.39,
            "standardDeviationSpeed": 5.22,
            "travelTimeStandardDeviation": 23.1,
            "sampleSize": 449,
            "normalizedSampleSize": 0.1974,
            "averageTravelTime": 27.79,
            "medianTravelTime": 19.58,
            "travelTimeRatio": 1.0,
            "speedPercentiles": [
              2, 3, 3, 4, 4, 5, 5, 6, 7, 7, 8, 9, 10, 10, 11, 13, 15, 15, 15
            ]
          }
        ]
      }
    },
    {
      "type": "Feature",
      "geometry": {
        "type": "LineString",
        "coordinates": [
          [-73.98015, 40.75569],
          [-73.98244, 40.75664]
        ]
      },
      "properties": {
        "segmentId": 368400000979788,
        "newSegmentId": "0000554e-3200-0400-0000-0000004cd341",
        "speedLimit": 25,
        "frc": 6,
        "streetName": "W 45th St",
        "distance": 724.84,
        "segmentTimeResults": [
          {
            "timeSet": 2,
            "dateRange": 1,
            "harmonicAverageSpeed": 3.67,
            "medianSpeed": 4.1,
            "averageSpeed": 4.54,
            "standardDeviationSpeed": 2.36,
            "travelTimeStandardDeviation": 62.4,
            "sampleSize": 357,
            "normalizedSampleSize": 0.157,
            "averageTravelTime": 134.65,
            "medianTravelTime": 120.51,
            "travelTimeRatio": 1.0,
            "speedPercentiles": [
              2, 2, 3, 3, 3, 3, 3, 4, 4, 4, 4, 4, 5, 5, 5, 6, 6, 8, 10
            ]
          }
        ]
      }
    },
    {
      "type": "Feature",
      "geometry": {
        "type": "LineString",
        "coordinates": [
          [-73.98071, 40.76412],
          [-73.98097, 40.76423]
        ]
      },
      "properties": {
        "segmentId": 368400001305561,
        "newSegmentId": "0000554e-3200-0400-0000-0000004cd365",
        "speedLimit": 25,
        "frc": 6,
        "streetName": "W 55th St",
        "distance": 82.09,
        "segmentTimeResults": [
          {
            "timeSet": 2,
            "dateRange": 1,
            "harmonicAverageSpeed": 5.34,
            "medianSpeed": 9.94,
            "averageSpeed": 10.38,
            "standardDeviationSpeed": 6.4,
            "travelTimeStandardDeviation": 13.04,
            "sampleSize": 449,
            "normalizedSampleSize": 0.1974,
            "averageTravelTime": 10.52,
            "medianTravelTime": 5.63,
            "travelTimeRatio": 1.0,
            "speedPercentiles": [
              1, 2, 3, 4, 5, 6, 7, 9, 9, 10, 11, 12, 13, 14, 14, 16, 17, 17, 19
            ]
          }
        ]
      }
    },
    {
      "type": "Feature",
      "geometry": {
        "type": "LineString",
        "coordinates": [
          [-73.97694, 40.76421],
          [-73.9772, 40.76432]
        ]
      },
      "properties": {
        "segmentId": 368400001103731,
        "newSegmentId": "0000554e-3200-0400-0000-0000004cd37b",
        "speedLimit": 25,
        "frc": 4,
        "streetName": "W 57th St",
        "distance": 82.22,
        "segmentTimeResults": [
          {
            "timeSet": 2,
            "dateRange": 1,
            "harmonicAverageSpeed": 4.97,
            "medianSpeed": 9.94,
            "averageSpeed": 9.57,
            "standardDeviationSpeed": 6.09,
            "travelTimeStandardDeviation": 13.06,
            "sampleSize": 756,
            "normalizedSampleSize": 0.3325,
            "averageTravelTime": 11.3,
            "medianTravelTime": 5.64,
            "travelTimeRatio": 1.0,
            "speedPercentiles": [
              1, 2, 3, 3, 4, 5, 7, 8, 9, 10, 10, 11, 11, 12, 13, 14, 16, 17, 21
            ]
          }
        ]
      }
    },
    {
      "type": "Feature",
      "geometry": {
        "type": "LineString",
        "coordinates": [
          [-73.97396, 40.76297],
          [-73.97403, 40.763],
          [-73.97477, 40.76331]
        ]
      },
      "properties": {
        "segmentId": 368400000988122,
        "newSegmentId": "0000554e-3200-0400-0000-0000004cd37c",
        "speedLimit": 25,
        "frc": 4,
        "streetName": "W 57th St",
        "distance": 256.89,
        "segmentTimeResults": [
          {
            "timeSet": 2,
            "dateRange": 1,
            "harmonicAverageSpeed": 4.72,
            "medianSpeed": 6.84,
            "averageSpeed": 8.89,
            "standardDeviationSpeed": 6.84,
            "travelTimeStandardDeviation": 29.74,
            "sampleSize": 778,
            "normalizedSampleSize": 0.3421,
            "averageTravelTime": 36.89,
            "medianTravelTime": 25.63,
            "travelTimeRatio": 1.0,
            "speedPercentiles": [
              2, 2, 2, 3, 3, 4, 4, 5, 6, 7, 8, 9, 11, 12, 12, 16, 17, 17, 19
            ]
          }
        ]
      }
    },
    {
      "type": "Feature",
      "geometry": {
        "type": "LineString",
        "coordinates": [
          [-73.98832, 40.75662],
          [-73.98913, 40.75696],
          [-73.98942, 40.75708],
          [-73.98953, 40.75713],
          [-73.98963, 40.75717],
          [-73.98979, 40.75724]
        ]
      },
      "properties": {
        "segmentId": 368400000874993,
        "newSegmentId": "0000554e-3200-0400-0000-0000004cd483",
        "speedLimit": 25,
        "frc": 4,
        "streetName": "W 42nd St",
        "distance": 463.85,
        "segmentTimeResults": [
          {
            "timeSet": 2,
            "dateRange": 1,
            "harmonicAverageSpeed": 3.48,
            "medianSpeed": 3.6,
            "averageSpeed": 5.84,
            "standardDeviationSpeed": 4.23,
            "travelTimeStandardDeviation": 61.54,
            "sampleSize": 311,
            "normalizedSampleSize": 0.1368,
            "averageTravelTime": 90.38,
            "medianTravelTime": 87.75,
            "travelTimeRatio": 1.0,
            "speedPercentiles": [
              1, 2, 2, 2, 3, 3, 3, 3, 3, 4, 5, 6, 7, 8, 9, 9, 11, 12, 14
            ]
          }
        ]
      }
    },
    {
      "type": "Feature",
      "geometry": {
        "type": "LineString",
        "coordinates": [
          [-73.98445, 40.75588],
          [-73.98493, 40.75608],
          [-73.98563, 40.75637]
        ]
      },
      "properties": {
        "segmentId": 368400000984877,
        "newSegmentId": "0000554e-3200-0400-0000-0000004dc99a",
        "speedLimit": 25,
        "frc": 6,
        "streetName": "W 43rd St",
        "distance": 371.75,
        "segmentTimeResults": [
          {
            "timeSet": 2,
            "dateRange": 1,
            "harmonicAverageSpeed": 1.43,
            "medianSpeed": 1.37,
            "averageSpeed": 2.92,
            "standardDeviationSpeed": 4.91,
            "travelTimeStandardDeviation": 93.64,
            "sampleSize": 216,
            "normalizedSampleSize": 0.095,
            "averageTravelTime": 178.31,
            "medianTravelTime": 185.42,
            "travelTimeRatio": 1.0,
            "speedPercentiles": [
              1, 1, 1, 1, 1, 1, 1, 1, 1, 1, 1, 2, 2, 2, 2, 3, 5, 7, 10
            ]
          }
        ]
      }
    },
    {
      "type": "Feature",
      "geometry": {
        "type": "LineString",
        "coordinates": [
          [-73.98563, 40.75637],
          [-73.98614, 40.75658]
        ]
      },
      "properties": {
        "segmentId": 368400001375892,
        "newSegmentId": "0000554e-3200-0400-0000-0000004dc99b",
        "speedLimit": 25,
        "frc": 6,
        "streetName": "W 43rd St",
        "distance": 162.86,
        "segmentTimeResults": [
          {
            "timeSet": 2,
            "dateRange": 1,
            "harmonicAverageSpeed": 2.98,
            "medianSpeed": 7.46,
            "averageSpeed": 7.46,
            "standardDeviationSpeed": 6.84,
            "travelTimeStandardDeviation": 36.52,
            "sampleSize": 249,
            "normalizedSampleSize": 0.1095,
            "averageTravelTime": 37.27,
            "medianTravelTime": 14.89,
            "travelTimeRatio": 1.0,
            "speedPercentiles": [
              1, 1, 1, 1, 2, 2, 3, 4, 6, 7, 7, 7, 10, 11, 11, 11, 11, 13, 21
            ]
          }
        ]
      }
    },
    {
      "type": "Feature",
      "geometry": {
        "type": "LineString",
        "coordinates": [
          [-73.98132, 40.75864],
          [-73.98118, 40.75883]
        ]
      },
      "properties": {
        "segmentId": 368400001363749,
        "newSegmentId": "0000554e-3200-0400-0000-0000004e3794",
        "speedLimit": 25,
        "frc": 6,
        "streetName": "Avenue of the Americas",
        "distance": 80.84,
        "segmentTimeResults": [
          {
            "timeSet": 2,
            "dateRange": 1,
            "harmonicAverageSpeed": 4.91,
            "medianSpeed": 8.08,
            "averageSpeed": 9.2,
            "standardDeviationSpeed": 5.97,
            "travelTimeStandardDeviation": 13.74,
            "sampleSize": 1213,
            "normalizedSampleSize": 0.5334,
            "averageTravelTime": 11.28,
            "medianTravelTime": 6.82,
            "travelTimeRatio": 1.0,
            "speedPercentiles": [
              2, 2, 3, 4, 4, 5, 6, 6, 7, 8, 9, 11, 11, 12, 13, 14, 16, 17, 19
            ]
          }
        ]
      }
    },
    {
      "type": "Feature",
      "geometry": {
        "type": "LineString",
        "coordinates": [
          [-73.97623, 40.76568],
          [-73.97657, 40.76583],
          [-73.97677, 40.76591]
        ]
      },
      "properties": {
        "segmentId": 368400001132863,
        "newSegmentId": "0000554e-3200-0400-0000-0000004e4f33",
        "speedLimit": 25,
        "frc": 6,
        "streetName": "Central Park S",
        "distance": 169.69,
        "segmentTimeResults": [
          {
            "timeSet": 2,
            "dateRange": 1,
            "harmonicAverageSpeed": 12.37,
            "medianSpeed": 15.53,
            "averageSpeed": 15.78,
            "standardDeviationSpeed": 6.09,
            "travelTimeStandardDeviation": 7.58,
            "sampleSize": 1673,
            "normalizedSampleSize": 0.7357,
            "averageTravelTime": 9.36,
            "medianTravelTime": 7.45,
            "travelTimeRatio": 1.0,
            "speedPercentiles": [
              6, 7, 9, 11, 12, 13, 14, 15, 15, 16, 16, 17, 18, 19, 19, 21, 22,
              23, 26
            ]
          }
        ]
      }
    },
    {
      "type": "Feature",
      "geometry": {
        "type": "LineString",
        "coordinates": [
          [-73.97677, 40.76591],
          [-73.97908, 40.76689]
        ]
      },
      "properties": {
        "segmentId": 368400000892024,
        "newSegmentId": "0000554e-3200-0400-0000-0000004e4f34",
        "speedLimit": 25,
        "frc": 6,
        "streetName": "Central Park S",
        "distance": 733.53,
        "segmentTimeResults": [
          {
            "timeSet": 2,
            "dateRange": 1,
            "harmonicAverageSpeed": 7.52,
            "medianSpeed": 8.08,
            "averageSpeed": 10.69,
            "standardDeviationSpeed": 6.46,
            "travelTimeStandardDeviation": 41.66,
            "sampleSize": 1581,
            "normalizedSampleSize": 0.6953,
            "averageTravelTime": 66.74,
            "medianTravelTime": 61.91,
            "travelTimeRatio": 1.0,
            "speedPercentiles": [
              3, 4, 5, 5, 6, 6, 7, 7, 8, 8, 9, 9, 11, 12, 16, 18, 20, 21, 23
            ]
          }
        ]
      }
    },
    {
      "type": "Feature",
      "geometry": {
        "type": "LineString",
        "coordinates": [
          [-73.97813, 40.76304],
          [-73.97859, 40.76323]
        ]
      },
      "properties": {
        "segmentId": 368400001431620,
        "newSegmentId": "0000554e-3200-0400-0000-0000004e5cd3",
        "speedLimit": 25,
        "frc": 6,
        "streetName": "W 55th St",
        "distance": 146.36,
        "segmentTimeResults": [
          {
            "timeSet": 2,
            "dateRange": 1,
            "harmonicAverageSpeed": 6.34,
            "medianSpeed": 9.32,
            "averageSpeed": 9.82,
            "standardDeviationSpeed": 5.59,
            "travelTimeStandardDeviation": 18.23,
            "sampleSize": 456,
            "normalizedSampleSize": 0.2005,
            "averageTravelTime": 15.81,
            "medianTravelTime": 10.71,
            "travelTimeRatio": 1.0,
            "speedPercentiles": [
              2, 3, 4, 5, 5, 6, 7, 8, 9, 9, 10, 11, 11, 12, 13, 14, 15, 16, 21
            ]
          }
        ]
      }
    },
    {
      "type": "Feature",
      "geometry": {
        "type": "LineString",
        "coordinates": [
          [-73.97859, 40.76323],
          [-73.97925, 40.76351]
        ]
      },
      "properties": {
        "segmentId": 368400001134650,
        "newSegmentId": "0000554e-3200-0400-0000-0000004e5cd6",
        "speedLimit": 25,
        "frc": 6,
        "streetName": "W 55th St",
        "distance": 209.22,
        "segmentTimeResults": [
          {
            "timeSet": 2,
            "dateRange": 1,
            "harmonicAverageSpeed": 5.59,
            "medianSpeed": 8.08,
            "averageSpeed": 8.95,
            "standardDeviationSpeed": 5.78,
            "travelTimeStandardDeviation": 21.36,
            "sampleSize": 456,
            "normalizedSampleSize": 0.2005,
            "averageTravelTime": 25.57,
            "medianTravelTime": 17.66,
            "travelTimeRatio": 1.0,
            "speedPercentiles": [
              2, 3, 3, 4, 4, 5, 6, 6, 7, 8, 9, 9, 10, 11, 12, 14, 14, 16, 18
            ]
          }
        ]
      }
    },
    {
      "type": "Feature",
      "geometry": {
        "type": "LineString",
        "coordinates": [
          [-73.97366, 40.7646],
          [-73.97382, 40.76434]
        ]
      },
      "properties": {
        "segmentId": 368400001440248,
        "newSegmentId": "0000554e-3200-0400-0000-0000004e6499",
        "speedLimit": 25,
        "frc": 6,
        "streetName": "Grand Army Plz",
        "distance": 104.92,
        "segmentTimeResults": [
          {
            "timeSet": 2,
            "dateRange": 1,
            "harmonicAverageSpeed": 4.97,
            "medianSpeed": 9.32,
            "averageSpeed": 9.32,
            "standardDeviationSpeed": 4.85,
            "travelTimeStandardDeviation": 26.88,
            "sampleSize": 124,
            "normalizedSampleSize": 0.0545,
            "averageTravelTime": 14.4,
            "medianTravelTime": 7.68,
            "travelTimeRatio": 1.0,
            "speedPercentiles": [
              2, 3, 4, 4, 5, 7, 7, 7, 9, 9, 11, 11, 11, 11, 12, 14, 14, 15, 16
            ]
          }
        ]
      }
    },
    {
      "type": "Feature",
      "geometry": {
        "type": "LineString",
        "coordinates": [
          [-73.97382, 40.76434],
          [-73.97412, 40.7639]
        ]
      },
      "properties": {
        "segmentId": 368400001472799,
        "newSegmentId": "0000554e-3200-0400-0000-0000004e649a",
        "speedLimit": 25,
        "frc": 6,
        "streetName": "Grand Army Plz",
        "distance": 180.45,
        "segmentTimeResults": [
          {
            "timeSet": 2,
            "dateRange": 1,
            "harmonicAverageSpeed": 3.48,
            "medianSpeed": 5.41,
            "averageSpeed": 6.46,
            "standardDeviationSpeed": 4.47,
            "travelTimeStandardDeviation": 31.14,
            "sampleSize": 111,
            "normalizedSampleSize": 0.0488,
            "averageTravelTime": 35.31,
            "medianTravelTime": 22.78,
            "travelTimeRatio": 1.0,
            "speedPercentiles": [
              1, 1, 2, 2, 3, 3, 3, 4, 5, 5, 6, 7, 8, 9, 9, 11, 12, 12, 14
            ]
          }
        ]
      }
    },
    {
      "type": "Feature",
      "geometry": {
        "type": "LineString",
        "coordinates": [
          [-73.97596, 40.76557],
          [-73.97611, 40.76563],
          [-73.97623, 40.76568]
        ]
      },
      "properties": {
        "segmentId": 368400001132862,
        "newSegmentId": "0000554e-3200-0400-0000-0000004e64f2",
        "speedLimit": 25,
        "frc": 6,
        "streetName": "Central Park S",
        "distance": 85.2,
        "segmentTimeResults": [
          {
            "timeSet": 2,
            "dateRange": 1,
            "harmonicAverageSpeed": 6.4,
            "medianSpeed": 12.43,
            "averageSpeed": 12.74,
            "standardDeviationSpeed": 6.65,
            "travelTimeStandardDeviation": 13.68,
            "sampleSize": 934,
            "normalizedSampleSize": 0.4107,
            "averageTravelTime": 9.05,
            "medianTravelTime": 4.67,
            "travelTimeRatio": 1.0,
            "speedPercentiles": [
              1, 3, 5, 7, 8, 9, 11, 12, 12, 12, 14, 14, 16, 16, 17, 18, 19, 21,
              24
            ]
          }
        ]
      }
    },
    {
      "type": "Feature",
      "geometry": {
        "type": "LineString",
        "coordinates": [
          [-73.9824, 40.75412],
          [-73.98246, 40.75414]
        ]
      },
      "properties": {
        "segmentId": 368400001353747,
        "newSegmentId": "0000554e-3200-0400-0000-0000004e65da",
        "speedLimit": 25,
        "frc": 4,
        "streetName": "W 42nd St",
        "distance": 17.95,
        "segmentTimeResults": [
          {
            "timeSet": 2,
            "dateRange": 1,
            "harmonicAverageSpeed": 11.81,
            "medianSpeed": 18.02,
            "averageSpeed": 17.34,
            "standardDeviationSpeed": 7.58,
            "travelTimeStandardDeviation": 1.38,
            "sampleSize": 674,
            "normalizedSampleSize": 0.2964,
            "averageTravelTime": 1.04,
            "medianTravelTime": 0.68,
            "travelTimeRatio": 1.0,
            "speedPercentiles": [
              5, 6, 8, 10, 12, 14, 16, 17, 17, 18, 19, 20, 21, 21, 22, 23, 24,
              25, 28
            ]
          }
        ]
      }
    },
    {
      "type": "Feature",
      "geometry": {
        "type": "LineString",
        "coordinates": [
          [-73.98246, 40.75414],
          [-73.98265, 40.75422],
          [-73.98328, 40.75448]
        ]
      },
      "properties": {
        "segmentId": 368400001336197,
        "newSegmentId": "0000554e-3200-0400-0000-0000004e65e7",
        "speedLimit": 25,
        "frc": 4,
        "streetName": "W 42nd St",
        "distance": 261.38,
        "segmentTimeResults": [
          {
            "timeSet": 2,
            "dateRange": 1,
            "harmonicAverageSpeed": 7.39,
            "medianSpeed": 11.81,
            "averageSpeed": 12.37,
            "standardDeviationSpeed": 7.08,
            "travelTimeStandardDeviation": 23.22,
            "sampleSize": 622,
            "normalizedSampleSize": 0.2735,
            "averageTravelTime": 24.14,
            "medianTravelTime": 15.1,
            "travelTimeRatio": 1.0,
            "speedPercentiles": [
              3, 3, 4, 5, 6, 7, 8, 9, 11, 12, 13, 15, 16, 17, 18, 19, 19, 21, 24
            ]
          }
        ]
      }
    },
    {
      "type": "Feature",
      "geometry": {
        "type": "LineString",
        "coordinates": [
          [-73.98328, 40.75448],
          [-73.98334, 40.75451]
        ]
      },
      "properties": {
        "segmentId": 368400001144874,
        "newSegmentId": "0000554e-3200-0400-0000-0000004e65e8",
        "speedLimit": 25,
        "frc": 4,
        "streetName": "W 42nd St",
        "distance": 19.72,
        "segmentTimeResults": [
          {
            "timeSet": 2,
            "dateRange": 1,
            "harmonicAverageSpeed": 4.54,
            "medianSpeed": 9.32,
            "averageSpeed": 10.63,
            "standardDeviationSpeed": 7.58,
            "travelTimeStandardDeviation": 4.34,
            "sampleSize": 655,
            "normalizedSampleSize": 0.288,
            "averageTravelTime": 2.95,
            "medianTravelTime": 1.44,
            "travelTimeRatio": 1.0,
            "speedPercentiles": [
              1, 2, 3, 3, 5, 5, 6, 7, 8, 9, 11, 12, 13, 14, 16, 17, 19, 21, 24
            ]
          }
        ]
      }
    },
    {
      "type": "Feature",
      "geometry": {
        "type": "LineString",
        "coordinates": [
          [-73.98656, 40.76166],
          [-73.988, 40.76227]
        ]
      },
      "properties": {
        "segmentId": 368400000840728,
        "newSegmentId": "0000554e-3200-0400-0000-0000004e67af",
        "speedLimit": 25,
        "frc": 6,
        "streetName": "W 49th St",
        "distance": 456.04,
        "segmentTimeResults": [
          {
            "timeSet": 2,
            "dateRange": 1,
            "harmonicAverageSpeed": 9.69,
            "medianSpeed": 14.91,
            "averageSpeed": 13.92,
            "standardDeviationSpeed": 5.9,
            "travelTimeStandardDeviation": 34.06,
            "sampleSize": 103,
            "normalizedSampleSize": 0.0453,
            "averageTravelTime": 32.01,
            "medianTravelTime": 20.85,
            "travelTimeRatio": 1.0,
            "speedPercentiles": [
              4, 5, 7, 9, 11, 11, 12, 12, 13, 15, 16, 16, 16, 17, 19, 19, 20,
              21, 21
            ]
          }
        ]
      }
    },
    {
      "type": "Feature",
      "geometry": {
        "type": "LineString",
        "coordinates": [
          [-73.97582, 40.7604],
          [-73.97739, 40.76107],
          [-73.97824, 40.76144]
        ]
      },
      "properties": {
        "segmentId": 368400001053466,
        "newSegmentId": "0000554e-3200-0400-0000-0000004e67b9",
        "speedLimit": 25,
        "frc": 6,
        "streetName": "W 53rd St",
        "distance": 771.06,
        "segmentTimeResults": [
          {
            "timeSet": 2,
            "dateRange": 1,
            "harmonicAverageSpeed": 3.42,
            "medianSpeed": 3.67,
            "averageSpeed": 4.41,
            "standardDeviationSpeed": 2.98,
            "travelTimeStandardDeviation": 67.92,
            "sampleSize": 364,
            "normalizedSampleSize": 0.1601,
            "averageTravelTime": 152.73,
            "medianTravelTime": 143.4,
            "travelTimeRatio": 1.0,
            "speedPercentiles": [
              2, 2, 2, 2, 3, 3, 3, 3, 3, 4, 4, 4, 4, 5, 5, 6, 6, 7, 10
            ]
          }
        ]
      }
    },
    {
      "type": "Feature",
      "geometry": {
        "type": "LineString",
        "coordinates": [
          [-73.98118, 40.75883],
          [-73.98101, 40.75907]
        ]
      },
      "properties": {
        "segmentId": 368400001110728,
        "newSegmentId": "0000554e-3200-0400-0000-0000004e6855",
        "speedLimit": 25,
        "frc": 6,
        "streetName": "Avenue of the Americas",
        "distance": 98.23,
        "segmentTimeResults": [
          {
            "timeSet": 2,
            "dateRange": 1,
            "harmonicAverageSpeed": 2.98,
            "medianSpeed": 5.78,
            "averageSpeed": 7.27,
            "standardDeviationSpeed": 5.97,
            "travelTimeStandardDeviation": 22.48,
            "sampleSize": 1203,
            "normalizedSampleSize": 0.529,
            "averageTravelTime": 22.58,
            "medianTravelTime": 11.59,
            "travelTimeRatio": 1.0,
            "speedPercentiles": [
              1, 1, 1, 1, 2, 3, 3, 4, 5, 6, 7, 8, 9, 11, 11, 12, 14, 16, 18
            ]
          }
        ]
      }
    },
    {
      "type": "Feature",
      "geometry": {
        "type": "LineString",
        "coordinates": [
          [-73.98101, 40.75907],
          [-73.98087, 40.75927]
        ]
      },
      "properties": {
        "segmentId": 368400000978491,
        "newSegmentId": "0000554e-3200-0400-0000-0000004e6856",
        "speedLimit": 25,
        "frc": 6,
        "streetName": "Avenue of the Americas",
        "distance": 84.15,
        "segmentTimeResults": [
          {
            "timeSet": 2,
            "dateRange": 1,
            "harmonicAverageSpeed": 2.67,
            "medianSpeed": 4.85,
            "averageSpeed": 6.34,
            "standardDeviationSpeed": 5.22,
            "travelTimeStandardDeviation": 22.72,
            "sampleSize": 1216,
            "normalizedSampleSize": 0.5347,
            "averageTravelTime": 21.38,
            "medianTravelTime": 11.84,
            "travelTimeRatio": 1.0,
            "speedPercentiles": [
              1, 1, 1, 1, 2, 3, 3, 4, 4, 5, 6, 6, 7, 9, 9, 11, 12, 14, 16
            ]
          }
        ]
      }
    },
    {
      "type": "Feature",
      "geometry": {
        "type": "LineString",
        "coordinates": [
          [-73.98178, 40.76626],
          [-73.98188, 40.7663]
        ]
      },
      "properties": {
        "segmentId": 368400001241496,
        "newSegmentId": "0000554e-3200-0400-0000-0000004e879a",
        "speedLimit": 25,
        "frc": 4,
        "streetName": "W 57th St",
        "distance": 30.35,
        "segmentTimeResults": [
          {
            "timeSet": 2,
            "dateRange": 1,
            "harmonicAverageSpeed": 6.09,
            "medianSpeed": 13.05,
            "averageSpeed": 12.92,
            "standardDeviationSpeed": 7.46,
            "travelTimeStandardDeviation": 6.16,
            "sampleSize": 542,
            "normalizedSampleSize": 0.2383,
            "averageTravelTime": 3.4,
            "medianTravelTime": 1.59,
            "travelTimeRatio": 1.0,
            "speedPercentiles": [
              2, 3, 4, 5, 6, 9, 10, 12, 12, 13, 14, 15, 16, 17, 17, 19, 21, 22,
              25
            ]
          }
        ]
      }
    },
    {
      "type": "Feature",
      "geometry": {
        "type": "LineString",
        "coordinates": [
          [-73.98176, 40.76766],
          [-73.98166, 40.76768],
          [-73.98157, 40.76771]
        ]
      },
      "properties": {
        "segmentId": 368400001412120,
        "newSegmentId": "0000554e-3200-0400-0000-0000004e879e",
        "speedLimit": 25,
        "frc": 4,
        "streetName": "Columbus Cir",
        "distance": 56.23,
        "segmentTimeResults": [
          {
            "timeSet": 2,
            "dateRange": 1,
            "harmonicAverageSpeed": 7.71,
            "medianSpeed": 14.91,
            "averageSpeed": 14.29,
            "standardDeviationSpeed": 6.71,
            "travelTimeStandardDeviation": 7.51,
            "sampleSize": 1465,
            "normalizedSampleSize": 0.6442,
            "averageTravelTime": 4.97,
            "medianTravelTime": 2.57,
            "travelTimeRatio": 1.0,
            "speedPercentiles": [
              2, 4, 7, 8, 10, 11, 12, 13, 14, 15, 16, 16, 17, 18, 19, 20, 21,
              22, 24
            ]
          }
        ]
      }
    },
    {
      "type": "Feature",
      "geometry": {
        "type": "LineString",
        "coordinates": [
          [-73.98157, 40.76771],
          [-73.98149, 40.76778],
          [-73.98145, 40.76783]
        ]
      },
      "properties": {
        "segmentId": 368400001335192,
        "newSegmentId": "0000554e-3200-0400-0000-0000004e879f",
        "speedLimit": 25,
        "frc": 4,
        "streetName": "Columbus Cir",
        "distance": 54.63,
        "segmentTimeResults": [
          {
            "timeSet": 2,
            "dateRange": 1,
            "harmonicAverageSpeed": 6.65,
            "medianSpeed": 14.91,
            "averageSpeed": 13.92,
            "standardDeviationSpeed": 7.15,
            "travelTimeStandardDeviation": 8.22,
            "sampleSize": 1466,
            "normalizedSampleSize": 0.6447,
            "averageTravelTime": 5.58,
            "medianTravelTime": 2.5,
            "travelTimeRatio": 1.0,
            "speedPercentiles": [
              1, 3, 6, 7, 9, 10, 12, 13, 14, 15, 16, 16, 17, 18, 19, 20, 21, 22,
              25
            ]
          }
        ]
      }
    },
    {
      "type": "Feature",
      "geometry": {
        "type": "LineString",
        "coordinates": [
          [-73.98094, 40.76257],
          [-73.98189, 40.76297]
        ]
      },
      "properties": {
        "segmentId": 368400001097921,
        "newSegmentId": "0000554e-3200-0400-0000-0000004e9ee4",
        "speedLimit": 25,
        "frc": 6,
        "streetName": "W 53rd St",
        "distance": 301.64,
        "segmentTimeResults": [
          {
            "timeSet": 2,
            "dateRange": 1,
            "harmonicAverageSpeed": 2.42,
            "medianSpeed": 2.42,
            "averageSpeed": 3.29,
            "standardDeviationSpeed": 2.86,
            "travelTimeStandardDeviation": 38.68,
            "sampleSize": 245,
            "normalizedSampleSize": 0.1077,
            "averageTravelTime": 85.33,
            "medianTravelTime": 84.87,
            "travelTimeRatio": 1.0,
            "speedPercentiles": [
              1, 2, 2, 2, 2, 2, 2, 2, 2, 2, 3, 3, 3, 3, 3, 4, 5, 6, 8
            ]
          }
        ]
      }
    },
    {
      "type": "Feature",
      "geometry": {
        "type": "LineString",
        "coordinates": [
          [-73.98265, 40.76003],
          [-73.98369, 40.76047]
        ]
      },
      "properties": {
        "segmentId": 368400001075046,
        "newSegmentId": "0000554e-3200-0400-0000-0000004e9ef9",
        "speedLimit": 25,
        "frc": 6,
        "streetName": "W 49th St",
        "distance": 329.13,
        "segmentTimeResults": [
          {
            "timeSet": 2,
            "dateRange": 1,
            "harmonicAverageSpeed": 1.37,
            "medianSpeed": 1.37,
            "averageSpeed": 1.86,
            "standardDeviationSpeed": 1.43,
            "travelTimeStandardDeviation": 69.7,
            "sampleSize": 315,
            "normalizedSampleSize": 0.1385,
            "averageTravelTime": 160.9,
            "medianTravelTime": 164.16,
            "travelTimeRatio": 1.0,
            "speedPercentiles": [
              1, 1, 1, 1, 1, 1, 1, 1, 1, 1, 1, 2, 2, 2, 2, 2, 3, 3, 4
            ]
          }
        ]
      }
    },
    {
      "type": "Feature",
      "geometry": {
        "type": "LineString",
        "coordinates": [
          [-73.97489, 40.76166],
          [-73.97605, 40.76215],
          [-73.97733, 40.76269]
        ]
      },
      "properties": {
        "segmentId": 368400000973442,
        "newSegmentId": "0000554e-3200-0400-0000-0000004ec27c",
        "speedLimit": 25,
        "frc": 6,
        "streetName": "W 55th St",
        "distance": 774.05,
        "segmentTimeResults": [
          {
            "timeSet": 2,
            "dateRange": 1,
            "harmonicAverageSpeed": 3.79,
            "medianSpeed": 3.91,
            "averageSpeed": 5.28,
            "standardDeviationSpeed": 3.42,
            "travelTimeStandardDeviation": 72.23,
            "sampleSize": 322,
            "normalizedSampleSize": 0.1416,
            "averageTravelTime": 139.85,
            "medianTravelTime": 134.82,
            "travelTimeRatio": 1.0,
            "speedPercentiles": [
              2, 2, 2, 2, 3, 3, 3, 4, 4, 4, 4, 5, 6, 6, 7, 9, 9, 11, 12
            ]
          }
        ]
      }
    },
    {
      "type": "Feature",
      "geometry": {
        "type": "LineString",
        "coordinates": [
          [-73.97733, 40.76269],
          [-73.97787, 40.76292],
          [-73.97804, 40.76299],
          [-73.97813, 40.76304]
        ]
      },
      "properties": {
        "segmentId": 368400001266328,
        "newSegmentId": "0000554e-3200-0400-0000-0000004ec27d",
        "speedLimit": 25,
        "frc": 6,
        "streetName": "W 55th St",
        "distance": 253.77,
        "segmentTimeResults": [
          {
            "timeSet": 2,
            "dateRange": 1,
            "harmonicAverageSpeed": 3.91,
            "medianSpeed": 3.73,
            "averageSpeed": 6.46,
            "standardDeviationSpeed": 4.97,
            "travelTimeStandardDeviation": 27.23,
            "sampleSize": 358,
            "normalizedSampleSize": 0.1574,
            "averageTravelTime": 44.45,
            "medianTravelTime": 46.41,
            "travelTimeRatio": 1.0,
            "speedPercentiles": [
              2, 2, 2, 2, 3, 3, 3, 3, 3, 4, 4, 5, 7, 9, 11, 12, 13, 14, 16
            ]
          }
        ]
      }
    },
    {
      "type": "Feature",
      "geometry": {
        "type": "LineString",
        "coordinates": [
          [-73.97799, 40.75969],
          [-73.97901, 40.76012]
        ]
      },
      "properties": {
        "segmentId": 368400000978829,
        "newSegmentId": "0000554e-3200-0400-0000-0000004eda41",
        "speedLimit": 25,
        "frc": 6,
        "streetName": "W 51st St",
        "distance": 323.33,
        "segmentTimeResults": [
          {
            "timeSet": 2,
            "dateRange": 1,
            "harmonicAverageSpeed": 3.85,
            "medianSpeed": 4.23,
            "averageSpeed": 5.47,
            "standardDeviationSpeed": 3.85,
            "travelTimeStandardDeviation": 32.68,
            "sampleSize": 459,
            "normalizedSampleSize": 0.2018,
            "averageTravelTime": 57.24,
            "medianTravelTime": 52.17,
            "travelTimeRatio": 1.0,
            "speedPercentiles": [
              2, 2, 2, 3, 3, 3, 3, 4, 4, 4, 5, 5, 5, 6, 7, 7, 9, 10, 14
            ]
          }
        ]
      }
    },
    {
      "type": "Feature",
      "geometry": {
        "type": "LineString",
        "coordinates": [
          [-73.97901, 40.76012],
          [-73.97997, 40.76052]
        ]
      },
      "properties": {
        "segmentId": 368400001347109,
        "newSegmentId": "0000554e-3200-0400-0000-0000004eda42",
        "speedLimit": 25,
        "frc": 6,
        "streetName": "W 51st St",
        "distance": 302.95,
        "segmentTimeResults": [
          {
            "timeSet": 2,
            "dateRange": 1,
            "harmonicAverageSpeed": 3.42,
            "medianSpeed": 3.48,
            "averageSpeed": 5.03,
            "standardDeviationSpeed": 3.98,
            "travelTimeStandardDeviation": 33.47,
            "sampleSize": 444,
            "normalizedSampleSize": 0.1953,
            "averageTravelTime": 60.81,
            "medianTravelTime": 59.36,
            "travelTimeRatio": 1.0,
            "speedPercentiles": [
              2, 2, 2, 2, 3, 3, 3, 3, 3, 3, 4, 4, 5, 6, 6, 7, 9, 11, 13
            ]
          }
        ]
      }
    },
    {
      "type": "Feature",
      "geometry": {
        "type": "LineString",
        "coordinates": [
          [-73.97383, 40.76468],
          [-73.9739, 40.76471],
          [-73.97449, 40.76496],
          [-73.97574, 40.76548]
        ]
      },
      "properties": {
        "segmentId": 368400001073004,
        "newSegmentId": "0000554e-3200-0400-0000-0000004edc99",
        "speedLimit": 25,
        "frc": 6,
        "streetName": "Central Park S",
        "distance": 604.69,
        "segmentTimeResults": [
          {
            "timeSet": 2,
            "dateRange": 1,
            "harmonicAverageSpeed": 8.82,
            "medianSpeed": 10.56,
            "averageSpeed": 10.81,
            "standardDeviationSpeed": 4.66,
            "travelTimeStandardDeviation": 24.83,
            "sampleSize": 868,
            "normalizedSampleSize": 0.3817,
            "averageTravelTime": 46.84,
            "medianTravelTime": 39.03,
            "travelTimeRatio": 1.0,
            "speedPercentiles": [
              4, 5, 7, 7, 8, 9, 9, 9, 10, 11, 11, 11, 11, 12, 12, 14, 16, 17, 21
            ]
          }
        ]
      }
    },
    {
      "type": "Feature",
      "geometry": {
        "type": "LineString",
        "coordinates": [
          [-73.97574, 40.76548],
          [-73.97596, 40.76557]
        ]
      },
      "properties": {
        "segmentId": 368400001132861,
        "newSegmentId": "0000554e-3200-0400-0000-0000004edc9a",
        "speedLimit": 25,
        "frc": 6,
        "streetName": "Central Park S",
        "distance": 71.16,
        "segmentTimeResults": [
          {
            "timeSet": 2,
            "dateRange": 1,
            "harmonicAverageSpeed": 5.16,
            "medianSpeed": 9.94,
            "averageSpeed": 11.06,
            "standardDeviationSpeed": 6.34,
            "travelTimeStandardDeviation": 13.68,
            "sampleSize": 914,
            "normalizedSampleSize": 0.4019,
            "averageTravelTime": 9.4,
            "medianTravelTime": 4.88,
            "travelTimeRatio": 1.0,
            "speedPercentiles": [
              1, 2, 3, 5, 6, 8, 9, 10, 10, 10, 11, 12, 14, 15, 16, 17, 18, 19,
              22
            ]
          }
        ]
      }
    },
    {
      "type": "Feature",
      "geometry": {
        "type": "LineString",
        "coordinates": [
          [-73.98164, 40.76123],
          [-73.98222, 40.76148]
        ]
      },
      "properties": {
        "segmentId": 368400000880922,
        "newSegmentId": "0000554e-3200-0400-0000-0000004ee2aa",
        "speedLimit": 25,
        "frc": 6,
        "streetName": "W 51st St",
        "distance": 185.96,
        "segmentTimeResults": [
          {
            "timeSet": 2,
            "dateRange": 1,
            "harmonicAverageSpeed": 2.67,
            "medianSpeed": 2.8,
            "averageSpeed": 4.1,
            "standardDeviationSpeed": 3.23,
            "travelTimeStandardDeviation": 26.06,
            "sampleSize": 397,
            "normalizedSampleSize": 0.1746,
            "averageTravelTime": 47.09,
            "medianTravelTime": 45.34,
            "travelTimeRatio": 1.0,
            "speedPercentiles": [
              1, 2, 2, 2, 2, 2, 2, 2, 3, 3, 3, 3, 4, 4, 5, 6, 7, 9, 11
            ]
          }
        ]
      }
    },
    {
      "type": "Feature",
      "geometry": {
        "type": "LineString",
        "coordinates": [
          [-73.98222, 40.76148],
          [-73.9828, 40.76172]
        ]
      },
      "properties": {
        "segmentId": 368400001062106,
        "newSegmentId": "0000554e-3200-0400-0000-0000004ee2ab",
        "speedLimit": 25,
        "frc": 6,
        "streetName": "W 51st St",
        "distance": 182.02,
        "segmentTimeResults": [
          {
            "timeSet": 2,
            "dateRange": 1,
            "harmonicAverageSpeed": 2.49,
            "medianSpeed": 2.36,
            "averageSpeed": 5.28,
            "standardDeviationSpeed": 5.28,
            "travelTimeStandardDeviation": 35.65,
            "sampleSize": 379,
            "normalizedSampleSize": 0.1667,
            "averageTravelTime": 50.55,
            "medianTravelTime": 52.56,
            "travelTimeRatio": 1.0,
            "speedPercentiles": [
              1, 1, 2, 2, 2, 2, 2, 2, 2, 2, 3, 4, 4, 6, 9, 11, 12, 14, 17
            ]
          }
        ]
      }
    },
    {
      "type": "Feature",
      "geometry": {
        "type": "LineString",
        "coordinates": [
          [-73.97997, 40.76052],
          [-73.98133, 40.7611]
        ]
      },
      "properties": {
        "segmentId": 368400001419865,
        "newSegmentId": "0000554e-3200-0400-0000-0000004ee5ac",
        "speedLimit": 25,
        "frc": 6,
        "streetName": "W 51st St",
        "distance": 431.4,
        "segmentTimeResults": [
          {
            "timeSet": 2,
            "dateRange": 1,
            "harmonicAverageSpeed": 3.11,
            "medianSpeed": 3.48,
            "averageSpeed": 4.97,
            "standardDeviationSpeed": 3.98,
            "travelTimeStandardDeviation": 57.13,
            "sampleSize": 383,
            "normalizedSampleSize": 0.1684,
            "averageTravelTime": 95.03,
            "medianTravelTime": 84.53,
            "travelTimeRatio": 1.0,
            "speedPercentiles": [
              1, 2, 2, 2, 2, 2, 3, 3, 3, 3, 4, 4, 5, 6, 7, 7, 10, 11, 14
            ]
          }
        ]
      }
    },
    {
      "type": "Feature",
      "geometry": {
        "type": "LineString",
        "coordinates": [
          [-73.98133, 40.7611],
          [-73.98164, 40.76123]
        ]
      },
      "properties": {
        "segmentId": 368400001348157,
        "newSegmentId": "0000554e-3200-0400-0000-0000004ee5ad",
        "speedLimit": 25,
        "frc": 6,
        "streetName": "W 51st St",
        "distance": 97.87,
        "segmentTimeResults": [
          {
            "timeSet": 2,
            "dateRange": 1,
            "harmonicAverageSpeed": 5.53,
            "medianSpeed": 9.94,
            "averageSpeed": 9.44,
            "standardDeviationSpeed": 5.22,
            "travelTimeStandardDeviation": 11.22,
            "sampleSize": 405,
            "normalizedSampleSize": 0.1781,
            "averageTravelTime": 12.03,
            "medianTravelTime": 6.71,
            "travelTimeRatio": 1.0,
            "speedPercentiles": [
              2, 2, 3, 3, 4, 5, 7, 8, 9, 10, 11, 12, 12, 13, 14, 14, 15, 16, 17
            ]
          }
        ]
      }
    },
    {
      "type": "Feature",
      "geometry": {
        "type": "LineString",
        "coordinates": [
          [-73.98565, 40.76291],
          [-73.98718, 40.76356]
        ]
      },
      "properties": {
        "segmentId": 368400001761448,
        "newSegmentId": "810934b9-f3dd-4f38-843d-b75c79ec5c16",
        "speedLimit": 25,
        "frc": 6,
        "streetName": "W 51st St",
        "distance": 484.12,
        "segmentTimeResults": [
          {
            "timeSet": 2,
            "dateRange": 1,
            "harmonicAverageSpeed": 12.49,
            "medianSpeed": 16.16,
            "averageSpeed": 15.66,
            "standardDeviationSpeed": 5.34,
            "travelTimeStandardDeviation": 21.84,
            "sampleSize": 260,
            "normalizedSampleSize": 0.1143,
            "averageTravelTime": 26.48,
            "medianTravelTime": 20.43,
            "travelTimeRatio": 1.0,
            "speedPercentiles": [
              5, 7, 9, 11, 12, 14, 14, 16, 16, 16, 17, 18, 18, 19, 19, 20, 21,
              22, 23
            ]
          }
        ]
      }
    },
    {
      "type": "Feature",
      "geometry": {
        "type": "LineString",
        "coordinates": [
          [-73.99063, 40.75739],
          [-73.99047, 40.7573]
        ]
      },
      "properties": {
        "segmentId": 368400002054660,
        "newSegmentId": "819e63af-b011-461c-948b-e9b80edf1d44",
        "speedLimit": 12,
        "frc": 7,
        "distance": 54.92,
        "segmentTimeResults": [
          {
            "timeSet": 2,
            "dateRange": 1,
            "harmonicAverageSpeed": 0.0,
            "medianSpeed": 0.0,
            "averageSpeed": 0.0,
            "sampleSize": 0,
            "normalizedSampleSize": 0.0,
            "averageTravelTime": 0.0,
            "medianTravelTime": 0.0,
            "travelTimeRatio": 0.0,
            "speedPercentiles": [
              0, 0, 0, 0, 0, 0, 0, 0, 0, 0, 0, 0, 0, 0, 0, 0, 0, 0, 0
            ]
          }
        ]
      }
    },
    {
      "type": "Feature",
      "geometry": {
        "type": "LineString",
        "coordinates": [
          [-73.98423, 40.76559],
          [-73.9844, 40.76566],
          [-73.98534, 40.76606],
          [-73.98562, 40.76618]
        ]
      },
      "properties": {
        "segmentId": 368400002298007,
        "newSegmentId": "84730454-01c2-43c7-899f-0a88b0d892b3",
        "speedLimit": 25,
        "frc": 6,
        "streetName": "W 55th St",
        "distance": 441.57,
        "segmentTimeResults": [
          {
            "timeSet": 2,
            "dateRange": 1,
            "harmonicAverageSpeed": 13.42,
            "medianSpeed": 15.53,
            "averageSpeed": 15.72,
            "standardDeviationSpeed": 5.34,
            "travelTimeStandardDeviation": 11.94,
            "sampleSize": 291,
            "normalizedSampleSize": 0.128,
            "averageTravelTime": 22.4,
            "medianTravelTime": 19.38,
            "travelTimeRatio": 1.0,
            "speedPercentiles": [
              7, 9, 10, 12, 12, 12, 14, 14, 15, 16, 17, 18, 18, 19, 19, 21, 21,
              22, 24
            ]
          }
        ]
      }
    },
    {
      "type": "Feature",
      "geometry": {
        "type": "LineString",
        "coordinates": [
          [-73.98931, 40.75792],
          [-73.99018, 40.75828]
        ]
      },
      "properties": {
        "segmentId": 368400001760698,
        "newSegmentId": "87671223-c881-45d7-9ffc-dcb95dd2aad3",
        "speedLimit": 25,
        "frc": 6,
        "streetName": "W 43rd St",
        "distance": 273.69,
        "segmentTimeResults": [
          {
            "timeSet": 2,
            "dateRange": 1,
            "harmonicAverageSpeed": 10.81,
            "medianSpeed": 14.29,
            "averageSpeed": 14.6,
            "standardDeviationSpeed": 5.72,
            "travelTimeStandardDeviation": 18.59,
            "sampleSize": 307,
            "normalizedSampleSize": 0.135,
            "averageTravelTime": 17.29,
            "medianTravelTime": 13.06,
            "travelTimeRatio": 1.0,
            "speedPercentiles": [
              5, 7, 9, 10, 11, 12, 12, 13, 14, 14, 16, 16, 17, 17, 18, 19, 21,
              22, 24
            ]
          }
        ]
      }
    },
    {
      "type": "Feature",
      "geometry": {
        "type": "LineString",
        "coordinates": [
          [-73.98761, 40.76046],
          [-73.98848, 40.76083]
        ]
      },
      "properties": {
        "segmentId": 368400002020987,
        "newSegmentId": "8895430b-5f62-432f-8c25-582a92e00578",
        "speedLimit": 25,
        "frc": 6,
        "streetName": "W 47th St",
        "distance": 278.35,
        "segmentTimeResults": [
          {
            "timeSet": 2,
            "dateRange": 1,
            "harmonicAverageSpeed": 12.3,
            "medianSpeed": 15.53,
            "averageSpeed": 15.22,
            "standardDeviationSpeed": 5.16,
            "travelTimeStandardDeviation": 10.99,
            "sampleSize": 350,
            "normalizedSampleSize": 0.1539,
            "averageTravelTime": 15.41,
            "medianTravelTime": 12.22,
            "travelTimeRatio": 1.0,
            "speedPercentiles": [
              5, 7, 9, 11, 12, 14, 14, 14, 15, 16, 16, 17, 17, 19, 19, 20, 21,
              21, 22
            ]
          }
        ]
      }
    },
    {
      "type": "Feature",
      "geometry": {
        "type": "LineString",
        "coordinates": [
          [-73.97881, 40.76168],
          [-73.97871, 40.76183]
        ]
      },
      "properties": {
        "segmentId": 368400002090382,
        "newSegmentId": "88f555d6-fd89-46fd-b59d-b03ce685553a",
        "speedLimit": 11,
        "frc": 7,
        "distance": 60.53,
        "segmentTimeResults": [
          {
            "timeSet": 2,
            "dateRange": 1,
            "harmonicAverageSpeed": 2.05,
            "medianSpeed": 4.91,
            "averageSpeed": 7.46,
            "standardDeviationSpeed": 8.14,
            "travelTimeStandardDeviation": 43.17,
            "sampleSize": 32,
            "normalizedSampleSize": 0.0141,
            "averageTravelTime": 20.02,
            "medianTravelTime": 8.41,
            "travelTimeRatio": 1.0,
            "speedPercentiles": [
              1, 1, 1, 2, 2, 3, 3, 3, 4, 5, 5, 6, 8, 9, 9, 12, 14, 15, 20
            ]
          }
        ]
      }
    },
    {
      "type": "Feature",
      "geometry": {
        "type": "LineString",
        "coordinates": [
          [-73.97477, 40.76331],
          [-73.9754, 40.76357],
          [-73.9767, 40.76411]
        ]
      },
      "properties": {
        "segmentId": 368400002054451,
        "newSegmentId": "8938bb1e-19a8-47e4-a33d-4dbb3fd6c839",
        "speedLimit": 25,
        "frc": 4,
        "streetName": "W 57th St",
        "distance": 608.4,
        "segmentTimeResults": [
          {
            "timeSet": 2,
            "dateRange": 1,
            "harmonicAverageSpeed": 2.49,
            "medianSpeed": 2.49,
            "averageSpeed": 3.23,
            "standardDeviationSpeed": 2.36,
            "travelTimeStandardDeviation": 68.24,
            "sampleSize": 677,
            "normalizedSampleSize": 0.2977,
            "averageTravelTime": 166.14,
            "medianTravelTime": 166.9,
            "travelTimeRatio": 1.0,
            "speedPercentiles": [
              2, 2, 2, 2, 2, 2, 2, 2, 2, 2, 3, 3, 3, 3, 3, 4, 5, 6, 7
            ]
          }
        ]
      }
    },
    {
      "type": "Feature",
      "geometry": {
        "type": "LineString",
        "coordinates": [
          [-73.97716, 40.76342],
          [-73.9767, 40.76411]
        ]
      },
      "properties": {
        "segmentId": 368400002055947,
        "newSegmentId": "8eeb44ec-ab6b-489e-82aa-35e78f10297b",
        "speedLimit": 11,
        "frc": 7,
        "distance": 281.63,
        "segmentTimeResults": [
          {
            "timeSet": 2,
            "dateRange": 1,
            "harmonicAverageSpeed": 6.59,
            "medianSpeed": 8.7,
            "averageSpeed": 10.69,
            "standardDeviationSpeed": 7.02,
            "travelTimeStandardDeviation": 23.39,
            "sampleSize": 21,
            "normalizedSampleSize": 0.0092,
            "averageTravelTime": 29.16,
            "medianTravelTime": 22.07,
            "travelTimeRatio": 1.0,
            "speedPercentiles": [
              2, 4, 4, 5, 6, 6, 6, 8, 9, 9, 9, 11, 12, 12, 16, 17, 18, 19, 24
            ]
          }
        ]
      }
    },
    {
      "type": "Feature",
      "geometry": {
        "type": "LineString",
        "coordinates": [
          [-73.98382, 40.76542],
          [-73.98423, 40.76559]
        ]
      },
      "properties": {
        "segmentId": 368400002298541,
        "newSegmentId": "901ad87a-7b84-4873-ba10-6634df514069",
        "speedLimit": 25,
        "frc": 6,
        "streetName": "W 55th St",
        "distance": 128.71,
        "segmentTimeResults": [
          {
            "timeSet": 2,
            "dateRange": 1,
            "harmonicAverageSpeed": 10.87,
            "medianSpeed": 16.78,
            "averageSpeed": 16.53,
            "standardDeviationSpeed": 7.33,
            "travelTimeStandardDeviation": 10.92,
            "sampleSize": 288,
            "normalizedSampleSize": 0.1266,
            "averageTravelTime": 8.08,
            "medianTravelTime": 5.23,
            "travelTimeRatio": 1.0,
            "speedPercentiles": [
              5, 7, 9, 10, 12, 14, 14, 15, 16, 17, 17, 18, 19, 20, 21, 22, 23,
              25, 29
            ]
          }
        ]
      }
    },
    {
      "type": "Feature",
      "geometry": {
        "type": "LineString",
        "coordinates": [
          [-73.98138, 40.76609],
          [-73.98178, 40.76626]
        ]
      },
      "properties": {
        "segmentId": 368400001975660,
        "newSegmentId": "912aa08d-8a02-47e0-a98b-461d6335a6fb",
        "speedLimit": 25,
        "frc": 4,
        "streetName": "W 57th St",
        "distance": 129.43,
        "segmentTimeResults": [
          {
            "timeSet": 2,
            "dateRange": 1,
            "harmonicAverageSpeed": 5.47,
            "medianSpeed": 13.05,
            "averageSpeed": 11.62,
            "standardDeviationSpeed": 7.15,
            "travelTimeStandardDeviation": 19.5,
            "sampleSize": 517,
            "normalizedSampleSize": 0.2274,
            "averageTravelTime": 16.22,
            "medianTravelTime": 6.76,
            "travelTimeRatio": 1.0,
            "speedPercentiles": [
              1, 2, 3, 4, 4, 6, 8, 9, 11, 13, 14, 16, 16, 17, 17, 17, 17, 19, 21
            ]
          }
        ]
      }
    },
    {
      "type": "Feature",
      "geometry": {
        "type": "LineString",
        "coordinates": [
          [-73.9782, 40.76222],
          [-73.9783, 40.7621]
        ]
      },
      "properties": {
        "segmentId": 368400002090713,
        "newSegmentId": "93a2e19f-5466-40ee-af41-35a5212a7264",
        "speedLimit": 11,
        "frc": 7,
        "distance": 53.31,
        "segmentTimeResults": [
          {
            "timeSet": 2,
            "dateRange": 1,
            "harmonicAverageSpeed": 2.36,
            "medianSpeed": 5.78,
            "averageSpeed": 8.7,
            "standardDeviationSpeed": 6.46,
            "travelTimeStandardDeviation": 34.07,
            "sampleSize": 16,
            "normalizedSampleSize": 0.007,
            "averageTravelTime": 15.25,
            "medianTravelTime": 6.29,
            "travelTimeRatio": 1.0,
            "speedPercentiles": [
              0, 1, 5, 5, 5, 5, 6, 6, 6, 6, 6, 7, 10, 12, 12, 12, 17, 17, 24
            ]
          }
        ]
      }
    },
    {
      "type": "Feature",
      "geometry": {
        "type": "LineString",
        "coordinates": [
          [-73.97908, 40.76689],
          [-73.97918, 40.76693]
        ]
      },
      "properties": {
        "segmentId": 368400002032197,
        "newSegmentId": "96a7bcdf-380d-4f86-ba91-f27c8697236b",
        "speedLimit": 25,
        "frc": 6,
        "streetName": "Central Park S",
        "distance": 31.33,
        "segmentTimeResults": [
          {
            "timeSet": 2,
            "dateRange": 1,
            "harmonicAverageSpeed": 15.35,
            "medianSpeed": 21.75,
            "averageSpeed": 21.25,
            "standardDeviationSpeed": 7.89,
            "travelTimeStandardDeviation": 2.53,
            "sampleSize": 1163,
            "normalizedSampleSize": 0.5114,
            "averageTravelTime": 1.39,
            "medianTravelTime": 0.98,
            "travelTimeRatio": 1.0,
            "speedPercentiles": [
              7, 9, 12, 15, 17, 18, 19, 20, 21, 22, 22, 23, 24, 25, 26, 27, 29,
              31, 35
            ]
          }
        ]
      }
    },
    {
      "type": "Feature",
      "geometry": {
        "type": "LineString",
        "coordinates": [
          [-73.9767, 40.76411],
          [-73.97694, 40.76421]
        ]
      },
      "properties": {
        "segmentId": 368400002054395,
        "newSegmentId": "96e38586-7802-4a52-8bbe-4391a98cff48",
        "speedLimit": 25,
        "frc": 4,
        "streetName": "W 57th St",
        "distance": 76.12,
        "segmentTimeResults": [
          {
            "timeSet": 2,
            "dateRange": 1,
            "harmonicAverageSpeed": 3.04,
            "medianSpeed": 5.47,
            "averageSpeed": 7.64,
            "standardDeviationSpeed": 5.97,
            "travelTimeStandardDeviation": 20.62,
            "sampleSize": 772,
            "normalizedSampleSize": 0.3395,
            "averageTravelTime": 17.02,
            "medianTravelTime": 9.49,
            "travelTimeRatio": 1.0,
            "speedPercentiles": [
              1, 1, 1, 2, 3, 3, 4, 5, 5, 5, 7, 10, 11, 11, 11, 11, 13, 16, 18
            ]
          }
        ]
      }
    },
    {
      "type": "Feature",
      "geometry": {
        "type": "LineString",
        "coordinates": [
          [-73.98023, 40.76309],
          [-73.98005, 40.76336]
        ]
      },
      "properties": {
        "segmentId": 368400002051834,
        "newSegmentId": "98724a04-f879-4910-a653-db4b167be7eb",
        "speedLimit": 11,
        "frc": 7,
        "distance": 113.12,
        "segmentTimeResults": [
          {
            "timeSet": 2,
            "dateRange": 1,
            "harmonicAverageSpeed": 0.0,
            "medianSpeed": 0.0,
            "averageSpeed": 0.0,
            "sampleSize": 0,
            "normalizedSampleSize": 0.0,
            "averageTravelTime": 0.0,
            "medianTravelTime": 0.0,
            "travelTimeRatio": 0.0,
            "speedPercentiles": [
              0, 0, 0, 0, 0, 0, 0, 0, 0, 0, 0, 0, 0, 0, 0, 0, 0, 0, 0
            ]
          }
        ]
      }
    },
    {
      "type": "Feature",
      "geometry": {
        "type": "LineString",
        "coordinates": [
          [-73.98765, 40.76016],
          [-73.98747, 40.7604]
        ]
      },
      "properties": {
        "segmentId": 368400002021958,
        "newSegmentId": "990c51f1-8d29-4dbd-93ad-4ad6804e8288",
        "speedLimit": 25,
        "frc": 4,
        "streetName": "8th Ave",
        "distance": 98.72,
        "segmentTimeResults": [
          {
            "timeSet": 2,
            "dateRange": 1,
            "harmonicAverageSpeed": 3.42,
            "medianSpeed": 6.84,
            "averageSpeed": 7.58,
            "standardDeviationSpeed": 5.59,
            "travelTimeStandardDeviation": 20.96,
            "sampleSize": 953,
            "normalizedSampleSize": 0.4191,
            "averageTravelTime": 19.73,
            "medianTravelTime": 9.85,
            "travelTimeRatio": 1.0,
            "speedPercentiles": [
              1, 1, 1, 2, 3, 4, 4, 5, 6, 7, 7, 8, 9, 10, 11, 12, 13, 15, 19
            ]
          }
        ]
      }
    },
    {
      "type": "Feature",
      "geometry": {
        "type": "LineString",
        "coordinates": [
          [-73.98136, 40.75948],
          [-73.98265, 40.76003]
        ]
      },
      "properties": {
        "segmentId": 368400001570445,
        "newSegmentId": "9b1d03d2-9da8-4033-a2de-6fc4fa9a472a",
        "speedLimit": 25,
        "frc": 6,
        "streetName": "W 49th St",
        "distance": 408.17,
        "segmentTimeResults": [
          {
            "timeSet": 2,
            "dateRange": 1,
            "harmonicAverageSpeed": 3.23,
            "medianSpeed": 3.54,
            "averageSpeed": 5.78,
            "standardDeviationSpeed": 5.22,
            "travelTimeStandardDeviation": 56.96,
            "sampleSize": 358,
            "normalizedSampleSize": 0.1574,
            "averageTravelTime": 85.89,
            "medianTravelTime": 78.57,
            "travelTimeRatio": 1.0,
            "speedPercentiles": [
              2, 2, 2, 2, 2, 2, 3, 3, 3, 4, 4, 4, 5, 6, 7, 9, 12, 14, 18
            ]
          }
        ]
      }
    },
    {
      "type": "Feature",
      "geometry": {
        "type": "LineString",
        "coordinates": [
          [-73.98087, 40.75927],
          [-73.98136, 40.75948]
        ]
      },
      "properties": {
        "segmentId": 368400001570328,
        "newSegmentId": "9b8fbc4f-9514-4ed0-8b12-a543570542a7",
        "speedLimit": 25,
        "frc": 6,
        "streetName": "W 49th St",
        "distance": 156.92,
        "segmentTimeResults": [
          {
            "timeSet": 2,
            "dateRange": 1,
            "harmonicAverageSpeed": 3.42,
            "medianSpeed": 6.84,
            "averageSpeed": 8.08,
            "standardDeviationSpeed": 6.59,
            "travelTimeStandardDeviation": 37.05,
            "sampleSize": 421,
            "normalizedSampleSize": 0.1851,
            "averageTravelTime": 31.52,
            "medianTravelTime": 15.65,
            "travelTimeRatio": 1.0,
            "speedPercentiles": [
              1, 1, 2, 2, 3, 3, 4, 5, 5, 7, 7, 9, 11, 11, 11, 11, 14, 19, 21
            ]
          }
        ]
      }
    },
    {
      "type": "Feature",
      "geometry": {
        "type": "LineString",
        "coordinates": [
          [-73.98387, 40.75516],
          [-73.9838, 40.75526]
        ]
      },
      "properties": {
        "segmentId": 368400002368116,
        "newSegmentId": "9baa5abb-e190-4e12-87dd-4ac8f70b10ec",
        "speedLimit": 25,
        "frc": 6,
        "streetName": "Avenue of the Americas",
        "distance": 40.35,
        "segmentTimeResults": [
          {
            "timeSet": 2,
            "dateRange": 1,
            "harmonicAverageSpeed": 5.16,
            "medianSpeed": 9.32,
            "averageSpeed": 10.19,
            "standardDeviationSpeed": 5.9,
            "travelTimeStandardDeviation": 8.74,
            "sampleSize": 1766,
            "normalizedSampleSize": 0.7766,
            "averageTravelTime": 5.35,
            "medianTravelTime": 2.95,
            "travelTimeRatio": 1.0,
            "speedPercentiles": [
              1, 3, 4, 5, 6, 6, 7, 8, 9, 9, 11, 11, 12, 13, 14, 15, 17, 18, 21
            ]
          }
        ]
      }
    },
    {
      "type": "Feature",
      "geometry": {
        "type": "LineString",
        "coordinates": [
          [-73.98765, 40.76016],
          [-73.98767, 40.76023],
          [-73.98766, 40.76028],
          [-73.98764, 40.76033],
          [-73.98761, 40.76037],
          [-73.9876, 40.76042],
          [-73.98761, 40.76046]
        ]
      },
      "properties": {
        "segmentId": 368400002020996,
        "newSegmentId": "a0b28f54-31df-45e8-aca7-444e70611ce6",
        "speedLimit": 25,
        "frc": 6,
        "distance": 110.96,
        "segmentTimeResults": [
          {
            "timeSet": 2,
            "dateRange": 1,
            "harmonicAverageSpeed": 6.03,
            "medianSpeed": 13.67,
            "averageSpeed": 12.3,
            "standardDeviationSpeed": 6.03,
            "travelTimeStandardDeviation": 18.11,
            "sampleSize": 33,
            "normalizedSampleSize": 0.0145,
            "averageTravelTime": 12.6,
            "medianTravelTime": 5.53,
            "travelTimeRatio": 1.0,
            "speedPercentiles": [
              1, 3, 3, 4, 9, 11, 12, 13, 13, 14, 14, 14, 15, 16, 16, 17, 17, 19,
              22
            ]
          }
        ]
      }
    },
    {
      "type": "Feature",
      "geometry": {
        "type": "LineString",
        "coordinates": [
          [-73.98249, 40.75831],
          [-73.98295, 40.7585],
          [-73.98436, 40.7591]
        ]
      },
      "properties": {
        "segmentId": 368400001569828,
        "newSegmentId": "a0f1f5a8-3641-4c93-a067-ddf2479e8a4d",
        "speedLimit": 25,
        "frc": 6,
        "streetName": "W 47th St",
        "distance": 593.18,
        "segmentTimeResults": [
          {
            "timeSet": 2,
            "dateRange": 1,
            "harmonicAverageSpeed": 1.86,
            "medianSpeed": 1.99,
            "averageSpeed": 2.67,
            "standardDeviationSpeed": 2.05,
            "travelTimeStandardDeviation": 110.65,
            "sampleSize": 181,
            "normalizedSampleSize": 0.0796,
            "averageTravelTime": 217.59,
            "medianTravelTime": 203.4,
            "travelTimeRatio": 1.0,
            "speedPercentiles": [
              1, 1, 1, 1, 1, 1, 2, 2, 2, 2, 2, 2, 3, 3, 3, 4, 4, 5, 7
            ]
          }
        ]
      }
    },
    {
      "type": "Feature",
      "geometry": {
        "type": "LineString",
        "coordinates": [
          [-73.97396, 40.76297],
          [-73.97384, 40.76292],
          [-73.97282, 40.76248]
        ]
      },
      "properties": {
        "segmentId": 368400002061183,
        "newSegmentId": "a270fda8-fc60-4f9f-9347-d867311ce3a0",
        "speedLimit": 25,
        "frc": 4,
        "streetName": "E 57th St",
        "distance": 362.5,
        "segmentTimeResults": [
          {
            "timeSet": 2,
            "dateRange": 1,
            "harmonicAverageSpeed": 5.47,
            "medianSpeed": 6.15,
            "averageSpeed": 7.83,
            "standardDeviationSpeed": 5.16,
            "travelTimeStandardDeviation": 26.06,
            "sampleSize": 841,
            "normalizedSampleSize": 0.3698,
            "averageTravelTime": 45.42,
            "medianTravelTime": 40.18,
            "travelTimeRatio": 1.0,
            "speedPercentiles": [
              3, 3, 3, 4, 4, 4, 5, 5, 5, 6, 7, 7, 8, 10, 11, 12, 13, 16, 17
            ]
          }
        ]
      }
    },
    {
      "type": "Feature",
      "geometry": {
        "type": "LineString",
        "coordinates": [
          [-73.98694, 40.75605],
          [-73.9874, 40.75624]
        ]
      },
      "properties": {
        "segmentId": 368400002022366,
        "newSegmentId": "a323c287-1956-4459-987b-851248163e4c",
        "speedLimit": 25,
        "frc": 4,
        "streetName": "W 42nd St",
        "distance": 145.11,
        "segmentTimeResults": [
          {
            "timeSet": 2,
            "dateRange": 1,
            "harmonicAverageSpeed": 6.03,
            "medianSpeed": 14.29,
            "averageSpeed": 13.92,
            "standardDeviationSpeed": 8.82,
            "travelTimeStandardDeviation": 20.87,
            "sampleSize": 372,
            "normalizedSampleSize": 0.1636,
            "averageTravelTime": 16.34,
            "medianTravelTime": 6.92,
            "travelTimeRatio": 1.0,
            "speedPercentiles": [
              1, 2, 3, 4, 5, 7, 10, 10, 13, 14, 16, 17, 19, 20, 20, 22, 24, 25,
              28
            ]
          }
        ]
      }
    },
    {
      "type": "Feature",
      "geometry": {
        "type": "LineString",
        "coordinates": [
          [-73.98806, 40.75959],
          [-73.98793, 40.75979]
        ]
      },
      "properties": {
        "segmentId": 368400002048953,
        "newSegmentId": "a5abf833-e954-4d70-994a-5d722c1cdf9d",
        "speedLimit": 25,
        "frc": 4,
        "streetName": "8th Ave",
        "distance": 80.22,
        "segmentTimeResults": [
          {
            "timeSet": 2,
            "dateRange": 1,
            "harmonicAverageSpeed": 3.11,
            "medianSpeed": 5.97,
            "averageSpeed": 7.33,
            "standardDeviationSpeed": 6.09,
            "travelTimeStandardDeviation": 18.86,
            "sampleSize": 1148,
            "normalizedSampleSize": 0.5048,
            "averageTravelTime": 17.67,
            "medianTravelTime": 9.17,
            "travelTimeRatio": 1.0,
            "speedPercentiles": [
              1, 1, 1, 2, 3, 3, 4, 5, 5, 6, 7, 8, 9, 9, 11, 12, 13, 15, 19
            ]
          }
        ]
      }
    },
    {
      "type": "Feature",
      "geometry": {
        "type": "LineString",
        "coordinates": [
          [-73.98003, 40.76552],
          [-73.98138, 40.76609]
        ]
      },
      "properties": {
        "segmentId": 368400001968114,
        "newSegmentId": "a703cf53-6f0b-4d91-b485-3531bd4cc62c",
        "speedLimit": 25,
        "frc": 4,
        "streetName": "W 57th St",
        "distance": 427.85,
        "segmentTimeResults": [
          {
            "timeSet": 2,
            "dateRange": 1,
            "harmonicAverageSpeed": 3.48,
            "medianSpeed": 4.04,
            "averageSpeed": 4.47,
            "standardDeviationSpeed": 2.92,
            "travelTimeStandardDeviation": 44.73,
            "sampleSize": 481,
            "normalizedSampleSize": 0.2115,
            "averageTravelTime": 84.38,
            "medianTravelTime": 72.23,
            "travelTimeRatio": 1.0,
            "speedPercentiles": [
              2, 2, 2, 3, 3, 3, 4, 4, 4, 4, 4, 4, 4, 5, 5, 5, 6, 7, 10
            ]
          }
        ]
      }
    },
    {
      "type": "Feature",
      "geometry": {
        "type": "LineString",
        "coordinates": [
          [-73.97689, 40.76476],
          [-73.97671, 40.76501]
        ]
      },
      "properties": {
        "segmentId": 368400002298762,
        "newSegmentId": "a92b5e80-6353-4a78-a285-168468a33cc4",
        "speedLimit": 25,
        "frc": 6,
        "streetName": "Avenue of the Americas",
        "distance": 104.27,
        "segmentTimeResults": [
          {
            "timeSet": 2,
            "dateRange": 1,
            "harmonicAverageSpeed": 4.1,
            "medianSpeed": 8.08,
            "averageSpeed": 8.95,
            "standardDeviationSpeed": 6.15,
            "travelTimeStandardDeviation": 20.14,
            "sampleSize": 1148,
            "normalizedSampleSize": 0.5048,
            "averageTravelTime": 17.38,
            "medianTravelTime": 8.8,
            "travelTimeRatio": 1.0,
            "speedPercentiles": [
              1, 1, 2, 3, 4, 4, 5, 6, 7, 8, 9, 11, 11, 12, 13, 14, 16, 17, 20
            ]
          }
        ]
      }
    },
    {
      "type": "Feature",
      "geometry": {
        "type": "LineString",
        "coordinates": [
          [-73.97824, 40.76144],
          [-73.97881, 40.76168]
        ]
      },
      "properties": {
        "segmentId": 368400002089553,
        "newSegmentId": "aacbbee5-1ba9-41d7-8939-c0e8ab42a111",
        "speedLimit": 25,
        "frc": 6,
        "streetName": "W 53rd St",
        "distance": 181.07,
        "segmentTimeResults": [
          {
            "timeSet": 2,
            "dateRange": 1,
            "harmonicAverageSpeed": 2.24,
            "medianSpeed": 2.24,
            "averageSpeed": 4.41,
            "standardDeviationSpeed": 5.22,
            "travelTimeStandardDeviation": 33.52,
            "sampleSize": 379,
            "normalizedSampleSize": 0.1667,
            "averageTravelTime": 55.05,
            "medianTravelTime": 55.19,
            "travelTimeRatio": 1.0,
            "speedPercentiles": [
              1, 1, 1, 2, 2, 2, 2, 2, 2, 2, 2, 3, 3, 4, 5, 6, 8, 11, 12
            ]
          }
        ]
      }
    },
    {
      "type": "Feature",
      "geometry": {
        "type": "LineString",
        "coordinates": [
          [-73.99047, 40.7573],
          [-73.99028, 40.75721],
          [-73.99026, 40.75718],
          [-73.99025, 40.75712],
          [-73.99025, 40.7571],
          [-73.99047, 40.75675],
          [-73.99051, 40.75673],
          [-73.99057, 40.75674],
          [-73.99081, 40.75684]
        ]
      },
      "properties": {
        "segmentId": 368400002054772,
        "newSegmentId": "af416d9d-a5a6-41a9-8fba-f8130484434e",
        "speedLimit": 12,
        "frc": 7,
        "distance": 351.71,
        "segmentTimeResults": [
          {
            "timeSet": 2,
            "dateRange": 1,
            "harmonicAverageSpeed": 0.0,
            "medianSpeed": 0.0,
            "averageSpeed": 0.0,
            "sampleSize": 0,
            "normalizedSampleSize": 0.0,
            "averageTravelTime": 0.0,
            "medianTravelTime": 0.0,
            "travelTimeRatio": 0.0,
            "speedPercentiles": [
              0, 0, 0, 0, 0, 0, 0, 0, 0, 0, 0, 0, 0, 0, 0, 0, 0, 0, 0
            ]
          }
        ]
      }
    },
    {
      "type": "Feature",
      "geometry": {
        "type": "LineString",
        "coordinates": [
          [-73.98263, 40.76708],
          [-73.9824, 40.76741]
        ]
      },
      "properties": {
        "segmentId": 368400002354398,
        "newSegmentId": "b4077159-902b-4cb7-8f48-b6af84a2da4c",
        "speedLimit": 25,
        "frc": 4,
        "streetName": "8th Ave",
        "distance": 134.42,
        "segmentTimeResults": [
          {
            "timeSet": 2,
            "dateRange": 1,
            "harmonicAverageSpeed": 5.9,
            "medianSpeed": 11.81,
            "averageSpeed": 11.74,
            "standardDeviationSpeed": 7.21,
            "travelTimeStandardDeviation": 18.51,
            "sampleSize": 1056,
            "normalizedSampleSize": 0.4644,
            "averageTravelTime": 15.5,
            "medianTravelTime": 7.76,
            "travelTimeRatio": 1.0,
            "speedPercentiles": [
              2, 2, 3, 5, 6, 7, 9, 9, 11, 12, 13, 14, 15, 16, 17, 17, 19, 21, 23
            ]
          }
        ]
      }
    },
    {
      "type": "Feature",
      "geometry": {
        "type": "LineString",
        "coordinates": [
          [-73.98287, 40.76673],
          [-73.98263, 40.76708]
        ]
      },
      "properties": {
        "segmentId": 368400002353158,
        "newSegmentId": "b411feeb-dc38-4ec8-bb24-97df7383e2f8",
        "speedLimit": 25,
        "frc": 4,
        "streetName": "8th Ave",
        "distance": 144.95,
        "segmentTimeResults": [
          {
            "timeSet": 2,
            "dateRange": 1,
            "harmonicAverageSpeed": 7.46,
            "medianSpeed": 13.05,
            "averageSpeed": 12.92,
            "standardDeviationSpeed": 6.84,
            "travelTimeStandardDeviation": 19.1,
            "sampleSize": 1062,
            "normalizedSampleSize": 0.467,
            "averageTravelTime": 13.31,
            "medianTravelTime": 7.57,
            "travelTimeRatio": 1.0,
            "speedPercentiles": [
              3, 4, 5, 6, 8, 9, 10, 11, 12, 13, 14, 15, 16, 17, 17, 19, 20, 21,
              23
            ]
          }
        ]
      }
    },
    {
      "type": "Feature",
      "geometry": {
        "type": "LineString",
        "coordinates": [
          [-73.97992, 40.76379],
          [-73.9802, 40.76391],
          [-73.98071, 40.76412]
        ]
      },
      "properties": {
        "segmentId": 368400001964933,
        "newSegmentId": "b6c334d6-271e-4472-8e1a-f3ad245d81ac",
        "speedLimit": 25,
        "frc": 6,
        "streetName": "W 55th St",
        "distance": 249.51,
        "segmentTimeResults": [
          {
            "timeSet": 2,
            "dateRange": 1,
            "harmonicAverageSpeed": 3.48,
            "medianSpeed": 4.1,
            "averageSpeed": 5.41,
            "standardDeviationSpeed": 4.35,
            "travelTimeStandardDeviation": 32.09,
            "sampleSize": 430,
            "normalizedSampleSize": 0.1891,
            "averageTravelTime": 49.32,
            "medianTravelTime": 41.48,
            "travelTimeRatio": 1.0,
            "speedPercentiles": [
              2, 2, 2, 2, 2, 3, 3, 3, 4, 4, 4, 5, 5, 6, 7, 8, 9, 11, 13
            ]
          }
        ]
      }
    },
    {
      "type": "Feature",
      "geometry": {
        "type": "LineString",
        "coordinates": [
          [-73.98771, 40.75637],
          [-73.98832, 40.75662]
        ]
      },
      "properties": {
        "segmentId": 368400002298804,
        "newSegmentId": "b78b5e75-dfa1-4810-8915-a1fd96a77d2b",
        "speedLimit": 25,
        "frc": 4,
        "streetName": "W 42nd St",
        "distance": 194.26,
        "segmentTimeResults": [
          {
            "timeSet": 2,
            "dateRange": 1,
            "harmonicAverageSpeed": 3.85,
            "medianSpeed": 8.08,
            "averageSpeed": 8.95,
            "standardDeviationSpeed": 6.21,
            "travelTimeStandardDeviation": 40.83,
            "sampleSize": 336,
            "normalizedSampleSize": 0.1478,
            "averageTravelTime": 34.26,
            "medianTravelTime": 16.4,
            "travelTimeRatio": 1.0,
            "speedPercentiles": [
              1, 1, 2, 2, 3, 4, 5, 7, 7, 8, 9, 11, 12, 13, 14, 15, 16, 17, 19
            ]
          }
        ]
      }
    },
    {
      "type": "Feature",
      "geometry": {
        "type": "LineString",
        "coordinates": [
          [-73.97871, 40.76183],
          [-73.97867, 40.76187],
          [-73.97854, 40.76205],
          [-73.97852, 40.76205],
          [-73.9785, 40.76205],
          [-73.97842, 40.76213],
          [-73.97841, 40.76214],
          [-73.9784, 40.76214],
          [-73.9783, 40.7621]
        ]
      },
      "properties": {
        "segmentId": 368400002091415,
        "newSegmentId": "b8e388d8-00e4-4fbc-9c7d-74da8c5173c5",
        "speedLimit": 11,
        "frc": 7,
        "distance": 179.82,
        "segmentTimeResults": [
          {
            "timeSet": 2,
            "dateRange": 1,
            "harmonicAverageSpeed": 2.17,
            "medianSpeed": 3.23,
            "averageSpeed": 4.78,
            "standardDeviationSpeed": 4.85,
            "travelTimeStandardDeviation": 52.94,
            "sampleSize": 16,
            "normalizedSampleSize": 0.007,
            "averageTravelTime": 55.72,
            "medianTravelTime": 37.95,
            "travelTimeRatio": 1.0,
            "speedPercentiles": [
              1, 1, 1, 1, 1, 2, 2, 3, 3, 3, 4, 4, 4, 4, 4, 8, 8, 10, 20
            ]
          }
        ]
      }
    },
    {
      "type": "Feature",
      "geometry": {
        "type": "LineString",
        "coordinates": [
          [-73.98179, 40.75801],
          [-73.98249, 40.75831]
        ]
      },
      "properties": {
        "segmentId": 368400001569892,
        "newSegmentId": "ba7a791c-488a-4a2a-8af5-c0444d4f1842",
        "speedLimit": 25,
        "frc": 6,
        "streetName": "W 47th St",
        "distance": 222.34,
        "segmentTimeResults": [
          {
            "timeSet": 2,
            "dateRange": 1,
            "harmonicAverageSpeed": 3.17,
            "medianSpeed": 5.03,
            "averageSpeed": 7.27,
            "standardDeviationSpeed": 6.21,
            "travelTimeStandardDeviation": 47.18,
            "sampleSize": 272,
            "normalizedSampleSize": 0.1196,
            "averageTravelTime": 48.22,
            "medianTravelTime": 30.12,
            "travelTimeRatio": 1.0,
            "speedPercentiles": [
              1, 1, 2, 2, 2, 3, 3, 3, 4, 5, 6, 7, 9, 10, 11, 12, 15, 16, 19
            ]
          }
        ]
      }
    },
    {
      "type": "Feature",
      "geometry": {
        "type": "LineString",
        "coordinates": [
          [-73.98793, 40.75979],
          [-73.98765, 40.76016]
        ]
      },
      "properties": {
        "segmentId": 368400002019772,
        "newSegmentId": "bfd8b77d-e597-4cd0-af21-4d56b805002d",
        "speedLimit": 25,
        "frc": 4,
        "streetName": "8th Ave",
        "distance": 157.58,
        "segmentTimeResults": [
          {
            "timeSet": 2,
            "dateRange": 1,
            "harmonicAverageSpeed": 4.54,
            "medianSpeed": 6.09,
            "averageSpeed": 7.64,
            "standardDeviationSpeed": 5.47,
            "travelTimeStandardDeviation": 19.26,
            "sampleSize": 974,
            "normalizedSampleSize": 0.4283,
            "averageTravelTime": 23.58,
            "medianTravelTime": 17.64,
            "travelTimeRatio": 1.0,
            "speedPercentiles": [
              2, 2, 3, 3, 4, 4, 5, 5, 5, 6, 7, 7, 8, 9, 10, 11, 13, 15, 19
            ]
          }
        ]
      }
    },
    {
      "type": "Feature",
      "geometry": {
        "type": "LineString",
        "coordinates": [
          [-73.97877, 40.76218],
          [-73.97861, 40.76239]
        ]
      },
      "properties": {
        "segmentId": 368400002067580,
        "newSegmentId": "c13c32cd-1b56-4034-9198-dc6b2d613dff",
        "speedLimit": 25,
        "frc": 6,
        "streetName": "Avenue of the Americas",
        "distance": 89.86,
        "segmentTimeResults": [
          {
            "timeSet": 2,
            "dateRange": 1,
            "harmonicAverageSpeed": 3.73,
            "medianSpeed": 8.08,
            "averageSpeed": 8.89,
            "standardDeviationSpeed": 6.59,
            "travelTimeStandardDeviation": 27.28,
            "sampleSize": 1044,
            "normalizedSampleSize": 0.4591,
            "averageTravelTime": 16.54,
            "medianTravelTime": 7.58,
            "travelTimeRatio": 1.0,
            "speedPercentiles": [
              1, 1, 2, 3, 3, 4, 5, 6, 7, 8, 9, 10, 11, 12, 12, 14, 16, 17, 20
            ]
          }
        ]
      }
    },
    {
      "type": "Feature",
      "geometry": {
        "type": "LineString",
        "coordinates": [
          [-73.9874, 40.75624],
          [-73.98771, 40.75637]
        ]
      },
      "properties": {
        "segmentId": 368400002303498,
        "newSegmentId": "c1aa8ecb-ee9c-4404-84e1-ce1e4d803569",
        "speedLimit": 25,
        "frc": 4,
        "streetName": "W 42nd St",
        "distance": 98.56,
        "segmentTimeResults": [
          {
            "timeSet": 2,
            "dateRange": 1,
            "harmonicAverageSpeed": 4.66,
            "medianSpeed": 13.67,
            "averageSpeed": 12.8,
            "standardDeviationSpeed": 7.83,
            "travelTimeStandardDeviation": 22.15,
            "sampleSize": 353,
            "normalizedSampleSize": 0.1552,
            "averageTravelTime": 14.37,
            "medianTravelTime": 4.92,
            "travelTimeRatio": 1.0,
            "speedPercentiles": [
              1, 1, 3, 4, 6, 7, 9, 11, 12, 14, 14, 15, 16, 17, 19, 20, 21, 22,
              25
            ]
          }
        ]
      }
    },
    {
      "type": "Feature",
      "geometry": {
        "type": "LineString",
        "coordinates": [
          [-73.98747, 40.7604],
          [-73.98761, 40.76046]
        ]
      },
      "properties": {
        "segmentId": 368400002032878,
        "newSegmentId": "cc50be11-e8de-40fd-a967-a5e5a3ea7c1e",
        "speedLimit": 25,
        "frc": 6,
        "streetName": "W 47th St",
        "distance": 42.55,
        "segmentTimeResults": [
          {
            "timeSet": 2,
            "dateRange": 1,
            "harmonicAverageSpeed": 10.75,
            "medianSpeed": 15.53,
            "averageSpeed": 15.72,
            "standardDeviationSpeed": 6.84,
            "travelTimeStandardDeviation": 2.91,
            "sampleSize": 318,
            "normalizedSampleSize": 0.1398,
            "averageTravelTime": 2.7,
            "medianTravelTime": 1.87,
            "travelTimeRatio": 1.0,
            "speedPercentiles": [
              4, 6, 9, 10, 11, 13, 14, 14, 15, 16, 17, 17, 18, 19, 20, 21, 22,
              25, 29
            ]
          }
        ]
      }
    },
    {
      "type": "Feature",
      "geometry": {
        "type": "LineString",
        "coordinates": [
          [-73.97695, 40.76467],
          [-73.97689, 40.76476]
        ]
      },
      "properties": {
        "segmentId": 368400002301353,
        "newSegmentId": "cd911e7d-2f0f-499a-bee9-46c32bdd1a28",
        "speedLimit": 25,
        "frc": 6,
        "streetName": "Avenue of the Americas",
        "distance": 35.24,
        "segmentTimeResults": [
          {
            "timeSet": 2,
            "dateRange": 1,
            "harmonicAverageSpeed": 4.16,
            "medianSpeed": 9.32,
            "averageSpeed": 9.63,
            "standardDeviationSpeed": 6.03,
            "travelTimeStandardDeviation": 15.06,
            "sampleSize": 1145,
            "normalizedSampleSize": 0.5035,
            "averageTravelTime": 5.74,
            "medianTravelTime": 2.58,
            "travelTimeRatio": 1.0,
            "speedPercentiles": [
              1, 2, 3, 4, 5, 6, 7, 7, 8, 9, 10, 11, 11, 12, 14, 14, 16, 17, 20
            ]
          }
        ]
      }
    },
    {
      "type": "Feature",
      "geometry": {
        "type": "LineString",
        "coordinates": [
          [-73.97907, 40.76179],
          [-73.98068, 40.76247]
        ]
      },
      "properties": {
        "segmentId": 368400001971915,
        "newSegmentId": "d0c91426-36e7-4b21-a1fc-7fc9bb5774b1",
        "speedLimit": 25,
        "frc": 6,
        "streetName": "W 53rd St",
        "distance": 509.28,
        "segmentTimeResults": [
          {
            "timeSet": 2,
            "dateRange": 1,
            "harmonicAverageSpeed": 2.42,
            "medianSpeed": 2.42,
            "averageSpeed": 4.47,
            "standardDeviationSpeed": 4.6,
            "travelTimeStandardDeviation": 91.96,
            "sampleSize": 217,
            "normalizedSampleSize": 0.0954,
            "averageTravelTime": 145.28,
            "medianTravelTime": 143.29,
            "travelTimeRatio": 1.0,
            "speedPercentiles": [
              1, 1, 1, 1, 2, 2, 2, 2, 2, 2, 3, 3, 4, 4, 6, 7, 9, 11, 13
            ]
          }
        ]
      }
    },
    {
      "type": "Feature",
      "geometry": {
        "type": "LineString",
        "coordinates": [
          [-73.97881, 40.76168],
          [-73.97907, 40.76179]
        ]
      },
      "properties": {
        "segmentId": 368400002091978,
        "newSegmentId": "d27c0ed5-e914-4350-8c1e-64f9e8806102",
        "speedLimit": 25,
        "frc": 6,
        "streetName": "W 53rd St",
        "distance": 82.12,
        "segmentTimeResults": [
          {
            "timeSet": 2,
            "dateRange": 1,
            "harmonicAverageSpeed": 3.48,
            "medianSpeed": 6.84,
            "averageSpeed": 8.45,
            "standardDeviationSpeed": 7.52,
            "travelTimeStandardDeviation": 18.72,
            "sampleSize": 364,
            "normalizedSampleSize": 0.1601,
            "averageTravelTime": 16.19,
            "medianTravelTime": 8.19,
            "travelTimeRatio": 1.0,
            "speedPercentiles": [
              1, 1, 2, 2, 3, 3, 4, 4, 6, 7, 9, 9, 10, 11, 12, 14, 15, 17, 21
            ]
          }
        ]
      }
    },
    {
      "type": "Feature",
      "geometry": {
        "type": "LineString",
        "coordinates": [
          [-73.99081, 40.75684],
          [-73.99047, 40.7573]
        ]
      },
      "properties": {
        "segmentId": 368400002055884,
        "newSegmentId": "d29e71a7-af42-4562-9203-ee90769a7c7d",
        "speedLimit": 12,
        "frc": 7,
        "distance": 190.58,
        "segmentTimeResults": [
          {
            "timeSet": 2,
            "dateRange": 1,
            "harmonicAverageSpeed": 0.0,
            "medianSpeed": 0.0,
            "averageSpeed": 0.0,
            "sampleSize": 0,
            "normalizedSampleSize": 0.0,
            "averageTravelTime": 0.0,
            "medianTravelTime": 0.0,
            "travelTimeRatio": 0.0,
            "speedPercentiles": [
              0, 0, 0, 0, 0, 0, 0, 0, 0, 0, 0, 0, 0, 0, 0, 0, 0, 0, 0
            ]
          }
        ]
      }
    },
    {
      "type": "Feature",
      "geometry": {
        "type": "LineString",
        "coordinates": [
          [-73.9783, 40.7621],
          [-73.97828, 40.76209],
          [-73.97828, 40.76208],
          [-73.97828, 40.76207],
          [-73.97833, 40.76198],
          [-73.97851, 40.76176],
          [-73.97853, 40.76175],
          [-73.97854, 40.76176],
          [-73.9786, 40.76178],
          [-73.97871, 40.76183]
        ]
      },
      "properties": {
        "segmentId": 368400002091420,
        "newSegmentId": "d2a242d1-0e4f-43cd-bd52-41e42bfcd9e8",
        "speedLimit": 11,
        "frc": 7,
        "distance": 204.79,
        "segmentTimeResults": [
          {
            "timeSet": 2,
            "dateRange": 1,
            "harmonicAverageSpeed": 1.37,
            "medianSpeed": 2.61,
            "averageSpeed": 3.67,
            "standardDeviationSpeed": 2.92,
            "travelTimeStandardDeviation": 134.78,
            "sampleSize": 4,
            "normalizedSampleSize": 0.0018,
            "averageTravelTime": 102.62,
            "medianTravelTime": 53.5,
            "travelTimeRatio": 1.0,
            "speedPercentiles": [
              0, 0, 0, 0, 0, 3, 3, 3, 3, 3, 4, 4, 4, 4, 4, 7, 7, 7, 7
            ]
          }
        ]
      }
    },
    {
      "type": "Feature",
      "geometry": {
        "type": "LineString",
        "coordinates": [
          [-73.98473, 40.76417],
          [-73.98542, 40.76446],
          [-73.98658, 40.76494],
          [-73.98678, 40.76502]
        ]
      },
      "properties": {
        "segmentId": 368400002298177,
        "newSegmentId": "d742b3a7-9513-40ef-a183-60f896170975",
        "speedLimit": 25,
        "frc": 6,
        "streetName": "W 53rd St",
        "distance": 645.9,
        "segmentTimeResults": [
          {
            "timeSet": 2,
            "dateRange": 1,
            "harmonicAverageSpeed": 14.6,
            "medianSpeed": 17.4,
            "averageSpeed": 17.09,
            "standardDeviationSpeed": 5.34,
            "travelTimeStandardDeviation": 17.24,
            "sampleSize": 347,
            "normalizedSampleSize": 0.1526,
            "averageTravelTime": 30.23,
            "medianTravelTime": 25.31,
            "travelTimeRatio": 1.0,
            "speedPercentiles": [
              7, 9, 11, 12, 15, 15, 17, 17, 17, 17, 17, 18, 19, 21, 22, 22, 22,
              22, 24
            ]
          }
        ]
      }
    },
    {
      "type": "Feature",
      "geometry": {
        "type": "LineString",
        "coordinates": [
          [-73.98821, 40.75938],
          [-73.98813, 40.7595]
        ]
      },
      "properties": {
        "segmentId": 368400001812286,
        "newSegmentId": "d8cf13c4-39dc-46bc-b729-ca9e3a5ce757",
        "speedLimit": 25,
        "frc": 4,
        "streetName": "8th Ave",
        "distance": 49.18,
        "segmentTimeResults": [
          {
            "timeSet": 2,
            "dateRange": 1,
            "harmonicAverageSpeed": 4.1,
            "medianSpeed": 8.08,
            "averageSpeed": 8.82,
            "standardDeviationSpeed": 6.03,
            "travelTimeStandardDeviation": 11.49,
            "sampleSize": 1141,
            "normalizedSampleSize": 0.5018,
            "averageTravelTime": 8.18,
            "medianTravelTime": 4.15,
            "travelTimeRatio": 1.0,
            "speedPercentiles": [
              1, 2, 3, 4, 4, 5, 6, 7, 7, 8, 9, 9, 10, 11, 12, 13, 14, 16, 20
            ]
          }
        ]
      }
    },
    {
      "type": "Feature",
      "geometry": {
        "type": "LineString",
        "coordinates": [
          [-73.9772, 40.76432],
          [-73.97901, 40.76509]
        ]
      },
      "properties": {
        "segmentId": 368400001963213,
        "newSegmentId": "ddeb4d49-aa87-4e9f-ad67-25f35ebebf98",
        "speedLimit": 25,
        "frc": 4,
        "streetName": "W 57th St",
        "distance": 575.46,
        "segmentTimeResults": [
          {
            "timeSet": 2,
            "dateRange": 1,
            "harmonicAverageSpeed": 3.17,
            "medianSpeed": 3.23,
            "averageSpeed": 3.91,
            "standardDeviationSpeed": 1.99,
            "travelTimeStandardDeviation": 55.2,
            "sampleSize": 450,
            "normalizedSampleSize": 0.1979,
            "averageTravelTime": 124.61,
            "medianTravelTime": 121.43,
            "travelTimeRatio": 1.0,
            "speedPercentiles": [
              2, 2, 2, 2, 3, 3, 3, 3, 3, 3, 3, 4, 4, 5, 5, 5, 6, 6, 7
            ]
          }
        ]
      }
    },
    {
      "type": "Feature",
      "geometry": {
        "type": "LineString",
        "coordinates": [
          [-73.97925, 40.76351],
          [-73.97954, 40.76364],
          [-73.97992, 40.76379]
        ]
      },
      "properties": {
        "segmentId": 368400001964177,
        "newSegmentId": "e11f8acb-09af-4482-9138-52762b969871",
        "speedLimit": 25,
        "frc": 6,
        "streetName": "W 55th St",
        "distance": 213.78,
        "segmentTimeResults": [
          {
            "timeSet": 2,
            "dateRange": 1,
            "harmonicAverageSpeed": 4.72,
            "medianSpeed": 5.72,
            "averageSpeed": 6.15,
            "standardDeviationSpeed": 3.36,
            "travelTimeStandardDeviation": 19.02,
            "sampleSize": 429,
            "normalizedSampleSize": 0.1887,
            "averageTravelTime": 30.79,
            "medianTravelTime": 25.53,
            "travelTimeRatio": 1.0,
            "speedPercentiles": [
              2, 3, 3, 4, 4, 4, 4, 5, 5, 6, 6, 6, 7, 7, 7, 9, 9, 10, 11
            ]
          }
        ]
      }
    },
    {
      "type": "Feature",
      "geometry": {
        "type": "LineString",
        "coordinates": [
          [-73.98068, 40.76247],
          [-73.98094, 40.76257]
        ]
      },
      "properties": {
        "segmentId": 368400001981809,
        "newSegmentId": "e223e60c-8327-40fd-af00-40fa7319874d",
        "speedLimit": 25,
        "frc": 6,
        "streetName": "W 53rd St",
        "distance": 79.92,
        "segmentTimeResults": [
          {
            "timeSet": 2,
            "dateRange": 1,
            "harmonicAverageSpeed": 4.41,
            "medianSpeed": 9.32,
            "averageSpeed": 8.64,
            "standardDeviationSpeed": 5.72,
            "travelTimeStandardDeviation": 11.91,
            "sampleSize": 265,
            "normalizedSampleSize": 0.1165,
            "averageTravelTime": 12.31,
            "medianTravelTime": 5.85,
            "travelTimeRatio": 1.0,
            "speedPercentiles": [
              2, 2, 2, 2, 3, 4, 5, 7, 9, 9, 10, 11, 11, 12, 12, 14, 14, 15, 17
            ]
          }
        ]
      }
    },
    {
      "type": "Feature",
      "geometry": {
        "type": "LineString",
        "coordinates": [
          [-73.98629, 40.75947],
          [-73.9865, 40.75918]
        ]
      },
      "properties": {
        "segmentId": 368400001858440,
        "newSegmentId": "e501d5a3-d014-4d60-af21-72aa0c2219f8",
        "speedLimit": 11,
        "frc": 7,
        "distance": 120.05,
        "segmentTimeResults": [
          {
            "timeSet": 2,
            "dateRange": 1,
            "harmonicAverageSpeed": 18.64,
            "medianSpeed": 18.64,
            "averageSpeed": 18.64,
            "standardDeviationSpeed": 0.0,
            "travelTimeStandardDeviation": 0.0,
            "sampleSize": 1,
            "normalizedSampleSize": 4.0e-4,
            "averageTravelTime": 4.39,
            "medianTravelTime": 4.39,
            "travelTimeRatio": 1.0,
            "speedPercentiles": [
              19, 19, 19, 19, 19, 19, 19, 19, 19, 19, 19, 19, 19, 19, 19, 19,
              19, 19, 19
            ]
          }
        ]
      }
    },
    {
      "type": "Feature",
      "geometry": {
        "type": "LineString",
        "coordinates": [
          [-73.98145, 40.76783],
          [-73.98139, 40.76792]
        ]
      },
      "properties": {
        "segmentId": 368400002031480,
        "newSegmentId": "e7f135c7-4342-4bce-a038-86e9477ef44d",
        "speedLimit": 25,
        "frc": 4,
        "streetName": "Columbus Cir",
        "distance": 35.56,
        "segmentTimeResults": [
          {
            "timeSet": 2,
            "dateRange": 1,
            "harmonicAverageSpeed": 11.74,
            "medianSpeed": 16.16,
            "averageSpeed": 15.78,
            "standardDeviationSpeed": 5.9,
            "travelTimeStandardDeviation": 2.16,
            "sampleSize": 818,
            "normalizedSampleSize": 0.3597,
            "averageTravelTime": 2.06,
            "medianTravelTime": 1.5,
            "travelTimeRatio": 1.0,
            "speedPercentiles": [
              5, 8, 9, 11, 12, 13, 14, 15, 16, 16, 17, 17, 18, 19, 19, 21, 22,
              23, 25
            ]
          }
        ]
      }
    },
    {
      "type": "Feature",
      "geometry": {
        "type": "LineString",
        "coordinates": [
          [-73.9838, 40.75526],
          [-73.98361, 40.75552]
        ]
      },
      "properties": {
        "segmentId": 368400002368266,
        "newSegmentId": "eea1dbbf-fd2c-449e-a52e-4bacb72c64dc",
        "speedLimit": 25,
        "frc": 6,
        "streetName": "Avenue of the Americas",
        "distance": 108.07,
        "segmentTimeResults": [
          {
            "timeSet": 2,
            "dateRange": 1,
            "harmonicAverageSpeed": 4.41,
            "medianSpeed": 8.7,
            "averageSpeed": 9.13,
            "standardDeviationSpeed": 6.09,
            "travelTimeStandardDeviation": 19.35,
            "sampleSize": 1759,
            "normalizedSampleSize": 0.7735,
            "averageTravelTime": 16.8,
            "medianTravelTime": 8.47,
            "travelTimeRatio": 1.0,
            "speedPercentiles": [
              1, 1, 2, 3, 4, 5, 6, 7, 7, 9, 9, 10, 11, 12, 13, 14, 16, 17, 20
            ]
          }
        ]
      }
    },
    {
      "type": "Feature",
      "geometry": {
        "type": "LineString",
        "coordinates": [
          [-73.98979, 40.75724],
          [-73.99032, 40.75745],
          [-73.9904, 40.75749]
        ]
      },
      "properties": {
        "segmentId": 368400001778440,
        "newSegmentId": "f0d005bf-7a9d-45a0-a93f-075aa3375e63",
        "speedLimit": 25,
        "frc": 4,
        "streetName": "W 42nd St",
        "distance": 191.44,
        "segmentTimeResults": [
          {
            "timeSet": 2,
            "dateRange": 1,
            "harmonicAverageSpeed": 11.12,
            "medianSpeed": 15.53,
            "averageSpeed": 14.73,
            "standardDeviationSpeed": 5.65,
            "travelTimeStandardDeviation": 11.11,
            "sampleSize": 354,
            "normalizedSampleSize": 0.1557,
            "averageTravelTime": 11.75,
            "medianTravelTime": 8.4,
            "travelTimeRatio": 1.0,
            "speedPercentiles": [
              4, 6, 9, 11, 12, 13, 14, 14, 15, 16, 16, 16, 17, 17, 18, 19, 19,
              21, 22
            ]
          }
        ]
      }
    },
    {
      "type": "Feature",
      "geometry": {
        "type": "LineString",
        "coordinates": [
          [-73.97901, 40.76509],
          [-73.97945, 40.76528]
        ]
      },
      "properties": {
        "segmentId": 368400001963197,
        "newSegmentId": "f19f62d7-c176-427d-a664-a1fc52534acf",
        "speedLimit": 25,
        "frc": 4,
        "streetName": "W 57th St",
        "distance": 140.09,
        "segmentTimeResults": [
          {
            "timeSet": 2,
            "dateRange": 1,
            "harmonicAverageSpeed": 3.04,
            "medianSpeed": 4.54,
            "averageSpeed": 6.84,
            "standardDeviationSpeed": 6.21,
            "travelTimeStandardDeviation": 25.21,
            "sampleSize": 472,
            "normalizedSampleSize": 0.2076,
            "averageTravelTime": 31.58,
            "medianTravelTime": 21.06,
            "travelTimeRatio": 1.0,
            "speedPercentiles": [
              1, 1, 1, 2, 2, 2, 2, 3, 4, 5, 5, 6, 9, 9, 9, 10, 15, 19, 19
            ]
          }
        ]
      }
    },
    {
      "type": "Feature",
      "geometry": {
        "type": "LineString",
        "coordinates": [
          [-73.97907, 40.76179],
          [-73.97877, 40.76218]
        ]
      },
      "properties": {
        "segmentId": 368400002062130,
        "newSegmentId": "f26066b7-333c-4916-bce1-0cc643793061",
        "speedLimit": 25,
        "frc": 6,
        "streetName": "Avenue of the Americas",
        "distance": 163.45,
        "segmentTimeResults": [
          {
            "timeSet": 2,
            "dateRange": 1,
            "harmonicAverageSpeed": 4.66,
            "medianSpeed": 9.32,
            "averageSpeed": 9.82,
            "standardDeviationSpeed": 7.08,
            "travelTimeStandardDeviation": 26.63,
            "sampleSize": 999,
            "normalizedSampleSize": 0.4393,
            "averageTravelTime": 24.05,
            "medianTravelTime": 11.96,
            "travelTimeRatio": 1.0,
            "speedPercentiles": [
              1, 2, 2, 3, 4, 4, 5, 6, 7, 9, 11, 11, 12, 14, 14, 16, 17, 19, 21
            ]
          }
        ]
      }
    },
    {
      "type": "Feature",
      "geometry": {
        "type": "LineString",
        "coordinates": [
          [-73.98813, 40.7595],
          [-73.98806, 40.75959]
        ]
      },
      "properties": {
        "segmentId": 368400002048323,
        "newSegmentId": "f63ceb11-dd9e-4946-92cd-29e35b3fddec",
        "speedLimit": 25,
        "frc": 4,
        "streetName": "8th Ave",
        "distance": 37.99,
        "segmentTimeResults": [
          {
            "timeSet": 2,
            "dateRange": 1,
            "harmonicAverageSpeed": 3.36,
            "medianSpeed": 7.46,
            "averageSpeed": 8.39,
            "standardDeviationSpeed": 6.03,
            "travelTimeStandardDeviation": 11.9,
            "sampleSize": 1149,
            "normalizedSampleSize": 0.5053,
            "averageTravelTime": 7.74,
            "medianTravelTime": 3.47,
            "travelTimeRatio": 1.0,
            "speedPercentiles": [
              1, 1, 2, 3, 4, 5, 5, 6, 7, 7, 8, 9, 10, 11, 12, 13, 14, 16, 19
            ]
          }
        ]
      }
    },
    {
      "type": "Feature",
      "geometry": {
        "type": "LineString",
        "coordinates": [
          [-73.9772, 40.76432],
          [-73.97695, 40.76467]
        ]
      },
      "properties": {
        "segmentId": 368400002023964,
        "newSegmentId": "fb400998-a5dd-453c-87b4-5eb446bce93f",
        "speedLimit": 25,
        "frc": 6,
        "streetName": "Avenue of the Americas",
        "distance": 145.11,
        "segmentTimeResults": [
          {
            "timeSet": 2,
            "dateRange": 1,
            "harmonicAverageSpeed": 6.09,
            "medianSpeed": 9.32,
            "averageSpeed": 9.76,
            "standardDeviationSpeed": 5.65,
            "travelTimeStandardDeviation": 14.46,
            "sampleSize": 1130,
            "normalizedSampleSize": 0.4969,
            "averageTravelTime": 16.34,
            "medianTravelTime": 10.62,
            "travelTimeRatio": 1.0,
            "speedPercentiles": [
              2, 3, 4, 4, 5, 6, 7, 7, 8, 9, 10, 11, 12, 12, 14, 15, 16, 17, 19
            ]
          }
        ]
      }
    },
    {
      "type": "Feature",
      "geometry": {
        "type": "LineString",
        "coordinates": [
          [-73.98139, 40.76792],
          [-73.98137, 40.76795],
          [-73.98136, 40.76805],
          [-73.98137, 40.76813],
          [-73.98141, 40.7682]
        ]
      },
      "properties": {
        "segmentId": 368400002025808,
        "newSegmentId": "fc9f80e6-c800-4388-ae27-03632a5605ef",
        "speedLimit": 25,
        "frc": 4,
        "streetName": "Columbus Cir",
        "distance": 103.67,
        "segmentTimeResults": [
          {
            "timeSet": 2,
            "dateRange": 1,
            "harmonicAverageSpeed": 11.68,
            "medianSpeed": 15.53,
            "averageSpeed": 15.53,
            "standardDeviationSpeed": 6.34,
            "travelTimeStandardDeviation": 7.02,
            "sampleSize": 1958,
            "normalizedSampleSize": 0.861,
            "averageTravelTime": 6.05,
            "medianTravelTime": 4.55,
            "travelTimeRatio": 1.0,
            "speedPercentiles": [
              5, 7, 9, 10, 11, 12, 14, 14, 15, 16, 16, 17, 18, 19, 19, 21, 22,
              24, 27
            ]
          }
        ]
      }
    }
  ]
}
